epoch,train_data_mse,train_total_loss,validation_rmse,monotonic_penalty,smoothness_penalty,residual_penalty,model,seed
0,0.030409567058086395,0.030409567058086395,0.30320958402654513,0.0,0.0,0.0,Physics-regularized MLP,77
1,0.03032679297029972,0.030326824635267258,0.3026345611426421,1.895864021328464e-10,1.1884957462626744e-09,0.0,Physics-regularized MLP,77
2,0.030225621536374092,0.03022572211921215,0.3018602857695938,9.72561586820575e-10,5.478010489667895e-09,0.0,Physics-regularized MLP,77
3,0.030102116987109184,0.030102284625172615,0.300864592065899,3.0017963670303516e-09,1.5091647043163903e-08,0.0,Physics-regularized MLP,77
4,0.029953310266137123,0.029953530058264732,0.2996157320981964,7.290845260854439e-09,3.39344126132346e-08,0.0,Physics-regularized MLP,77
5,0.029775965958833694,0.029776234179735184,0.2980764696819416,1.5309984391365106e-08,6.785428041666819e-08,0.0,Physics-regularized MLP,77
6,0.02956634946167469,0.029566699638962746,0.29620053824041637,2.8986693934029972e-08,1.2473697097448166e-07,0.0,Physics-regularized MLP,77
7,0.029319994151592255,0.02932053804397583,0.29392834231033826,5.0879862101282924e-08,2.1504044411813084e-07,0.0,Physics-regularized MLP,77
8,0.02903136983513832,0.029032321646809578,0.2911865193435849,8.429341846749594e-08,3.526004377363279e-07,0.0,Physics-regularized MLP,77
9,0.028693797066807747,0.02869553491473198,0.2878847227694946,1.3362586059884052e-07,5.563114200413111e-07,0.0,Physics-regularized MLP,77
10,0.02829933539032936,0.028302447870373726,0.2839119164169589,2.0492424823714828e-07,8.526656074536731e-07,0.0,Physics-regularized MLP,77
11,0.027838686481118202,0.02784404531121254,0.2791340226450362,3.0651574434159556e-07,1.2791207382178982e-06,0.0,Physics-regularized MLP,77
12,0.02730114385485649,0.027309957891702652,0.27339197869812437,4.499662225043721e-07,1.8887487840402173e-06,0.0,Physics-regularized MLP,77
13,0.026674462482333183,0.0266883447766304,0.26649843394139616,6.516706321235688e-07,2.7575160856940784e-06,0.0,Physics-regularized MLP,77
14,0.02594469115138054,0.025965722277760506,0.25823428590682634,9.354322401122772e-07,3.995955012214836e-06,0.0,Physics-regularized MLP,77
15,0.025096165016293526,0.025126956403255463,0.24835243328193465,1.335871957053314e-06,5.763256012869533e-06,0.0,Physics-regularized MLP,77
16,0.024112015962600708,0.024155830964446068,0.23659955350574952,1.9042579424422001e-06,8.290395271615125e-06,0.0,Physics-regularized MLP,77
17,0.022975482046604156,0.023036403581500053,0.22276038528779898,2.7169221539224964e-06,1.191845876746811e-05,0.0,Physics-regularized MLP,77
18,0.021672118455171585,0.021755311638116837,0.20673139017375233,3.888780156557914e-06,1.7152186046587303e-05,0.0,Physics-regularized MLP,77
19,0.02019358240067959,0.020305704325437546,0.1886303328751828,5.589116881310474e-06,2.4730708901188336e-05,0.0,Physics-regularized MLP,77
20,0.01854371838271618,0.018693510442972183,0.16892692708431647,8.057543709583115e-06,3.571308116079308e-05,0.0,Physics-regularized MLP,77
21,0.016747230663895607,0.016946224495768547,0.14855026052951917,1.1616450137807988e-05,5.155158578418195e-05,0.0,Physics-regularized MLP,77
22,0.014859631657600403,0.015122690238058567,0.12889917672142598,1.6649981262162328e-05,7.410468242596835e-05,0.0,Physics-regularized MLP,77
23,0.012974371202290058,0.013319911435246468,0.1116940232569586,2.3573269572807476e-05,0.00010554237815085799,0.0,Physics-regularized MLP,77
24,0.011219081468880177,0.011668718419969082,0.09865923801364399,3.2773408747743815e-05,0.000148099847137928,0.0,Physics-regularized MLP,77
25,0.009731482714414597,0.010308790020644665,0.09107087549875119,4.452044959180057e-05,0.00020345931989140809,0.0,Physics-regularized MLP,77
26,0.008616546168923378,0.009344249032437801,0.08916576760591188,5.8817691751755774e-05,0.0002719142066780478,0.0,Physics-regularized MLP,77
27,0.007906531915068626,0.008801150135695934,0.09178672389454708,7.513197488151491e-05,0.00035107991425320506,0.0,Physics-regularized MLP,77
28,0.007549204397946596,0.008612503297626972,0.09695270310001962,9.202933142660186e-05,0.00043412638478912413,0.0,Physics-regularized MLP,77
29,0.007433505728840828,0.008646481670439243,0.10285909754776393,0.00010742535232566297,0.0005107937031425536,0.0,Physics-regularized MLP,77
30,0.007433718536049128,0.008759934455156326,0.10832963082821183,0.0001195621516671963,0.0005718427710235119,0.0,Physics-regularized MLP,77
31,0.007443771697580814,0.008839928545057774,0.11271823950652711,0.00012775236973538995,0.0006128608365543187,0.0,Physics-regularized MLP,77
32,0.007391361519694328,0.008817791007459164,0.1156905648847203,0.00013235636288300157,0.000634749245364219,0.0,Physics-regularized MLP,77
33,0.00723758339881897,0.008665529079735279,0.1170795857737892,0.00013446145749185234,0.0006419332348741591,0.0,Physics-regularized MLP,77
34,0.006970927119255066,0.008386222645640373,0.11681717932157819,0.00013553383178077638,0.0006401629070751369,0.0,Physics-regularized MLP,77
35,0.006600574124604464,0.0080010537058115,0.1149065194869856,0.00013671588385477662,0.000634741154499352,0.0,Physics-regularized MLP,77
36,0.006151005160063505,0.007542555220425129,0.11141444507140248,0.00013870363181922585,0.000629541405942291,0.0,Physics-regularized MLP,77
37,0.0056574284099042416,0.0070501817390322685,0.10647609248174082,0.00014178466517478228,0.0006266797427088022,0.0,Physics-regularized MLP,77
38,0.005161169450730085,0.006565063260495663,0.10030656274860511,0.00014575838577002287,0.0006266441778279841,0.0,Physics-regularized MLP,77
39,0.0047041489742696285,0.006126889958977699,0.09321181475026942,0.00015022877778392285,0.0006286921561695635,0.0,Physics-regularized MLP,77
40,0.0043225339613854885,0.005768673960119486,0.08558830385928182,0.00015473723760806024,0.000631269533187151,0.0,Physics-regularized MLP,77
41,0.004039909690618515,0.005508563946932554,0.07790302391713631,0.00015858749975450337,0.0006325019639916718,0.0,Physics-regularized MLP,77
42,0.0038619316183030605,0.005347053986042738,0.07064717829656855,0.00016116350889205933,0.0006307096919044852,0.0,Physics-regularized MLP,77
43,0.003774855984374881,0.005265253130346537,0.06426067592305025,0.00016189392772503197,0.0006248141871765256,0.0,Physics-regularized MLP,77
44,0.003749195020645857,0.0052313716150820255,0.05905270242603435,0.00016059337940532714,0.0006146610830910504,0.0,Physics-regularized MLP,77
45,0.003748216200619936,0.005209474358707666,0.055148613832734686,0.0001574849447933957,0.000600820523686707,0.0,Physics-regularized MLP,77
46,0.0037375285755842924,0.005167314782738686,0.052508049536557216,0.0001529634464532137,0.0005843098042532802,0.0,Physics-regularized MLP,77
47,0.003692629048600793,0.005082901567220688,0.051011124583268244,0.000147454600664787,0.000566264905501157,0.0,Physics-regularized MLP,77
48,0.0036024670116603374,0.004947850480675697,0.050556379597199844,0.00014137511607259512,0.0005477220984175801,0.0,Physics-regularized MLP,77
49,0.0034691046457737684,0.0047664032317698,0.05109444194144348,0.00013505120296031237,0.0005294144502840936,0.0,Physics-regularized MLP,77
50,0.00330479652620852,0.004552296828478575,0.05258673513448236,0.0001286941987928003,0.0005117503460496664,0.0,Physics-regularized MLP,77
51,0.0031277439557015896,0.004324665758758783,0.05493276806839952,0.00012242388038430363,0.0004948501009494066,0.0,Physics-regularized MLP,77
52,0.002957381308078766,0.004103534389287233,0.057924206285328836,0.00011630123481154442,0.00047861269558779895,0.0,Physics-regularized MLP,77
53,0.002809869358316064,0.003905744291841984,0.06125374371414802,0.00011038768570870161,0.00046281295362859964,0.0,Physics-regularized MLP,77
54,0.0026946025900542736,0.003741348395124078,0.06456642235508718,0.00010473508154973388,0.00044720814912579954,0.0,Physics-regularized MLP,77
55,0.0026125027798116207,0.0036121897865086794,0.06751759152526908,9.942596079781651e-05,0.00043158058542758226,0.0,Physics-regularized MLP,77
56,0.0025565738324075937,0.0035121936816722155,0.0698218878777137,9.454238170292228e-05,0.00041581905679777265,0.0,Physics-regularized MLP,77
57,0.002514746505767107,0.003429899923503399,0.07127956758262989,9.013028466142714e-05,0.0003999163454864174,0.0,Physics-regularized MLP,77
58,0.0024738272186368704,0.003352509578689933,0.07178408402954439,8.621264714747667e-05,0.000383980106562376,0.0,Physics-regularized MLP,77
59,0.0024232356809079647,0.003269685199484229,0.07131773881408497,8.27975309221074e-05,0.00036822620313614607,0.0,Physics-regularized MLP,77
60,0.00235739815980196,0.003175918012857437,0.0699404769000553,7.987464778125286e-05,0.0003529596433509141,0.0,Physics-regularized MLP,77
61,0.0022762881126254797,0.003071064595133066,0.0677748587896293,7.74153959355317e-05,0.00033852094202302396,0.0,Physics-regularized MLP,77
62,0.0021842769347131252,0.0029593610670417547,0.064990777773631,7.539318175986409e-05,0.0003252476453781128,0.0,Physics-regularized MLP,77
63,0.002088085049763322,0.0028472316917032003,0.06178885308366575,7.376623398158699e-05,0.0003134114376734942,0.0,Physics-regularized MLP,77
64,0.0019945150706917048,0.002741029253229499,0.05838219678353243,7.247886969707906e-05,0.00030317186610773206,0.0,Physics-regularized MLP,77
65,0.001908590318635106,0.0026452182792127132,0.05497691725716316,7.146655843826011e-05,0.0002945542219094932,0.0,Physics-regularized MLP,77
66,0.0018325180280953646,0.0025613787584006786,0.05175447903101007,7.065912359394133e-05,0.00028745780582539737,0.0,Physics-regularized MLP,77
67,0.0017656056443229318,0.0024881165008991957,0.04885895471038331,6.997880700509995e-05,0.00028168901917524636,0.0,Physics-regularized MLP,77
68,0.001705004833638668,0.0024219388142228127,0.046392455499175665,6.935415149200708e-05,0.000277007173281163,0.0,Physics-regularized MLP,77
69,0.0016469372203573585,0.002358535770326853,0.044419123840140996,6.872629455756396e-05,0.000273166224360466,0.0,Physics-regularized MLP,77
70,0.001588007784448564,0.002294116420671344,0.042973898720045915,6.805187149439007e-05,0.00026994681684300303,0.0,Physics-regularized MLP,77
71,0.001526223961263895,0.0022263985592871904,0.04206905565226251,6.730035238433629e-05,0.0002671632100827992,0.0,Physics-regularized MLP,77
72,0.0014614814426749945,0.0021550762467086315,0.04169228521812807,6.645316170761362e-05,0.0002646614739205688,0.0,Physics-regularized MLP,77
73,0.0013954243622720242,0.0020816451869904995,0.041796590512189896,6.550026591867208e-05,0.00026231235824525356,0.0,Physics-regularized MLP,77
74,0.0013307880144566298,0.0020087743178009987,0.04229005940446407,6.444338941946626e-05,0.00025999805075116456,0.0,Physics-regularized MLP,77
75,0.0012704366818070412,0.0019392924150452018,0.04303383233266518,6.328857853077352e-05,0.00025759474374353886,0.0,Physics-regularized MLP,77
76,0.00121639936696738,0.001875226036645472,0.04385398806284902,6.204457895364612e-05,0.0002549656783230603,0.0,Physics-regularized MLP,77
77,0.0011692207772284746,0.0018171605188399553,0.044564831456866696,6.0722173657268286e-05,0.00025196708156727254,0.0,Physics-regularized MLP,77
78,0.0011278425808995962,0.0017641265876591206,0.044996091446080425,5.9333360695745796e-05,0.0002484633878339082,0.0,Physics-regularized MLP,77
79,0.0010900588240474463,0.0017140571726486087,0.04501680005905712,5.789218266727403e-05,0.00024435503291897476,0.0,Physics-regularized MLP,77
80,0.0010533514432609081,0.0016646247822791338,0.044551357949557634,5.6416374718537554e-05,0.00023961017723195255,0.0,Physics-regularized MLP,77
81,0.0010157652432098985,0.0016141014639288187,0.04358605187820385,5.4928641475271434e-05,0.00023428525310009718,0.0,Physics-regularized MLP,77
82,0.0009764694259501994,0.0015618631150573492,0.042167527605958766,5.3452400607056916e-05,0.00022852752590551972,0.0,Physics-regularized MLP,77
83,0.0009358438546769321,0.001508453511632979,0.04039413609821877,5.201136809773743e-05,0.00022255090880207717,0.0,Physics-regularized MLP,77
84,0.0008951046620495617,0.0014551571803167462,0.03840158710824687,5.062343552708626e-05,0.0002165940240956843,0.0,Physics-regularized MLP,77
85,0.0008556789252907038,0.0014033749466761947,0.03634515915430338,4.929911665385589e-05,0.00021087453933432698,0.0,Physics-regularized MLP,77
86,0.0008186260820366442,0.0013540557119995356,0.03438013767190769,4.8039302782854065e-05,0.00020555184164550155,0.0,Physics-regularized MLP,77
87,0.0007843031780794263,0.0013073703739792109,0.03264304723512672,4.683195584220812e-05,0.0002007047296501696,0.0,Physics-regularized MLP,77
88,0.0007523823878727853,0.0012628129916265607,0.03123629444548409,4.565881681628525e-05,0.00019633407646324486,0.0,Physics-regularized MLP,77
89,0.0007221496780402958,0.0012195345479995012,0.030218346328946055,4.449758125701919e-05,0.00019237343803979456,0.0,Physics-regularized MLP,77
90,0.0006929016672074795,0.001176756457425654,0.02959994082452503,4.332462413003668e-05,0.0001887125545181334,0.0,Physics-regularized MLP,77
91,0.0006642643129453063,0.001134130754508078,0.029344926608026234,4.212278872728348e-05,0.0001852215500548482,0.0,Physics-regularized MLP,77
92,0.0006362937856465578,0.0010918148327618837,0.029377436142138492,4.088232162757777e-05,0.00018177351739723235,0.0,Physics-regularized MLP,77
93,0.000609370123129338,0.0010502886725589633,0.02959195584291052,3.959645255235955e-05,0.00017825390386860818,0.0,Physics-regularized MLP,77
94,0.0005839391378685832,0.0010100853396579623,0.02986712297094091,3.826324245892465e-05,0.00017457205103710294,0.0,Physics-regularized MLP,77
95,0.0005602496094070375,0.0009715348714962602,0.0300819712275907,3.688727520057e-05,0.00017067042062990367,0.0,Physics-regularized MLP,77
96,0.0005382130621001124,0.0009346295846626163,0.030132449929981382,3.547874075593427e-05,0.0001665314193814993,0.0,Physics-regularized MLP,77
97,0.0005174377583898604,0.0008990894421003759,0.029945791448118868,3.405399911571294e-05,0.00016218237578868866,0.0,Physics-regularized MLP,77
98,0.0004974049516022205,0.0008645536145195365,0.029490222297017695,3.263465259806253e-05,0.00015769452147651464,0.0,Physics-regularized MLP,77
99,0.00047768370131962,0.0008308121468871832,0.028779139049072675,3.124722934444435e-05,0.00015317951329052448,0.0,Physics-regularized MLP,77
100,0.00045807965216226876,0.0007979257497936487,0.027868788272293915,2.9920567612862214e-05,0.00014877578360028565,0.0,Physics-regularized MLP,77
101,0.00043865450425073504,0.0007662258576601744,0.026849414403080824,2.8685195502475835e-05,0.00014462934632319957,0.0,Physics-regularized MLP,77
102,0.0004196312220301479,0.0007361140451394022,0.025829192085068547,2.756293361017015e-05,0.00014086870942264795,0.0,Physics-regularized MLP,77
103,0.0004012145509477705,0.0007078444468788803,0.02491457605991455,2.6563840947346762e-05,0.0001375836436636746,0.0,Physics-regularized MLP,77
104,0.0003834762901533395,0.0006814154330641031,0.024190393120832487,2.568678610259667e-05,0.00013481367204803973,0.0,Physics-regularized MLP,77
105,0.00036635081050917506,0.0006565878284163773,0.023704861533313342,2.492066050763242e-05,0.00013254728401079774,0.0,Physics-regularized MLP,77
106,0.0003497403231449425,0.0006330340984277427,0.02346414055317536,2.424677586532198e-05,0.0001307283528149128,0.0,Physics-regularized MLP,77
107,0.00033364459522999823,0.0006105350912548602,0.02343564845758653,2.3644994143978693e-05,0.00012927167699672282,0.0,Physics-regularized MLP,77
108,0.00031822544406168163,0.0005890599568374455,0.02355716253241275,2.3094165953807533e-05,0.00012807993334718049,0.0,Physics-regularized MLP,77
109,0.0003037716669496149,0.000568764575291425,0.023749023363697004,2.25763360504061e-05,0.0001270544162252918,0.0,Physics-regularized MLP,77
110,0.0002905769506469369,0.0005498693790286779,0.023927746906110648,2.2078527763369493e-05,0.0001261001016246155,0.0,Physics-regularized MLP,77
111,0.00027880232664756477,0.0005324931116774678,0.024020594674831273,2.159116411348805e-05,0.00012513354886323214,0.0,Physics-regularized MLP,77
112,0.0002684153732843697,0.000516583095304668,0.023979350862298264,2.1108135115355253e-05,0.00012408797920215875,0.0,Physics-regularized MLP,77
113,0.00025923456996679306,0.0005019372911192477,0.023790385110854007,2.0625295292120427e-05,0.00012291772873140872,0.0,Physics-regularized MLP,77
114,0.00025103488587774336,0.0004883239744231105,0.023477125942590465,2.0141749700997025e-05,0.00012160650658188388,0.0,Physics-regularized MLP,77
115,0.00024365786521229893,0.00047557358630001545,0.023093123675013535,1.965717092389241e-05,0.000120163218525704,0.0,Physics-regularized MLP,77
116,0.00023703908664174378,0.00046362465946003795,0.022706463730484343,1.9173490727553144e-05,0.00011861305392812937,0.0,Physics-regularized MLP,77
117,0.00023116324155125767,0.00045246409717947245,0.022380945567217994,1.8692388039198704e-05,0.00011699112656060606,0.0,Physics-regularized MLP,77
118,0.00022597736096940935,0.0004420848563313484,0.02215889443562802,1.8220387573819607e-05,0.00011533959332155064,0.0,Physics-regularized MLP,77
119,0.00022134835307952017,0.0004324059118516743,0.022053232404144408,1.7764286894816905e-05,0.00011369994899723679,0.0,Physics-regularized MLP,77
120,0.00021709772408939898,0.0004232918145135045,0.022050512977840053,1.7329703041468747e-05,0.00011210348748136312,0.0,Physics-regularized MLP,77
121,0.00021308155555743724,0.00041461506043560803,0.022121373857512863,1.691896795819048e-05,0.00011056706716772169,0.0,Physics-regularized MLP,77
122,0.00020925833086948842,0.000406320410547778,0.02223040352719448,1.6530761058675125e-05,0.00010909021511906758,0.0,Physics-regularized MLP,77
123,0.000205682881642133,0.0003984315844718367,0.02234149224330158,1.6161706298589706e-05,0.00010766043851617724,0.0,Physics-regularized MLP,77
124,0.00020244269398972392,0.0003909927618224174,0.02242083182383781,1.5806645023985766e-05,0.00010625869617797434,0.0,Physics-regularized MLP,77
125,0.00019958500342909247,0.0003840073477476835,0.022441140033016053,1.546018393128179e-05,0.00010486197425052524,0.0,Physics-regularized MLP,77
126,0.00019707051978912205,0.000377412885427475,0.022387404944347454,1.5118954252102412e-05,0.00010345464397687465,0.0,Physics-regularized MLP,77
127,0.00019480167247820646,0.00037110739503987134,0.02226107241282491,1.4781515346840024e-05,0.0001020315830828622,0.0,Physics-regularized MLP,77
128,0.0001926840777741745,0.00036501040449365973,0.022079241052187188,1.4448441106651444e-05,0.00010059805208584294,0.0,Physics-regularized MLP,77
129,0.00019066670211032033,0.00035910040605813265,0.021867775948233203,1.412208985129837e-05,9.916829003486782e-05,0.0,Physics-regularized MLP,77
130,0.00018873586668632925,0.00035339733585715294,0.02165119539695723,1.380568301101448e-05,9.775954822544008e-05,0.0,Physics-regularized MLP,77
131,0.00018688100681174546,0.0003479183651506901,0.021444395238727553,1.3501969078788534e-05,9.638749179430306e-05,0.0,Physics-regularized MLP,77
132,0.00018506625201553106,0.00034264413989149034,0.021250464727074404,1.321285071753664e-05,9.506201604381204e-05,0.0,Physics-regularized MLP,77
133,0.00018323470430914313,0.00033752425224520266,0.021064405289800355,1.2939215594087727e-05,9.378736285725608e-05,0.0,Physics-regularized MLP,77
134,0.00018134077254217118,0.0003325084981042892,0.02087925753306853,1.2680868167080916e-05,9.256161865778267e-05,0.0,Physics-regularized MLP,77
135,0.0001793778210412711,0.00032758188899606466,0.020690252636590245,1.243721544597065e-05,9.137917368207127e-05,0.0,Physics-regularized MLP,77
136,0.00017738043970894068,0.0003227647684980184,0.020495666585607326,1.2207015060994308e-05,9.022961603477597e-05,0.0,Physics-regularized MLP,77
137,0.00017539750842843205,0.0003180834755767137,0.020295796294882925,1.1988013284280896e-05,8.910057658795267e-05,0.0,Physics-regularized MLP,77
138,0.00017346384993288666,0.0003135465085506439,0.020093140679870173,1.177752528747078e-05,8.797756163403392e-05,0.0,Physics-regularized MLP,77
139,0.00017159678100142628,0.0003091442340519279,0.01989173075304259,1.1572870789677836e-05,8.684440399520099e-05,0.0,Physics-regularized MLP,77
140,0.00016980069631244987,0.00030485232127830386,0.01969653466759194,1.1370990250725299e-05,8.568938937969506e-05,0.0,Physics-regularized MLP,77
141,0.00016808172222226858,0.0003006589540746063,0.019511875586552388,1.1170122888870537e-05,8.45082031446509e-05,0.0,Physics-regularized MLP,77
142,0.0001664523151703179,0.0002965783642139286,0.01933882591199041,1.0970452422043309e-05,8.330733544426039e-05,0.0,Physics-regularized MLP,77
143,0.0001649199693929404,0.00029263232136145234,0.019173516233123782,1.077360866474919e-05,8.209962106775492e-05,0.0,Physics-regularized MLP,77
144,0.00016347478958778083,0.0002888325834646821,0.019007972355065354,1.0581950846244581e-05,8.09012635727413e-05,0.0,Physics-regularized MLP,77
145,0.00016208793385885656,0.000285173999145627,0.018833663791529894,1.0397911864856724e-05,7.972781895659864e-05,0.0,Physics-regularized MLP,77
146,0.00016072600556071848,0.0002816423657350242,0.018645390336666533,1.022341166390106e-05,7.859177276259288e-05,0.0,Physics-regularized MLP,77
147,0.00015936708950903267,0.000278230058029294,0.01844335710508734,1.005978265311569e-05,7.75014195824042e-05,0.0,Physics-regularized MLP,77
148,0.00015800792607478797,0.00027493975358083844,0.01823257135274794,9.907416824717075e-06,7.646013546036556e-05,0.0,Physics-regularized MLP,77
149,0.00015665676619391888,0.00027177896117791533,0.01802055155376107,9.766102266439702e-06,7.546801498392597e-05,0.0,Physics-regularized MLP,77
150,0.00015532385441474617,0.0002687505620997399,0.017814870665353453,9.634897651267238e-06,7.452241698047146e-05,0.0,Physics-regularized MLP,77
151,0.0001540150260552764,0.00026584730949252844,0.01762160909698673,9.512359611107968e-06,7.361751340795308e-05,0.0,Physics-regularized MLP,77
152,0.0001527338317828253,0.0002630564267747104,0.0174444333319184,9.39677374844905e-06,7.274771633092314e-05,0.0,Physics-regularized MLP,77
153,0.0001514859322924167,0.0002603707544039935,0.01728397361298017,9.286810382036492e-06,7.19097297405824e-05,0.0,Physics-regularized MLP,77
154,0.00015027968038339168,0.0002577889827080071,0.017137617366769373,9.181511813949328e-06,7.110167643986642e-05,0.0,Physics-regularized MLP,77
155,0.0001491210568929091,0.0002553124213591218,0.01699991920384936,9.080504241865128e-06,7.032373105175793e-05,0.0,Physics-regularized MLP,77
156,0.00014800943608861417,0.0002529388584662229,0.016864129886509795,8.983777661342174e-06,6.957713776500896e-05,0.0,Physics-regularized MLP,77
157,0.00014693726552650332,0.0002506616001483053,0.016724477697874458,8.891531251720153e-06,6.886372284498066e-05,0.0,Physics-regularized MLP,77
158,0.00014589472266379744,0.0002484707802068442,0.01657806426960943,8.804002391116228e-06,6.81843375787139e-05,0.0,Physics-regularized MLP,77
159,0.00014487620501313359,0.0002463605778757483,0.016425621320249814,8.721127414901275e-06,6.75381816108711e-05,0.0,Physics-regularized MLP,77
160,0.0001438819308532402,0.0002443266857881099,0.01627075665817519,8.64261710376013e-06,6.692306487821043e-05,0.0,Physics-regularized MLP,77
161,0.00014291600382421166,0.00024236859462689608,0.01611829809637541,8.5679102994618e-06,6.633541488554329e-05,0.0,Physics-regularized MLP,77
162,0.00014198219287209213,0.00024048160412348807,0.015972583419226076,8.496172995364759e-06,6.577052408829331e-05,0.0,Physics-regularized MLP,77
163,0.00014108217146713287,0.00023866073752287775,0.015836227654810953,8.426649401371833e-06,6.522431795019656e-05,0.0,Physics-regularized MLP,77
164,0.0001402161578880623,0.00023689844238106161,0.015709541201193698,8.358575541933533e-06,6.46927728666924e-05,0.0,Physics-regularized MLP,77
165,0.00013938435586169362,0.00023519090609624982,0.015590581854016048,8.29153668746585e-06,6.417375698219985e-05,0.0,Physics-regularized MLP,77
166,0.00013858749298378825,0.00023353559663519263,0.015475716698833663,8.2252836364205e-06,6.366594607243314e-05,0.0,Physics-regularized MLP,77
167,0.00013782568566966802,0.00023193102970253676,0.015360607900608145,8.159709977917373e-06,6.316916551440954e-05,0.0,Physics-regularized MLP,77
168,0.00013709739141631871,0.000230373814702034,0.015241547380149658,8.094790246104822e-06,6.268302968237549e-05,0.0,Physics-regularized MLP,77
169,0.0001363996125292033,0.00022886102669872344,0.015116621045809632,8.030550816329196e-06,6.22077495791018e-05,0.0,Physics-regularized MLP,77
170,0.00013572885654866695,0.0002273884747410193,0.014986366777191222,7.967053534230217e-06,6.174305599415675e-05,0.0,Physics-regularized MLP,77
171,0.00013508331903722137,0.00022595403424929827,0.014853631748971958,7.904309313744307e-06,6.128844688646495e-05,0.0,Physics-regularized MLP,77
172,0.0001344622578471899,0.00022455703583545983,0.0147226638528243,7.84236726758536e-06,6.0843485698569566e-05,0.0,Physics-regularized MLP,77
173,0.00013386522186920047,0.00022319539857562631,0.014597781331621483,7.781120984873269e-06,6.0406695411074907e-05,0.0,Physics-regularized MLP,77
174,0.000133290741359815,0.00022186970454640687,0.014481898671812963,7.7207578215166e-06,5.9977573982905596e-05,0.0,Physics-regularized MLP,77
175,0.00013273472723085433,0.00022057743626646698,0.014376288294238516,7.661536074010655e-06,5.955635424470529e-05,0.0,Physics-regularized MLP,77
176,0.00013219252286944538,0.00021931661467533559,0.014280441877740885,7.6037426879338454e-06,5.914385837968439e-05,0.0,Physics-regularized MLP,77
177,0.00013166105782147497,0.00021808531892020255,0.014192274987735055,7.547532732132822e-06,5.874039197806269e-05,0.0,Physics-regularized MLP,77
178,0.0001311383384745568,0.0002168830542359501,0.014108780961829315,7.4931153903889935e-06,5.8346828154753894e-05,0.0,Physics-regularized MLP,77
179,0.0001306237536482513,0.0002157079870812595,0.014026856077133582,7.440409262926551e-06,5.7962512073572725e-05,0.0,Physics-regularized MLP,77
180,0.0001301177399000153,0.0002145592588931322,0.013944158205777376,7.389265192614403e-06,5.758717088610865e-05,0.0,Physics-regularized MLP,77
181,0.00012962165055796504,0.0002134352980647236,0.013859708122257128,7.339424882957246e-06,5.7219727750634775e-05,0.0,Physics-regularized MLP,77
182,0.00012913734826724976,0.00021233438747003675,0.01377400871199015,7.290514986380003e-06,5.685856012860313e-05,0.0,Physics-regularized MLP,77
183,0.0001286673650611192,0.00021125611965544522,0.013688729532327387,7.24218443792779e-06,5.650202729157172e-05,0.0,Physics-regularized MLP,77
184,0.0001282135199289769,0.00021019927226006985,0.013606048711505156,7.194114004960284e-06,5.614865222014487e-05,0.0,Physics-regularized MLP,77
185,0.0001277767587453127,0.00020916378707624972,0.013527916937428913,7.146172720240429e-06,5.579779826803133e-05,0.0,Physics-regularized MLP,77
186,0.00012735651398543268,0.0002081478014588356,0.013455427937473974,7.098225978552364e-06,5.5448377679567784e-05,0.0,Physics-regularized MLP,77
187,0.00012695090845227242,0.0002071513736154884,0.013388537504327395,7.0504520408576354e-06,5.5101289035519585e-05,0.0,Physics-regularized MLP,77
188,0.00012655704631470144,0.00020617290283553302,0.013326066019456033,7.0030127972131595e-06,5.475668149301782e-05,0.0,Physics-regularized MLP,77
189,0.00012617175525519997,0.00020521300029940903,0.013266076354672132,6.9562547651003115e-06,5.441636312752962e-05,0.0,Physics-regularized MLP,77
190,0.00012579197937157005,0.00020427029812708497,0.013206431247166552,6.910415777383605e-06,5.4081079724710435e-05,0.0,Physics-regularized MLP,77
191,0.00012541544856503606,0.00020334446162451059,0.013145388660092109,6.865677278256044e-06,5.3751915402244776e-05,0.0,Physics-regularized MLP,77
192,0.00012504079495556653,0.00020243566541466862,0.013082074215142962,6.822189789090771e-06,5.342970689525828e-05,0.0,Physics-regularized MLP,77
193,0.00012466777116060257,0.0002015425416175276,0.013016628043266363,6.779878276574891e-06,5.311410131980665e-05,0.0,Physics-regularized MLP,77
194,0.00012429719208739698,0.00020066487195435911,0.012950066833392386,6.738608135492541e-06,5.2804847655352205e-05,0.0,Physics-regularized MLP,77
195,0.0001239307748619467,0.00019980255456175655,0.01288384734413591,6.698161541862646e-06,5.250097456155345e-05,0.0,Physics-regularized MLP,77
196,0.00012356950901448727,0.00019895477453246713,0.012819392183020178,6.658373422396835e-06,5.220185994403437e-05,0.0,Physics-regularized MLP,77
197,0.00012321454414632171,0.00019812144455499947,0.012757693680562086,6.619107807637192e-06,5.190674710320309e-05,0.0,Physics-regularized MLP,77
198,0.00012286605488043278,0.00019730240455828607,0.012699018909362775,6.580308763659559e-06,5.16152722411789e-05,0.0,Physics-regularized MLP,77
199,0.00012252360465936363,0.00019649633031804115,0.012642848291137345,6.541959919559304e-06,5.132717342348769e-05,0.0,Physics-regularized MLP,77
200,0.00012218648043926805,0.0001957034837687388,0.012588082508876787,6.504141765617533e-06,5.104237061459571e-05,0.0,Physics-regularized MLP,77
201,0.00012185349623905495,0.0001949235302163288,0.012533386843095589,6.4669893617974594e-06,5.076125671621412e-05,0.0,Physics-regularized MLP,77
202,0.00012152382987551391,0.0001941563532454893,0.012477589612435808,6.430606390495086e-06,5.0484115490689874e-05,0.0,Physics-regularized MLP,77
203,0.00012119649909436703,0.00019340048311278224,0.012419956009564897,6.3950055846362375e-06,5.0210528570460156e-05,0.0,Physics-regularized MLP,77
204,0.00012087167851859704,0.00019265696755610406,0.012360316127386639,6.360248335113283e-06,4.994089249521494e-05,0.0,Physics-regularized MLP,77
205,0.00012054961553076282,0.00019192472973372787,0.012299132985623708,6.326255061139818e-06,4.9674730689730495e-05,0.0,Physics-regularized MLP,77
206,0.00012023109593428671,0.00019120355136692524,0.012237294353778773,6.2929057094152085e-06,4.941143561154604e-05,0.0,Physics-regularized MLP,77
207,0.00011991757492069155,0.00019049305410590023,0.01217581154178092,6.260016562009696e-06,4.915023237117566e-05,0.0,Physics-regularized MLP,77
208,0.0001196103185066022,0.0001897930196719244,0.012115555986401755,6.2274511947180144e-06,4.8890615289565176e-05,0.0,Physics-regularized MLP,77
209,0.00011931016342714429,0.0001891035062726587,0.012057001108116307,6.1950959207024425e-06,4.863232243224047e-05,0.0,Physics-regularized MLP,77
210,0.00011901737161679193,0.0001884237863123417,0.012000192417229423,6.1628734329133295e-06,4.837509914068505e-05,0.0,Physics-regularized MLP,77
211,0.00011873192124767229,0.00018775384523905814,0.011944799708714055,6.130774181656307e-06,4.811937105841935e-05,0.0,Physics-regularized MLP,77
212,0.00011845287372125313,0.00018709343567024916,0.011890328155803995,6.09885773883434e-06,4.786520730704069e-05,0.0,Physics-regularized MLP,77
213,0.00011817930499091744,0.00018644222291186452,0.01183623724166826,6.067227332096081e-06,4.7613510105293244e-05,0.0,Physics-regularized MLP,77
214,0.0001179099126602523,0.0001858004688983783,0.011782259878806269,6.03600619797362e-06,4.736503979074769e-05,0.0,Physics-regularized MLP,77
215,0.00011764359805965796,0.00018516744603402913,0.011728384607204233,6.005247541907011e-06,4.711989822681062e-05,0.0,Physics-regularized MLP,77
216,0.00011737951717805117,0.0001845433289417997,0.011674909493483671,5.97508324062801e-06,4.687882392317988e-05,0.0,Physics-regularized MLP,77
217,0.00011711732076946646,0.0001839276374084875,0.011622301457664967,5.945497832726687e-06,4.664163861889392e-05,0.0,Physics-regularized MLP,77
218,0.0001168567905551754,0.00018332024046685547,0.011571086700763246,5.916488134971587e-06,4.640830593416467e-05,0.0,Physics-regularized MLP,77
219,0.00011659837036859244,0.0001827207743190229,0.01152165071224603,5.887986844754778e-06,4.617850572685711e-05,0.0,Physics-regularized MLP,77
220,0.00011634246038738638,0.00018212958821095526,0.011474133796170263,5.859978045918979e-06,4.595187783706933e-05,0.0,Physics-regularized MLP,77
221,0.0001160895117209293,0.00018154631834477186,0.01142845802557786,5.832388069393346e-06,4.572833131533116e-05,0.0,Physics-regularized MLP,77
222,0.00011583990271901712,0.0001809706591302529,0.011384291492398555,5.805149612569949e-06,4.550754965748638e-05,0.0,Physics-regularized MLP,77
223,0.00011559387348825112,0.0001804024213925004,0.011341242527827814,5.778229024144821e-06,4.528920544544235e-05,0.0,Physics-regularized MLP,77
224,0.00011535136582097039,0.000179841517820023,0.011298941405197467,5.751609023718629e-06,4.5073466026224196e-05,0.0,Physics-regularized MLP,77
225,0.00011511208867887035,0.00017928803572431207,0.011257134789432749,5.725350547436392e-06,4.486046600504778e-05,0.0,Physics-regularized MLP,77
226,0.0001148757801274769,0.00017874148034024984,0.01121579707159475,5.6994217629835475e-06,4.4650074414676055e-05,0.0,Physics-regularized MLP,77
227,0.00011464217823231593,0.00017820208449847996,0.01117508711291722,5.673874511558097e-06,4.4442738726502284e-05,0.0,Physics-regularized MLP,77
228,0.00011441069364082068,0.00017766922246664762,0.011135261406422377,5.648717888107058e-06,4.423817154020071e-05,0.0,Physics-regularized MLP,77
229,0.00011418123176554218,0.0001771433453541249,0.011096651421297506,5.624000095849624e-06,4.403691491461359e-05,0.0,Physics-regularized MLP,77
230,0.00011395360343158245,0.00017662376922089607,0.011059479102543849,5.599669748335145e-06,4.3838379497174174e-05,0.0,Physics-regularized MLP,77
231,0.00011372802691766992,0.0001761110470397398,0.011023848756731519,5.575752766162623e-06,4.3642961827572435e-05,0.0,Physics-regularized MLP,77
232,0.00011350437125656754,0.0001756041747285053,0.010989698912829051,5.5521741160191596e-06,4.345014531281777e-05,0.0,Physics-regularized MLP,77
233,0.00011328298569424078,0.00017510367615614086,0.010956852831446099,5.528926976694493e-06,4.326012640376575e-05,0.0,Physics-regularized MLP,77
234,0.00011306387023068964,0.00017460930394008756,0.010925053881581144,5.50600543647306e-06,4.3072577682323754e-05,0.0,Physics-regularized MLP,77
235,0.00011284730135230348,0.00017412088345736265,0.01089409450732794,5.483348104462493e-06,4.2887430026894435e-05,0.0,Physics-regularized MLP,77
236,0.0001126331408158876,0.00017363831284455955,0.010863784983343332,5.460987267724704e-06,4.2704748921096325e-05,0.0,Physics-regularized MLP,77
237,0.00011242149048484862,0.00017316149023827165,0.010834086439484221,5.438868811324937e-06,4.252438884577714e-05,0.0,Physics-regularized MLP,77
238,0.00011221216846024618,0.00017269011004827917,0.010805028492382525,5.417008651420474e-06,4.234618245391175e-05,0.0,Physics-regularized MLP,77
239,0.00011200504377484322,0.00017222421593032777,0.010776718272853862,5.395428615884157e-06,4.21703043684829e-05,0.0,Physics-regularized MLP,77
240,0.0001117998399422504,0.00017176370602101088,0.010749259159951504,5.374132797442144e-06,4.199652903480455e-05,0.0,Physics-regularized MLP,77
241,0.0001115965933422558,0.00017130871128756553,0.010722717405385407,5.353143933461979e-06,4.182513657724485e-05,0.0,Physics-regularized MLP,77
242,0.00011139499838463962,0.00017085907165892422,0.010697086574108717,5.33246566192247e-06,4.1655894165160134e-05,0.0,Physics-regularized MLP,77
243,0.00011119499686174095,0.00017041432147379965,0.010672275737563616,5.312069788487861e-06,4.148884181631729e-05,0.0,Physics-regularized MLP,77
244,0.00011099655966972932,0.0001699744025245309,0.010648165241634212,5.291947672958486e-06,4.132377580390312e-05,0.0,Physics-regularized MLP,77
245,0.00011079964315285906,0.00016953988233581185,0.01062460714005722,5.2721743486472405e-06,4.11611472372897e-05,0.0,Physics-regularized MLP,77
246,0.00011060437100240961,0.00016911000420805067,0.010601518983402876,5.252630217000842e-06,4.1000344936037436e-05,0.0,Physics-regularized MLP,77
247,0.00011041072139050812,0.0001686847535893321,0.010578842636006155,5.233354386291467e-06,4.084179818164557e-05,0.0,Physics-regularized MLP,77
248,0.00011021886894013733,0.0001682643051026389,0.010556616591784375,5.214320935920114e-06,4.0685132262296975e-05,0.0,Physics-regularized MLP,77
249,0.0001100287918234244,0.00016784825129434466,0.010534915183538218,5.19549757882487e-06,4.0530358091928065e-05,0.0,Physics-regularized MLP,77
250,0.00010984055552398786,0.0001674369996180758,0.010513827818927245,5.176913873583544e-06,4.037759572383948e-05,0.0,Physics-regularized MLP,77
251,0.00010965426190523431,0.0001670299971010536,0.010493425111510052,5.158512067282572e-06,4.022654320579022e-05,0.0,Physics-regularized MLP,77
252,0.00010946959810098633,0.00016662738926243037,0.010473744060018907,5.140336725162342e-06,4.007737879874185e-05,0.0,Physics-regularized MLP,77
253,0.00010928666597465053,0.00016622900147922337,0.010454773429187655,5.122366928844713e-06,3.992990968981758e-05,0.0,Physics-regularized MLP,77
254,0.0001091052545234561,0.00016583502292633057,0.010436754474481306,5.104638603370404e-06,3.978425593231805e-05,0.0,Physics-regularized MLP,77
255,0.00010892675345530733,0.0001654456282267347,0.01041973926755998,5.087050340080168e-06,3.96396717405878e-05,0.0,Physics-regularized MLP,77
256,0.00010875199950532988,0.00016506084648426622,0.010403541806171987,5.0694934543571435e-06,3.949550591642037e-05,0.0,Physics-regularized MLP,77
257,0.00010858107270905748,0.0001646805612836033,0.010387831815328565,5.0519620344857685e-06,3.9351933082798496e-05,0.0,Physics-regularized MLP,77
258,0.00010841331095434725,0.00016430459800176322,0.010372239379480931,5.034507466916693e-06,3.9208982343552634e-05,0.0,Physics-regularized MLP,77
259,0.00010824749188032001,0.00016393320402130485,0.010356506845893051,5.017269813833991e-06,3.906745041604154e-05,0.0,Physics-regularized MLP,77
260,0.0001080823058146052,0.0001635658263694495,0.010340511494968917,5.000348210160155e-06,3.892766108037904e-05,0.0,Physics-regularized MLP,77
261,0.00010791661770781502,0.00016320255235768855,0.010324345130986715,4.983882718079258e-06,3.879042196786031e-05,0.0,Physics-regularized MLP,77
262,0.00010774986731121317,0.00016284341108985245,0.01030822329159984,4.967907443642616e-06,3.865600592689589e-05,0.0,Physics-regularized MLP,77
263,0.00010758209100458771,0.0001624885044293478,0.01029244910653032,4.952444214723073e-06,3.852439840557054e-05,0.0,Physics-regularized MLP,77
264,0.00010741373262135312,0.00016213739581871778,0.01027729568448457,4.9373979891242925e-06,3.839537384919822e-05,0.0,Physics-regularized MLP,77
265,0.00010724577441578731,0.00016178992518689483,0.010262922455625009,4.922652806271799e-06,3.826852480415255e-05,0.0,Physics-regularized MLP,77
266,0.00010707931505749002,0.00016144657274708152,0.010249346190291692,4.908113623969257e-06,3.8143538404256105e-05,0.0,Physics-regularized MLP,77
267,0.00010691497300285846,0.00016110688738990575,0.010236449936744467,4.893679033557419e-06,3.802002174779773e-05,0.0,Physics-regularized MLP,77
268,0.00010675330850062892,0.00016077073814813048,0.01022402633272561,4.879297193838283e-06,3.7897800211794674e-05,0.0,Physics-regularized MLP,77
269,0.00010659413965186104,0.00016043805226217955,0.010211912517760898,4.86494718643371e-06,3.777671008720063e-05,0.0,Physics-regularized MLP,77
270,0.00010643721179803833,0.00016010885883588344,0.010199931263644563,4.850667210121173e-06,3.76569660147652e-05,0.0,Physics-regularized MLP,77
271,0.00010628178279148415,0.00015978327428456396,0.010188063398537237,4.836564585275482e-06,3.75391828129068e-05,0.0,Physics-regularized MLP,77
272,0.00010612711776047945,0.00015946096391417086,0.010176391542647815,4.822672508453252e-06,3.742316039279103e-05,0.0,Physics-regularized MLP,77
273,0.00010597246000543237,0.00015914194227661937,0.010165012286745843,4.809083293366712e-06,3.7309338949853554e-05,0.0,Physics-regularized MLP,77
274,0.00010581752576399595,0.00015882606385275722,0.010154057386995765,4.795805580215529e-06,3.7197645724518225e-05,0.0,Physics-regularized MLP,77
275,0.00010566214768914506,0.00015851332864258438,0.010143587395414315,4.782863015861949e-06,3.708805161295459e-05,0.0,Physics-regularized MLP,77
276,0.00010550639854045585,0.00015820370754227042,0.010133617816064295,4.7702442316222005e-06,3.6980614822823554e-05,0.0,Physics-regularized MLP,77
277,0.0001053506275638938,0.00015789701137691736,0.010124057777306439,4.7578914745827205e-06,3.687493517645635e-05,0.0,Physics-regularized MLP,77
278,0.00010519524948904291,0.00015759342932142317,0.010114758458936767,4.745796104543842e-06,3.677088534459472e-05,0.0,Physics-regularized MLP,77
279,0.00010504054807825014,0.00015729239385109395,0.010105584142804496,4.733860805572476e-06,3.666811608127318e-05,0.0,Physics-regularized MLP,77
280,0.00010488674161024392,0.00015699455980211496,0.010096424190637998,4.7221201384672895e-06,3.6566791095538065e-05,0.0,Physics-regularized MLP,77
281,0.0001047340192599222,0.00015669917047489434,0.010087260248392028,4.710493158199824e-06,3.646622644737363e-05,0.0,Physics-regularized MLP,77
282,0.00010458246106281877,0.00015640651690773666,0.010078117573674371,4.698994416685309e-06,3.636689143604599e-05,0.0,Physics-regularized MLP,77
283,0.00010443212522659451,0.0001561167446197942,0.010069069930370732,4.687635737354867e-06,3.626838588388637e-05,0.0,Physics-regularized MLP,77
284,0.00010428303357912228,0.00015582941705361009,0.010060183751836194,4.676373464462813e-06,3.6170516978017986e-05,0.0,Physics-regularized MLP,77
285,0.00010413533891551197,0.00015554427227471024,0.010051506879731536,4.665177129936637e-06,3.6073011870030314e-05,0.0,Physics-regularized MLP,77
286,0.00010398888844065368,0.0001552618050482124,0.010043013050851667,4.654086296795867e-06,3.597613613237627e-05,0.0,Physics-regularized MLP,77
287,0.00010384371125837788,0.00015498157881665975,0.010034640010428933,4.643085958377924e-06,3.587964238249697e-05,0.0,Physics-regularized MLP,77
288,0.00010369974188506603,0.00015470365178771317,0.010026317669787154,4.6321729314513505e-06,3.578356700018048e-05,0.0,Physics-regularized MLP,77
289,0.00010355694394093007,0.000154427980305627,0.010017973526507688,4.6213463065214455e-06,3.568789179553278e-05,0.0,Physics-regularized MLP,77
290,0.0001034155284287408,0.00015415438974741846,0.01000957517907937,4.6105642468319274e-06,3.559252218110487e-05,0.0,Physics-regularized MLP,77
291,0.00010327540803700686,0.00015388330211862922,0.010001095572892074,4.599882686306955e-06,3.549772372934967e-05,0.0,Physics-regularized MLP,77
292,0.00010313661186955869,0.00015361375699285418,0.009992579645616638,4.589197487803176e-06,3.540290708770044e-05,0.0,Physics-regularized MLP,77
293,0.00010299909627065063,0.00015334646741393954,0.00998405281087226,4.578578227665275e-06,3.530845424393192e-05,0.0,Physics-regularized MLP,77
294,0.00010286281030857936,0.0001530810841359198,0.009975521969811864,4.568008989735972e-06,3.521447069942951e-05,0.0,Physics-regularized MLP,77
295,0.000102727506600786,0.00015281800006050617,0.009967015947332587,4.557539796223864e-06,3.512100738589652e-05,0.0,Physics-regularized MLP,77
296,0.00010259299597237259,0.0001525565021438524,0.009958466493329243,4.54712426289916e-06,3.502787876641378e-05,0.0,Physics-regularized MLP,77
297,0.00010245903831673786,0.0001522968668723479,0.009949830351334543,4.5368260543909855e-06,3.4935317671624944e-05,0.0,Physics-regularized MLP,77
298,0.00010232538625132293,0.00015203897783067077,0.009941074725545772,4.526631983026164e-06,3.4843338653445244e-05,0.0,Physics-regularized MLP,77
299,0.00010219217074336484,0.00015178324247244745,0.009932160840363613,4.516592525760643e-06,3.475227640592493e-05,0.0,Physics-regularized MLP,77
300,0.00010205926082562655,0.00015152888954617083,0.009923067738689185,4.506648110691458e-06,3.4661807148950174e-05,0.0,Physics-regularized MLP,77
301,0.00010192676563747227,0.00015127639926504344,0.00991384850358233,4.496815563470591e-06,3.45721491612494e-05,0.0,Physics-regularized MLP,77
302,0.0001017948379740119,0.00015102566976565868,0.009904521882693322,4.487068963499041e-06,3.448303323239088e-05,0.0,Physics-regularized MLP,77
303,0.00010166354331886396,0.00015077641000971198,0.009895159632497817,4.477381480683107e-06,3.439460851950571e-05,0.0,Physics-regularized MLP,77
304,0.000101532852568198,0.00015052860544528812,0.009885817587894755,4.467748567549279e-06,3.4306813176954165e-05,0.0,Physics-regularized MLP,77
305,0.00010140287486137822,0.00015028259076643735,0.009876513486866773,4.458198873180663e-06,3.421961810090579e-05,0.0,Physics-regularized MLP,77
306,0.00010127345012733713,0.0001500380167271942,0.00986726292181525,4.4487051127362065e-06,3.413320882827975e-05,0.0,Physics-regularized MLP,77
307,0.00010114454926224425,0.00014979513071011752,0.009858034306325009,4.439300028025173e-06,3.404745439183898e-05,0.0,Physics-regularized MLP,77
308,0.00010101605585077778,0.00014955333608668298,0.009848799629032708,4.429942237038631e-06,3.3962307497859e-05,0.0,Physics-regularized MLP,77
309,0.000100887926237192,0.0001493132731411606,0.009839511177602267,4.420701770868618e-06,3.387797551113181e-05,0.0,Physics-regularized MLP,77
310,0.00010076033504446968,0.00014907470904290676,0.009830143633922057,4.411536792758852e-06,3.3794254704844207e-05,0.0,Physics-regularized MLP,77
311,0.0001006331731332466,0.00014883722178637981,0.00982069232638304,4.4024036469636485e-06,3.371106868144125e-05,0.0,Physics-regularized MLP,77
312,0.00010050652053905651,0.00014860126248095185,0.009811158125310887,4.393368726596236e-06,3.362847928656265e-05,0.0,Physics-regularized MLP,77
313,0.00010038042819360271,0.00014836687478236854,0.009801566027925411,4.384410203783773e-06,3.354651926201768e-05,0.0,Physics-regularized MLP,77
314,0.00010025512165157124,0.00014813357847742736,0.009791925152297789,4.375450316729257e-06,3.3464857551734895e-05,0.0,Physics-regularized MLP,77
315,0.00010013046994572505,0.00014790140266995877,0.009782249486263621,4.3665322664310224e-06,3.338355600135401e-05,0.0,Physics-regularized MLP,77
316,0.00010000654583564028,0.00014767065295018256,0.00977253967101721,4.357657417131122e-06,3.3302727388218045e-05,0.0,Physics-regularized MLP,77
317,9.988329838961363e-05,0.0001474412711104378,0.009762780699175739,4.348834863776574e-06,3.322246629977599e-05,0.0,Physics-regularized MLP,77
318,9.976074215956032e-05,0.00014721312618348747,0.009752961232802884,4.340037776273675e-06,3.3142463507829234e-05,0.0,Physics-regularized MLP,77
319,9.963894262909889e-05,0.00014698617451358587,0.009743076608299182,4.331276159064146e-06,3.3063035516534e-05,0.0,Physics-regularized MLP,77
320,9.951789979822934e-05,0.00014676024147775024,0.009733128122239067,4.322515906096669e-06,3.298379306215793e-05,0.0,Physics-regularized MLP,77
321,9.939765732269734e-05,0.00014653564721811563,0.009723118197700886,4.313783392717596e-06,3.2905129046412185e-05,0.0,Physics-regularized MLP,77
322,9.927804785547778e-05,0.00014631182420998812,0.009713093462821818,4.305052243580576e-06,3.282663965364918e-05,0.0,Physics-regularized MLP,77
323,9.915912960423157e-05,0.00014608966012019664,0.009703029126199086,4.296379302104469e-06,3.274873597547412e-05,0.0,Physics-regularized MLP,77
324,9.90406988421455e-05,0.0001458680344512686,0.009692957717530919,4.287711817596573e-06,3.2671199733158574e-05,0.0,Physics-regularized MLP,77
325,9.892279922496527e-05,0.00014564779121428728,0.009682858926253339,4.279100721760187e-06,3.259417644585483e-05,0.0,Physics-regularized MLP,77
326,9.880530706141144e-05,0.00014542871213052422,0.009672716117894605,4.270541921869153e-06,3.251773159718141e-05,0.0,Physics-regularized MLP,77
327,9.868821507552639e-05,0.00014521049160975963,0.009662486985323796,4.262010861566523e-06,3.244160325266421e-05,0.0,Physics-regularized MLP,77
328,9.857158147497103e-05,0.00014499344979412854,0.009652179922964037,4.253532097209245e-06,3.2366002415074036e-05,0.0,Physics-regularized MLP,77
329,9.845541353570297e-05,0.0001447775139240548,0.009641773928632857,4.245093805366196e-06,3.229090725653805e-05,0.0,Physics-regularized MLP,77
330,9.833957301452756e-05,0.00014456217468250543,0.009631280391153631,4.236677341395989e-06,3.221611405024305e-05,0.0,Physics-regularized MLP,77
331,9.822421270655468e-05,0.00014434807235375047,0.009620703939898967,4.228302259434713e-06,3.214177195332013e-05,0.0,Physics-regularized MLP,77
332,9.810929623199627e-05,0.0001441350905224681,0.009610068907485026,4.219983111397596e-06,3.206802284694277e-05,0.0,Physics-regularized MLP,77
333,9.799469262361526e-05,0.00014392285083886236,0.009599386468624837,4.2116862459806725e-06,3.199453931301832e-05,0.0,Physics-regularized MLP,77
334,9.78803655016236e-05,0.00014371171710081398,0.009588682264343043,4.203458956908435e-06,3.192161602783017e-05,0.0,Physics-regularized MLP,77
335,9.776659862836823e-05,0.00014350134006235749,0.009577941028521397,4.195225756120635e-06,3.18489401252009e-05,0.0,Physics-regularized MLP,77
336,9.76532101049088e-05,0.0001432918943464756,0.009567163016688661,4.1870416680467315e-06,3.1776689866092056e-05,0.0,Physics-regularized MLP,77
337,9.75403017946519e-05,0.00014308371464721859,0.009556337825854449,4.1788989619817585e-06,3.170493437210098e-05,0.0,Physics-regularized MLP,77
338,9.742807014845312e-05,0.0001428760588169098,0.009545444333819588,4.170741249254206e-06,3.163325527566485e-05,0.0,Physics-regularized MLP,77
339,9.731619502417743e-05,0.00014266924699768424,0.00953447314902551,4.162614004599163e-06,3.156193270115182e-05,0.0,Physics-regularized MLP,77
340,9.720472007757053e-05,0.00014246343926060945,0.00952343240702867,4.154525413468946e-06,3.1491035770159215e-05,0.0,Physics-regularized MLP,77
341,9.709360892884433e-05,0.00014225846098270267,0.009512326455016467,4.146474566368852e-06,3.142052446492016e-05,0.0,Physics-regularized MLP,77
342,9.698275971459225e-05,0.0001420541957486421,0.009501178421100709,4.138464646530338e-06,3.1350296922028065e-05,0.0,Physics-regularized MLP,77
343,9.687235433375463e-05,0.00014185112377163023,0.00949000732441632,4.130492015974596e-06,3.128050229861401e-05,0.0,Physics-regularized MLP,77
344,9.676221088739112e-05,0.00014164847380016,0.0094788334248586,4.122544851270504e-06,3.1210984161589295e-05,0.0,Physics-regularized MLP,77
345,9.665253310231492e-05,0.00014144695887807757,0.009467648258926074,4.114634066354483e-06,3.114181527053006e-05,0.0,Physics-regularized MLP,77
346,9.654340101405978e-05,0.00014124590961728245,0.00945644986309742,4.106708729523234e-06,3.1072770070750266e-05,0.0,Physics-regularized MLP,77
347,9.643474913900718e-05,0.00014104577712714672,0.009445245893620599,4.098813860764494e-06,3.100408139289357e-05,0.0,Physics-regularized MLP,77
348,9.632665751269087e-05,0.00014084660506341606,0.00943398195767657,4.0909380913944915e-06,3.0935672839405015e-05,0.0,Physics-regularized MLP,77
349,9.62190970312804e-05,0.00014064826245885342,0.00942267019503228,4.083077783434419e-06,3.08675407723058e-05,0.0,Physics-regularized MLP,77
350,9.611211135052145e-05,0.0001404503855155781,0.009411297676946751,4.075199740327662e-06,3.07994669128675e-05,0.0,Physics-regularized MLP,77
351,9.600546763977036e-05,0.00014025348355062306,0.00939987501958623,4.067365807713941e-06,3.073178595514037e-05,0.0,Physics-regularized MLP,77
352,9.589930414222181e-05,0.00014005729462951422,0.009388406302408158,4.059547791257501e-06,3.066433419007808e-05,0.0,Physics-regularized MLP,77
353,9.579352627042681e-05,0.00013986181875225157,0.00937690571139024,4.051752512168605e-06,3.059700611629523e-05,0.0,Physics-regularized MLP,77
354,9.568819950800389e-05,0.00013966704136691988,0.009365363806306492,4.043976332468446e-06,3.053004911635071e-05,0.0,Physics-regularized MLP,77
355,9.558322926750407e-05,0.0001394731953041628,0.009353790157500631,4.03623198508285e-06,3.0463419534498826e-05,0.0,Physics-regularized MLP,77
356,9.547866648063064e-05,0.0001392796402797103,0.009342187372893268,4.028482180729043e-06,3.039679904759396e-05,0.0,Physics-regularized MLP,77
357,9.537462756270543e-05,0.00013908713299315423,0.009330537408397096,4.020760570710991e-06,3.0330513254739344e-05,0.0,Physics-regularized MLP,77
358,9.527097427053377e-05,0.00013889525143895298,0.009318841648624553,4.013051693618763e-06,3.0264487577369437e-05,0.0,Physics-regularized MLP,77
359,9.516778663964942e-05,0.00013870418479200453,0.009307097966519122,4.005372829851694e-06,3.0198782042134553e-05,0.0,Physics-regularized MLP,77
360,9.506501373834908e-05,0.00013851375842932612,0.0092953257493276,3.997697604063433e-06,3.0133236577967182e-05,0.0,Physics-regularized MLP,77
361,9.49626846704632e-05,0.00013832391414325684,0.009283532725987278,3.990031473222189e-06,3.0067843908909708e-05,0.0,Physics-regularized MLP,77
362,9.486081398790702e-05,0.00013813492842018604,0.0092717152857418,3.982374437327962e-06,3.000271499331575e-05,0.0,Physics-regularized MLP,77
363,9.475937986280769e-05,0.00013794662663713098,0.009259883549870092,3.974760147684719e-06,2.9937969884485938e-05,0.0,Physics-regularized MLP,77
364,9.46583240875043e-05,0.000137758775963448,0.009248039430395753,3.96712221117923e-06,2.9873204766772687e-05,0.0,Physics-regularized MLP,77
365,9.455771942157298e-05,0.00013757168198935688,0.009236153338378307,3.9595115595147945e-06,2.9808781619067304e-05,0.0,Physics-regularized MLP,77
366,9.445752220926806e-05,0.00013738534471485764,0.009224229844290116,3.951918642997043e-06,2.9744576750090346e-05,0.0,Physics-regularized MLP,77
367,9.435764513909817e-05,0.00013719966227654368,0.009212249057588547,3.944352101825643e-06,2.968058834085241e-05,0.0,Physics-regularized MLP,77
368,9.425821917830035e-05,0.000137014634674415,0.009200220640029398,3.936794655601261e-06,2.9616856409120373e-05,0.0,Physics-regularized MLP,77
369,9.415922977495939e-05,0.00013683014549314976,0.009188147572089762,3.929239028366283e-06,2.9553240892710164e-05,0.0,Physics-regularized MLP,77
370,9.406062599737197e-05,0.00013664619473274797,0.009176042364413583,3.9216934055730235e-06,2.9489830922102556e-05,0.0,Physics-regularized MLP,77
371,9.396240784553811e-05,0.00013646318984683603,0.009163917990295731,3.914189619536046e-06,2.9426624678308144e-05,0.0,Physics-regularized MLP,77
372,9.386461169924587e-05,0.00013628067972604185,0.009151764833166064,3.906675374309998e-06,2.9363658541115e-05,0.0,Physics-regularized MLP,77
373,9.376718662679195e-05,0.00013609872257802635,0.009139590739130116,3.899178409483284e-06,2.9300814276211895e-05,0.0,Physics-regularized MLP,77
374,9.36703072511591e-05,0.00013591765309683979,0.009127399211612148,3.891704636771465e-06,2.9238290153443813e-05,0.0,Physics-regularized MLP,77
375,9.357389353681356e-05,0.00013573706382885575,0.009115172619729987,3.884221769112628e-06,2.917582605732605e-05,0.0,Physics-regularized MLP,77
376,9.34779382077977e-05,0.0001355569256702438,0.00910291361974329,3.876725259033265e-06,2.9113420168869197e-05,0.0,Physics-regularized MLP,77
377,9.338233212474734e-05,0.00013537751510739326,0.009090644891360567,3.8692596717737615e-06,2.9051225283183157e-05,0.0,Physics-regularized MLP,77
378,9.328711894340813e-05,0.00013519861386157572,0.009078354773946692,3.861807272187434e-06,2.898923230532091e-05,0.0,Physics-regularized MLP,77
379,9.3192356871441e-05,0.0001350204984191805,0.00906606324425606,3.85436669603223e-06,2.8927428502356634e-05,0.0,Physics-regularized MLP,77
380,9.309781307820231e-05,0.00013484292139764875,0.00905376909107899,3.846960225928342e-06,2.8865784770459868e-05,0.0,Physics-regularized MLP,77
381,9.300373494625092e-05,0.00013466592645272613,0.009041473510810789,3.839555120066507e-06,2.880433385143988e-05,0.0,Physics-regularized MLP,77
382,9.291003516409546e-05,0.00013448952813632786,0.009029164410202638,3.832163201877847e-06,2.8742964786943048e-05,0.0,Physics-regularized MLP,77
383,9.281678649131209e-05,0.00013431368279270828,0.009016869169452634,3.824774921667995e-06,2.8681834010058083e-05,0.0,Physics-regularized MLP,77
384,9.272405441151932e-05,0.00013413837586995214,0.0090045664325722,3.817375727521721e-06,2.8620703233173117e-05,0.0,Physics-regularized MLP,77
385,9.263176616514102e-05,0.0001339637819910422,0.008992265069284784,3.8099960875115357e-06,2.855979255400598e-05,0.0,Physics-regularized MLP,77
386,9.25400890992023e-05,0.00013378969742916524,0.008979958603285616,3.8026073525543325e-06,2.8498940082499757e-05,0.0,Physics-regularized MLP,77
387,9.244899410987273e-05,0.00013361625315155834,0.008967642551105862,3.7952045204292517e-06,2.8438209483283572e-05,0.0,Physics-regularized MLP,77
388,9.235830657416955e-05,0.0001334433618467301,0.008955336778773073,3.787813966482645e-06,2.837759893736802e-05,0.0,Physics-regularized MLP,77
389,9.226802649209276e-05,0.00013327108172234148,0.008943016107436854,3.7804309158673277e-06,2.8317237593000755e-05,0.0,Physics-regularized MLP,77
390,9.217797924065962e-05,0.00013309920905157924,0.008930700435924135,3.773064463530318e-06,2.8256776204216294e-05,0.0,Physics-regularized MLP,77
391,9.208816481987014e-05,0.000132928165839985,0.00891838121864934,3.7657471239072038e-06,2.819688234012574e-05,0.0,Physics-regularized MLP,77
392,9.199859050568193e-05,0.000132757646497339,0.008906062934217009,3.758454568014713e-06,2.8137110348325223e-05,0.0,Physics-regularized MLP,77
393,9.19092635740526e-05,0.00013258772378321737,0.008893739450764323,3.7512018025154248e-06,2.8077631213818677e-05,0.0,Physics-regularized MLP,77
394,9.182036592392251e-05,0.0001324183976976201,0.008881431227486974,3.743949719137163e-06,2.801825939968694e-05,0.0,Physics-regularized MLP,77
395,9.173182479571551e-05,0.00013224956637714058,0.008869139558469259,3.7367051390901906e-06,2.795900945784524e-05,0.0,Physics-regularized MLP,77
396,9.16438439162448e-05,0.00013208133168518543,0.008856876424446878,3.7294466892490163e-06,2.7899925044039264e-05,0.0,Physics-regularized MLP,77
397,9.155636507784948e-05,0.00013191369362175465,0.008844660453495622,3.7221971069811843e-06,2.784094431262929e-05,0.0,Physics-regularized MLP,77
398,9.1469322796911e-05,0.00013174660853110254,0.00883247783717371,3.714959575518151e-06,2.7782205506809987e-05,0.0,Physics-regularized MLP,77
399,9.138269524555653e-05,0.00013158000365365297,0.008820343974469524,3.707711584866047e-06,2.7723475795937702e-05,0.0,Physics-regularized MLP,77
400,9.129645331995562e-05,0.00013141431554686278,0.008808235111727885,3.7005002013756894e-06,2.7665082598105073e-05,0.0,Physics-regularized MLP,77
401,9.121057519223541e-05,0.0001312487875111401,0.008796160451116019,3.6932769944542088e-06,2.7606663934420794e-05,0.0,Physics-regularized MLP,77
402,9.1125002654735e-05,0.00013108403072692454,0.008784099011795542,3.6860976706520887e-06,2.7548561774892733e-05,0.0,Physics-regularized MLP,77
403,9.10398448468186e-05,0.0001309197978116572,0.008772055824988625,3.6789135720027843e-06,2.7490565116750076e-05,0.0,Physics-regularized MLP,77
404,9.095502173295245e-05,0.00013075607421342283,0.0087600455012153,3.6717578950629104e-06,2.7432683054939844e-05,0.0,Physics-regularized MLP,77
405,9.087070066016167e-05,0.00013059293269179761,0.008748052788965798,3.6645838008553255e-06,2.737489194259979e-05,0.0,Physics-regularized MLP,77
406,9.078685980057344e-05,0.00013043030048720539,0.00873609899875596,3.6574301702785306e-06,2.7317244530422613e-05,0.0,Physics-regularized MLP,77
407,9.07034773263149e-05,0.00013026826491113752,0.008724178035585698,3.6502658531389898e-06,2.7259680791758e-05,0.0,Physics-regularized MLP,77
408,9.062053868547082e-05,0.00013010695693083107,0.008712284188243566,3.6431356420507655e-06,2.720242082432378e-05,0.0,Physics-regularized MLP,77
409,9.053792746271938e-05,0.00012994607095606625,0.0087004347115932,3.6359970181365497e-06,2.714510992518626e-05,0.0,Physics-regularized MLP,77
410,9.045572369359434e-05,0.00012978550512343645,0.008688620156935263,3.628858848969685e-06,2.708787542360369e-05,0.0,Physics-regularized MLP,77
411,9.037379641085863e-05,0.0001296258415095508,0.008676842344019341,3.6217707020114176e-06,2.7031033823732287e-05,0.0,Physics-regularized MLP,77
412,9.029213833855465e-05,0.00012946657079737633,0.008665092186123829,3.6146975617157295e-06,2.6974192223860882e-05,0.0,Physics-regularized MLP,77
413,9.021089499583468e-05,0.00012930795492138714,0.008653381567427065,3.60763397111441e-06,2.6917594368569553e-05,0.0,Physics-regularized MLP,77
414,9.012992086354643e-05,0.0001291497319471091,0.008641701808107239,3.600589025154477e-06,2.6861122023547068e-05,0.0,Physics-regularized MLP,77
415,9.004931780509651e-05,0.00012899220746476203,0.008630051768814812,3.5935704545408953e-06,2.6804880690178834e-05,0.0,Physics-regularized MLP,77
416,8.99691876838915e-05,0.00012883500312454998,0.008618457741231772,3.586523462217883e-06,2.674856295925565e-05,0.0,Physics-regularized MLP,77
417,8.988944318844005e-05,0.00012867842451669276,0.0086068848691431,3.579501026251819e-06,2.669243622221984e-05,0.0,Physics-regularized MLP,77
418,8.981009887065738e-05,0.00012852257350459695,0.008595353553999333,3.572506329874159e-06,2.6636567781679332e-05,0.0,Physics-regularized MLP,77
419,8.973111835075542e-05,0.0001283670571865514,0.008583870320517174,3.5655059491546126e-06,2.6580750272842124e-05,0.0,Physics-regularized MLP,77
420,8.965239248936996e-05,0.0001282122393604368,0.008572428147440195,3.5585399018600583e-06,2.65251292148605e-05,0.0,Physics-regularized MLP,77
421,8.957410318544134e-05,0.00012805785809177905,0.008561035273385552,3.5515740819391795e-06,2.6469675503904e-05,0.0,Physics-regularized MLP,77
422,8.949608309194446e-05,0.0001279040880035609,0.008549698703589355,3.5446373658487573e-06,2.6414312742417678e-05,0.0,Physics-regularized MLP,77
423,8.94184413482435e-05,0.00012775073992088437,0.008538412697313005,3.537699967637309e-06,2.635905002534855e-05,0.0,Physics-regularized MLP,77
424,8.934130164561793e-05,0.00012759804667439312,0.008527184281455914,3.5307743928569835e-06,2.6303947379346937e-05,0.0,Physics-regularized MLP,77
425,8.926470036385581e-05,0.0001274457317776978,0.008516011547854313,3.5238290365668945e-06,2.624886838020757e-05,0.0,Physics-regularized MLP,77
426,8.918847743188962e-05,0.00012729410082101822,0.008504866056576871,3.516904371281271e-06,2.6193985831923783e-05,0.0,Physics-regularized MLP,77
427,8.911272016121075e-05,0.0001271428627660498,0.008493749199803221,3.509976522764191e-06,2.6139148758375086e-05,0.0,Physics-regularized MLP,77
428,8.903727575670928e-05,0.00012699227954726666,0.008482678244989956,3.503069592625252e-06,2.6084395358338952e-05,0.0,Physics-regularized MLP,77
429,8.896210056263953e-05,0.00012684200191870332,0.00847165251323508,3.4961763049068395e-06,2.6029840228147805e-05,0.0,Physics-regularized MLP,77
430,8.888720913091674e-05,0.00012669229181483388,0.008460688090842184,3.489305072434945e-06,2.5975354219553992e-05,0.0,Physics-regularized MLP,77
431,8.881249959813431e-05,0.00012654329475481063,0.00844976411994159,3.482476586214034e-06,2.592121199995745e-05,0.0,Physics-regularized MLP,77
432,8.873814658727497e-05,0.0001263946178369224,0.008438916538625366,3.475656967566465e-06,2.5867104341159575e-05,0.0,Physics-regularized MLP,77
433,8.86640846147202e-05,0.00012624668306671083,0.008428098592258888,3.4688662253756775e-06,2.5813142201513983e-05,0.0,Physics-regularized MLP,77
434,8.859037916408852e-05,0.00012609905388671905,0.0084173307085747,3.4620634323800914e-06,2.575925100245513e-05,0.0,Physics-regularized MLP,77
435,8.8517066615168e-05,0.00012595191947184503,0.008406609185176949,3.455279966146918e-06,2.570549986558035e-05,0.0,Physics-regularized MLP,77
436,8.844411058817059e-05,0.0001258053962374106,0.008395924667011315,3.4485133255657274e-06,2.565177965152543e-05,0.0,Physics-regularized MLP,77
437,8.837149653118104e-05,0.0001256592950085178,0.008385292046527446,3.4417571441736072e-06,2.559832137194462e-05,0.0,Physics-regularized MLP,77
438,8.82991444086656e-05,0.00012551373220048845,0.008374724118999645,3.4350221085333033e-06,2.55449594988022e-05,0.0,Physics-regularized MLP,77
439,8.822717791190371e-05,0.0001253685768460855,0.00836424374676628,3.4282886645087274e-06,2.5491663109278306e-05,0.0,Physics-regularized MLP,77
440,8.81554078659974e-05,0.00012522419274318963,0.008353850823871115,3.4216106996609597e-06,2.5438686861889437e-05,0.0,Physics-regularized MLP,77
441,8.808401616988704e-05,0.0001250800269190222,0.008343536520610692,3.4149172734032618e-06,2.538563057896681e-05,0.0,Physics-regularized MLP,77
442,8.801298099569976e-05,0.00012493650137912482,0.008333326885862266,3.4082431739079766e-06,2.5332790755783208e-05,0.0,Physics-regularized MLP,77
443,8.794220048002899e-05,0.0001247934123966843,0.008323189523150516,3.401588855922455e-06,2.528013283153996e-05,0.0,Physics-regularized MLP,77
444,8.787185652181506e-05,0.00012465092004276812,0.008313129073055673,3.3949468161154073e-06,2.5227560399798676e-05,0.0,Physics-regularized MLP,77
445,8.780181087786332e-05,0.00012450887879822403,0.008303137928542476,3.3883195555972634e-06,2.5175140763167292e-05,0.0,Physics-regularized MLP,77
446,8.773207082413137e-05,0.00012436740507837385,0.008293200986658743,3.3817148050729884e-06,2.51228721026564e-05,0.0,Physics-regularized MLP,77
447,8.76625781529583e-05,0.00012422622239682823,0.008283334692614198,3.3751184673747048e-06,2.5070670744753443e-05,0.0,Physics-regularized MLP,77
448,8.75933765200898e-05,0.00012408572365529835,0.008273529185759888,3.3685555536067113e-06,2.5018762244144455e-05,0.0,Physics-regularized MLP,77
449,8.752442226978019e-05,0.000123945705126971,0.008263801851492367,3.3620094654907007e-06,2.4966950149973854e-05,0.0,Physics-regularized MLP,77
450,8.745577360969037e-05,0.00012380607950035483,0.008254170595977198,3.35547883878462e-06,2.491525447112508e-05,0.0,Physics-regularized MLP,77
451,8.738748147152364e-05,0.00012366706505417824,0.008244596042968571,3.348967311467277e-06,2.486368794052396e-05,0.0,Physics-regularized MLP,77
452,8.731946581974626e-05,0.00012352844350971282,0.008235103570874388,3.3424598768760916e-06,2.4812316041789018e-05,0.0,Physics-regularized MLP,77
453,8.72517703101039e-05,0.00012339027307461947,0.008225689041156588,3.335977908136556e-06,2.476101326465141e-05,0.0,Physics-regularized MLP,77
454,8.718435128685087e-05,0.00012325274292379618,0.008216371760956107,3.3295195862592664e-06,2.470998515491374e-05,0.0,Physics-regularized MLP,77
455,8.711727423360571e-05,0.00012311564933042973,0.008207134330692024,3.323067630844889e-06,2.46590261667734e-05,0.0,Physics-regularized MLP,77
456,8.705050277058035e-05,0.00012297896319068968,0.00819798633935636,3.3166179491672665e-06,2.4608150852145627e-05,0.0,Physics-regularized MLP,77
457,8.698410238139331e-05,0.00012284274271223694,0.0081889147590055,3.310188958494109e-06,2.455743742757477e-05,0.0,Physics-regularized MLP,77
458,8.69179202709347e-05,0.0001227071334142238,0.008179926959777777,3.3037911180144874e-06,2.450693864375353e-05,0.0,Physics-regularized MLP,77
459,8.685207285452634e-05,0.00012257190246600658,0.008171006299410604,3.2973925954138394e-06,2.4456519895466045e-05,0.0,Physics-regularized MLP,77
460,8.678656740812585e-05,0.00012243712262716144,0.008162169043695286,3.2910099889704725e-06,2.4406201191595756e-05,0.0,Physics-regularized MLP,77
461,8.672135300002992e-05,0.00012230298307258636,0.0081534159100224,3.2846576232259395e-06,2.4356155336136e-05,0.0,Physics-regularized MLP,77
462,8.665644418215379e-05,0.00012216929462738335,0.008144738682957208,3.278317308286205e-06,2.430610948067624e-05,0.0,Physics-regularized MLP,77
463,8.659189188620076e-05,0.00012203599908389151,0.00813616264507067,3.2719826776883565e-06,2.4256181859527715e-05,0.0,Physics-regularized MLP,77
464,8.652765973238274e-05,0.00012190319830551744,0.008127671107738583,3.2656625990057364e-06,2.420645068923477e-05,0.0,Physics-regularized MLP,77
465,8.646360947750509e-05,0.00012177087046438828,0.008119263439950687,3.2593693504168186e-06,2.4156863219104707e-05,0.0,Physics-regularized MLP,77
466,8.63999521243386e-05,0.00012163897190475836,0.008110943490738806,3.2530774660699535e-06,2.410735032754019e-05,0.0,Physics-regularized MLP,77
467,8.633652032585815e-05,0.00012150758993811905,0.0081027016526845,3.2468133213114925e-06,2.4057932023424655e-05,0.0,Physics-regularized MLP,77
468,8.627331408206373e-05,0.0001213767463923432,0.008094541759874643,3.240586920583155e-06,2.4008797481656075e-05,0.0,Physics-regularized MLP,77
469,8.621033339295536e-05,0.00012124628119636327,0.008086484755060356,3.234378255001502e-06,2.39597175095696e-05,0.0,Physics-regularized MLP,77
470,8.614752732682973e-05,0.00012111666001146659,0.00807856336954607,3.228221885365201e-06,2.3910964955575764e-05,0.0,Physics-regularized MLP,77
471,8.608491043560207e-05,0.00012098730803700164,0.008070785665564281,3.2220841603702866e-06,2.386227060924284e-05,0.0,Physics-regularized MLP,77
472,8.602276648161933e-05,0.00012085850175935775,0.008063149802971202,3.215946435375372e-06,2.3813754523871467e-05,0.0,Physics-regularized MLP,77
473,8.596106636105105e-05,0.00012073003745172173,0.008055659346354261,3.209801889170194e-06,2.376519660174381e-05,0.0,Physics-regularized MLP,77
474,8.589994831709191e-05,0.00012060219160048291,0.00804827537608003,3.2036589345807442e-06,2.371675509493798e-05,0.0,Physics-regularized MLP,77
475,8.583939779782668e-05,0.0001204748114105314,0.008040995470931634,3.197505975549575e-06,2.3668360881856643e-05,0.0,Physics-regularized MLP,77
476,8.577942207921296e-05,0.00012034799146931618,0.008033816291142366,3.1913405109662563e-06,2.3619977582711726e-05,0.0,Physics-regularized MLP,77
477,8.571983926231042e-05,0.00012022165901726112,0.008026744905466019,3.1851864150667097e-06,2.357173252676148e-05,0.0,Physics-regularized MLP,77
478,8.566076576244086e-05,0.0001200958140543662,0.008019816074519561,3.1790309549251106e-06,2.3523600248154253e-05,0.0,Physics-regularized MLP,77
479,8.560201968066394e-05,0.00011997052934020758,0.008013015185828379,3.172898914272082e-06,2.347564441151917e-05,0.0,Physics-regularized MLP,77
480,8.554358646506444e-05,0.0001198456302518025,0.00800635937773455,3.166771648466238e-06,2.342767402296886e-05,0.0,Physics-regularized MLP,77
481,8.548546611564234e-05,0.00011972134234383702,0.007999846738575655,3.160666210533236e-06,2.338002377655357e-05,0.0,Physics-regularized MLP,77
482,8.542762225260958e-05,0.00011959736002609134,0.007993433016561457,3.1545775982522173e-06,2.3332398995989934e-05,0.0,Physics-regularized MLP,77
483,8.537016401533037e-05,0.00011947400344070047,0.00798711799450503,3.1484951250604354e-06,2.3284948838409036e-05,0.0,Physics-regularized MLP,77
484,8.531298954039812e-05,0.00011935111979255453,0.007980871821497376,3.1424397093360312e-06,2.323765329492744e-05,0.0,Physics-regularized MLP,77
485,8.525607699993998e-05,0.00011922871635761112,0.007974686904076527,3.136400664516259e-06,2.3190605134004727e-05,0.0,Physics-regularized MLP,77
486,8.519949187757447e-05,0.0001191068222397007,0.007968580733428751,3.130379127469496e-06,2.3143602447817102e-05,0.0,Physics-regularized MLP,77
487,8.51430741022341e-05,0.00011898536467924714,0.007962565369743315,3.1243912417266984e-06,2.3096843506209552e-05,0.0,Physics-regularized MLP,77
488,8.508701284881681e-05,0.00011886446009157225,0.007956627302199848,3.1184124509309186e-06,2.3050215531839058e-05,0.0,Physics-regularized MLP,77
489,8.503119897795841e-05,0.00011874401388922706,0.007950783176245948,3.11246003548149e-06,2.30036584980553e-05,0.0,Physics-regularized MLP,77
490,8.497565431753173e-05,0.0001186240479000844,0.007945026788672246,3.106525127805071e-06,2.2957312467042357e-05,0.0,Physics-regularized MLP,77
491,8.492045890307054e-05,0.00011850435839733109,0.007939343209021944,3.100581125181634e-06,2.291104283358436e-05,0.0,Physics-regularized MLP,77
492,8.486545993946493e-05,0.00011838541831821203,0.007933753228298562,3.094693056482356e-06,2.286500239279121e-05,0.0,Physics-regularized MLP,77
493,8.48108611535281e-05,0.00011826689296867698,0.007928242819737466,3.088806579398806e-06,2.2819036530563608e-05,0.0,Physics-regularized MLP,77
494,8.475656068185344e-05,0.00011814869503723457,0.007922812608546468,3.0829241950414144e-06,2.2773090677219443e-05,0.0,Physics-regularized MLP,77
495,8.47025221446529e-05,0.00011803121742559597,0.00791745954331989,3.0770834200666286e-06,2.2727410396328196e-05,0.0,Physics-regularized MLP,77
496,8.4648811025545e-05,0.00011791398719651625,0.007912191137348328,3.071245828323299e-06,2.2681784685119055e-05,0.0,Physics-regularized MLP,77
497,8.459528908133507e-05,0.00011779724445659667,0.007907003879091035,3.0654332476842683e-06,2.263618807774037e-05,0.0,Physics-regularized MLP,77
498,8.45420581754297e-05,0.00011768104013754055,0.00790187582946122,3.0596534088545013e-06,2.2590898879570886e-05,0.0,Physics-regularized MLP,77
499,8.448897278867662e-05,0.0001175652869278565,0.007896850869219646,3.053895397897577e-06,2.2545627871295437e-05,0.0,Physics-regularized MLP,77
