timestamp,load_kw,temperature,humidity
2009-01-01 00:00:00,0.5349333333333333,-0.8,95
2009-01-01 01:00:00,0.5404666666666667,-1.3,95
2009-01-01 02:00:00,0.5753666666666667,-1.9,96
2009-01-01 03:00:00,0.5265,-1.7,95
2009-01-01 04:00:00,0.5219,-2.8,96
2009-01-01 05:00:00,0.5653333333333334,-2.7,96
2009-01-01 06:00:00,1.4264666666666663,-2.3,96
2009-01-01 07:00:00,0.6020666666666667,-1.4,95
2009-01-01 08:00:00,0.5474333333333334,-1.2,94
2009-01-01 09:00:00,0.5250666666666667,-0.5,93
2009-01-01 10:00:00,1.2703,-0.5,93
2009-01-01 11:00:00,0.3937666666666667,-0.1,92
2009-01-01 12:00:00,0.2779999999999999,0.6,89
2009-01-01 13:00:00,0.2939666666666666,1.5,87
2009-01-01 14:00:00,0.2870333333333333,2.1,85
2009-01-01 15:00:00,0.2798,2.5,84
2009-01-01 16:00:00,1.2775666666666663,2.6,84
2009-01-01 17:00:00,0.2657333333333333,2.5,84
2009-01-01 18:00:00,0.9248333333333334,2.0,86
2009-01-01 19:00:00,1.7435333333333332,1.6,88
2009-01-01 20:00:00,3.4588,1.1,87
2009-01-01 21:00:00,2.112566666666667,-0.1,88
2009-01-01 22:00:00,1.610933333333333,-0.7,88
2009-01-01 23:00:00,2.8825,-1.1,87
2009-01-02 00:00:00,2.4007,-1.3,86
2009-01-02 01:00:00,0.4316333333333333,-1.6,86
2009-01-02 02:00:00,0.3228666666666667,-1.9,86
2009-01-02 03:00:00,0.291,-2.3,86
2009-01-02 04:00:00,0.4438,-2.6,86
2009-01-02 05:00:00,0.9572666666666668,-2.6,85
2009-01-02 06:00:00,0.304,-2.7,85
2009-01-02 07:00:00,0.2909,-2.7,84
2009-01-02 08:00:00,1.0275666666666667,-2.7,83
2009-01-02 09:00:00,1.2594666666666667,-2.4,86
2009-01-02 10:00:00,3.368666666666667,-2.4,86
2009-01-02 11:00:00,3.129166666666667,-2.2,85
2009-01-02 12:00:00,1.3786999999999998,-1.5,82
2009-01-02 13:00:00,1.3643333333333334,-0.9,80
2009-01-02 14:00:00,1.782166666666667,-0.0,76
2009-01-02 15:00:00,2.4419,0.5,72
2009-01-02 16:00:00,2.3493666666666666,1.0,68
2009-01-02 17:00:00,3.092233333333333,0.8,71
2009-01-02 18:00:00,4.0648,-0.2,75
2009-01-02 19:00:00,2.7377,-0.6,79
2009-01-02 20:00:00,1.4126333333333332,-0.5,82
2009-01-02 21:00:00,1.4073,-0.7,92
2009-01-02 22:00:00,1.8481,-0.7,94
2009-01-02 23:00:00,0.6855666666666667,-0.3,92
2009-01-03 00:00:00,0.2881,-0.3,91
2009-01-03 01:00:00,0.2966,-0.2,88
2009-01-03 02:00:00,0.2873,-0.2,86
2009-01-03 03:00:00,0.3031666666666667,-0.2,84
2009-01-03 04:00:00,0.3300666666666666,-0.4,83
2009-01-03 05:00:00,0.3046333333333333,-0.5,82
2009-01-03 06:00:00,0.7821,-0.6,80
2009-01-03 07:00:00,0.3282333333333333,-0.7,78
2009-01-03 08:00:00,2.368866666666667,-1.0,77
2009-01-03 09:00:00,1.7896333333333334,-1.1,81
2009-01-03 10:00:00,2.1131,-1.0,79
2009-01-03 11:00:00,3.7428,-0.8,78
2009-01-03 12:00:00,2.3740666666666663,-0.5,74
2009-01-03 13:00:00,1.2279000000000002,-0.2,70
2009-01-03 14:00:00,1.6327333333333334,0.2,67
2009-01-03 15:00:00,0.9049,0.4,66
2009-01-03 16:00:00,0.7316,0.3,66
2009-01-03 17:00:00,0.7005333333333332,-0.2,69
2009-01-03 18:00:00,1.5782333333333334,-1.4,73
2009-01-03 19:00:00,3.0243,-2.6,78
2009-01-03 20:00:00,2.3588666666666667,-3.3,81
2009-01-03 21:00:00,1.7187333333333332,-2.9,87
2009-01-03 22:00:00,1.3598666666666666,-3.2,88
2009-01-03 23:00:00,1.3452666666666666,-3.5,88
2009-01-04 00:00:00,0.4587,-3.8,88
2009-01-04 01:00:00,0.4494333333333333,-4.2,89
2009-01-04 02:00:00,0.4628,-4.7,89
2009-01-04 03:00:00,0.4881666666666666,-5.2,89
2009-01-04 04:00:00,0.4729666666666666,-5.6,89
2009-01-04 05:00:00,0.9739666666666668,-5.8,89
2009-01-04 06:00:00,0.4539,-5.9,89
2009-01-04 07:00:00,0.4387333333333333,-6.0,89
2009-01-04 08:00:00,0.8679,-6.0,89
2009-01-04 09:00:00,0.5883,-6.3,92
2009-01-04 10:00:00,0.8346666666666667,-6.1,91
2009-01-04 11:00:00,0.3954,-4.7,91
2009-01-04 12:00:00,1.9734,-3.1,84
2009-01-04 13:00:00,0.7941,-1.9,78
2009-01-04 14:00:00,2.9213333333333336,-0.8,73
2009-01-04 15:00:00,1.8903333333333332,-0.3,70
2009-01-04 16:00:00,2.1845,-0.2,70
2009-01-04 17:00:00,2.1686666666666667,-0.5,73
2009-01-04 18:00:00,2.5567333333333333,-1.3,77
2009-01-04 19:00:00,3.7764333333333338,-2.3,82
2009-01-04 20:00:00,3.2028000000000003,-3.0,86
2009-01-04 21:00:00,3.0596666666666663,-3.5,89
2009-01-04 22:00:00,0.5431,-3.6,88
2009-01-04 23:00:00,0.3772333333333333,-3.2,86
2009-01-05 00:00:00,0.358,-2.7,83
2009-01-05 01:00:00,0.4124,-2.4,80
2009-01-05 02:00:00,0.3445999999999999,-2.1,79
2009-01-05 03:00:00,0.3468666666666667,-1.9,78
2009-01-05 04:00:00,0.9358666666666668,-1.8,77
2009-01-05 05:00:00,0.3405333333333333,-1.8,76
2009-01-05 06:00:00,1.2006666666666668,-1.6,75
2009-01-05 07:00:00,2.365533333333333,-1.6,75
2009-01-05 08:00:00,1.993,-1.6,77
2009-01-05 09:00:00,1.4438333333333333,-1.5,83
2009-01-05 10:00:00,1.4033666666666669,-1.3,86
2009-01-05 11:00:00,1.471666666666667,-1.0,87
2009-01-05 12:00:00,0.8993333333333333,-0.3,87
2009-01-05 13:00:00,0.3283666666666666,0.4,86
2009-01-05 14:00:00,0.3429,1.0,86
2009-01-05 15:00:00,0.3520333333333333,1.1,87
2009-01-05 16:00:00,0.3837,0.9,91
2009-01-05 17:00:00,0.5299,0.5,95
2009-01-05 18:00:00,1.8115666666666668,0.1,97
2009-01-05 19:00:00,2.5135666666666667,-0.4,97
2009-01-05 20:00:00,3.745933333333333,-0.7,96
2009-01-05 21:00:00,2.317266666666667,-1.7,89
2009-01-05 22:00:00,0.5380666666666667,-1.9,87
2009-01-05 23:00:00,0.3543666666666666,-2.0,86
2009-01-06 00:00:00,0.3302333333333333,-2.0,86
2009-01-06 01:00:00,0.3163,-1.9,87
2009-01-06 02:00:00,1.006233333333333,-1.7,88
2009-01-06 03:00:00,0.3776333333333334,-1.6,87
2009-01-06 04:00:00,0.3249666666666667,-1.8,85
2009-01-06 05:00:00,0.3177,-2.2,82
2009-01-06 06:00:00,1.4446333333333332,-3.1,80
2009-01-06 07:00:00,2.422266666666667,-4.2,81
2009-01-06 08:00:00,1.8352333333333333,-5.0,82
2009-01-06 09:00:00,1.7597666666666667,-4.4,79
2009-01-06 10:00:00,1.7605,-4.6,77
2009-01-06 11:00:00,1.4963333333333333,-4.5,72
2009-01-06 12:00:00,1.4142666666666668,-4.2,69
2009-01-06 13:00:00,1.4779666666666669,-4.0,67
2009-01-06 14:00:00,1.469833333333333,-3.6,62
2009-01-06 15:00:00,1.2020000000000002,-3.2,61
2009-01-06 16:00:00,0.3388666666666667,-3.3,60
2009-01-06 17:00:00,0.9299,-3.4,61
2009-01-06 18:00:00,1.4766666666666666,-3.9,65
2009-01-06 19:00:00,2.5287333333333333,-4.4,67
2009-01-06 20:00:00,1.7274666666666667,-5.0,69
2009-01-06 21:00:00,0.7265666666666667,-5.8,75
2009-01-06 22:00:00,0.4490666666666667,-6.6,76
2009-01-06 23:00:00,1.0312333333333334,-7.5,75
2009-01-07 00:00:00,0.4078,-8.1,75
2009-01-07 01:00:00,0.3425333333333333,-8.6,75
2009-01-07 02:00:00,0.3520666666666666,-9.0,75
2009-01-07 03:00:00,0.3458666666666666,-9.3,74
2009-01-07 04:00:00,0.3349666666666666,-9.6,74
2009-01-07 05:00:00,0.3339,-9.8,74
2009-01-07 06:00:00,1.2017666666666666,-10.0,73
2009-01-07 07:00:00,2.318766666666667,-10.1,72
2009-01-07 08:00:00,1.4325666666666663,-10.2,71
2009-01-07 09:00:00,1.411,-10.5,79
2009-01-07 10:00:00,1.4745,-10.3,77
2009-01-07 11:00:00,1.9143,-9.1,72
2009-01-07 12:00:00,1.775,-6.9,62
2009-01-07 13:00:00,2.348,-4.6,55
2009-01-07 14:00:00,3.675233333333333,-2.8,54
2009-01-07 15:00:00,1.3812,-1.7,57
2009-01-07 16:00:00,0.7486999999999999,-1.0,61
2009-01-07 17:00:00,1.1505333333333332,-1.2,66
2009-01-07 18:00:00,2.110866666666667,-1.9,73
2009-01-07 19:00:00,3.4723666666666664,-1.9,77
2009-01-07 20:00:00,3.2388,-1.5,80
2009-01-07 21:00:00,1.5214,-1.5,84
2009-01-07 22:00:00,0.7814333333333334,-1.4,88
2009-01-07 23:00:00,0.5976333333333333,-1.2,91
2009-01-08 00:00:00,0.3287666666666666,-1.0,94
2009-01-08 01:00:00,0.3311666666666666,-0.7,95
2009-01-08 02:00:00,0.3679,-0.5,96
2009-01-08 03:00:00,0.3235333333333333,-0.7,96
2009-01-08 04:00:00,0.9540333333333332,-0.6,97
2009-01-08 05:00:00,0.4406,-0.4,97
2009-01-08 06:00:00,0.6844,-0.3,96
2009-01-08 07:00:00,2.373166666666666,-0.5,96
2009-01-08 08:00:00,1.6142666666666663,-1.1,95
2009-01-08 09:00:00,1.9896333333333331,-1.9,96
2009-01-08 10:00:00,1.3924333333333334,-2.5,95
2009-01-08 11:00:00,1.3970999999999998,-2.5,88
2009-01-08 12:00:00,1.4052666666666669,-2.4,82
2009-01-08 13:00:00,1.4881333333333333,-1.9,76
2009-01-08 14:00:00,0.5723666666666667,-1.3,70
2009-01-08 15:00:00,0.3182999999999999,-0.6,64
2009-01-08 16:00:00,0.3146,-0.5,62
2009-01-08 17:00:00,0.3078,-1.0,66
2009-01-08 18:00:00,2.2797,-2.3,71
2009-01-08 19:00:00,2.5160666666666667,-3.4,74
2009-01-08 20:00:00,3.1131333333333333,-4.2,76
2009-01-08 21:00:00,1.6093333333333333,-4.3,80
2009-01-08 22:00:00,0.6920333333333333,-4.6,78
2009-01-08 23:00:00,0.4074333333333333,-5.0,76
2009-01-09 00:00:00,0.3510333333333333,-5.3,76
2009-01-09 01:00:00,0.3207,-5.6,75
2009-01-09 02:00:00,0.3174,-5.8,76
2009-01-09 03:00:00,0.315,-6.1,76
2009-01-09 04:00:00,1.068466666666667,-6.3,77
2009-01-09 05:00:00,0.3723333333333333,-6.6,78
2009-01-09 06:00:00,1.7729666666666666,-6.9,80
2009-01-09 07:00:00,2.4481,-7.0,80
2009-01-09 08:00:00,1.5721999999999998,-7.2,81
2009-01-09 09:00:00,1.6979666666666666,-7.7,87
2009-01-09 10:00:00,1.5325,-7.9,88
2009-01-09 11:00:00,1.4489,-7.1,84
2009-01-09 12:00:00,0.4576,-5.6,78
2009-01-09 13:00:00,0.5347000000000001,-4.0,73
2009-01-09 14:00:00,0.7128,-2.7,69
2009-01-09 15:00:00,0.5937666666666667,-1.8,67
2009-01-09 16:00:00,0.4958,-1.3,66
2009-01-09 17:00:00,2.091633333333333,-1.5,68
2009-01-09 18:00:00,3.1194,-2.6,74
2009-01-09 19:00:00,2.5874,-3.8,79
2009-01-09 20:00:00,1.7956333333333334,-4.7,82
2009-01-09 21:00:00,2.124766666666667,-5.5,87
2009-01-09 22:00:00,1.826633333333333,-6.0,88
2009-01-09 23:00:00,0.254,-6.5,89
2009-01-10 00:00:00,0.2526333333333333,-6.9,90
2009-01-10 01:00:00,0.2736666666666666,-7.1,90
2009-01-10 02:00:00,0.2751,-7.4,91
2009-01-10 03:00:00,0.292,-7.5,91
2009-01-10 04:00:00,0.2760333333333333,-7.7,91
2009-01-10 05:00:00,0.2608333333333333,-7.9,92
2009-01-10 06:00:00,1.0980333333333334,-8.1,92
2009-01-10 07:00:00,2.6670000000000003,-8.2,92
2009-01-10 08:00:00,1.8775,-8.5,92
2009-01-10 09:00:00,1.3893666666666666,-8.8,94
2009-01-10 10:00:00,1.3665666666666667,-9.0,94
2009-01-10 11:00:00,0.6322333333333333,-8.0,92
2009-01-10 12:00:00,0.5535333333333334,-6.6,89
2009-01-10 13:00:00,1.2948,-4.6,83
2009-01-10 14:00:00,1.1813,-2.5,77
2009-01-10 15:00:00,0.5010666666666667,-0.9,72
2009-01-10 16:00:00,2.070966666666666,-0.2,70
2009-01-10 17:00:00,3.7685666666666666,-0.2,72
2009-01-10 18:00:00,3.9225666666666665,-1.1,77
2009-01-10 19:00:00,3.794633333333333,-2.9,86
2009-01-10 20:00:00,3.0900000000000003,-4.3,89
2009-01-10 21:00:00,1.2122666666666668,-3.3,84
2009-01-10 22:00:00,0.4315666666666667,-5.2,90
2009-01-10 23:00:00,2.5669,-4.1,88
2009-01-11 00:00:00,0.3773333333333333,-6.0,91
2009-01-11 01:00:00,0.3427,-6.1,92
2009-01-11 02:00:00,0.2931666666666667,-6.1,91
2009-01-11 03:00:00,0.2987333333333333,-6.1,92
2009-01-11 04:00:00,0.3272,-6.2,92
2009-01-11 05:00:00,0.3446666666666667,-6.4,92
2009-01-11 06:00:00,0.3054666666666666,-6.6,92
2009-01-11 07:00:00,0.8372333333333334,-6.5,92
2009-01-11 08:00:00,0.7120666666666666,-6.4,91
2009-01-11 09:00:00,0.6853,-6.6,92
2009-01-11 10:00:00,1.2908333333333333,-6.3,90
2009-01-11 11:00:00,1.2254,-4.8,88
2009-01-11 12:00:00,2.2194333333333334,-2.0,78
2009-01-11 13:00:00,4.0528,0.8,68
2009-01-11 14:00:00,1.0828666666666666,2.9,61
2009-01-11 15:00:00,0.4995666666666666,4.2,58
2009-01-11 16:00:00,0.4776333333333333,4.7,58
2009-01-11 17:00:00,1.4429666666666667,3.9,61
2009-01-11 18:00:00,3.1095333333333333,2.0,69
2009-01-11 19:00:00,3.806166666666667,0.2,76
2009-01-11 20:00:00,1.9997333333333327,-0.7,80
2009-01-11 21:00:00,3.5039333333333333,-1.1,82
2009-01-11 22:00:00,2.7135333333333334,-1.5,83
2009-01-11 23:00:00,0.9848666666666668,-1.8,84
2009-01-12 00:00:00,0.3126,-1.9,85
2009-01-12 01:00:00,0.2544,-1.8,85
2009-01-12 02:00:00,0.2705333333333333,-1.8,85
2009-01-12 03:00:00,0.2614333333333333,-1.6,84
2009-01-12 04:00:00,0.8366666666666667,-1.4,82
2009-01-12 05:00:00,0.3097333333333333,-1.3,82
2009-01-12 06:00:00,0.7423333333333333,-1.2,82
2009-01-12 07:00:00,2.2101333333333333,-1.0,83
2009-01-12 08:00:00,1.4840666666666666,-0.9,84
2009-01-12 09:00:00,1.3451666666666668,-1.1,89
2009-01-12 10:00:00,1.4121666666666668,-1.1,89
2009-01-12 11:00:00,1.3362333333333334,-0.2,86
2009-01-12 12:00:00,1.357033333333333,1.5,80
2009-01-12 13:00:00,1.3561,3.2,74
2009-01-12 14:00:00,1.391233333333333,4.4,72
2009-01-12 15:00:00,1.4641,5.0,71
2009-01-12 16:00:00,1.1005333333333334,4.9,72
2009-01-12 17:00:00,0.8680333333333333,4.4,74
2009-01-12 18:00:00,1.1064,3.3,80
2009-01-12 19:00:00,1.5304666666666666,2.8,82
2009-01-12 20:00:00,1.701733333333333,2.6,83
2009-01-12 21:00:00,2.7014333333333336,3.2,78
2009-01-12 22:00:00,0.7573000000000001,3.5,75
2009-01-12 23:00:00,0.3781333333333333,3.6,74
2009-01-13 00:00:00,0.3176333333333333,3.3,77
2009-01-13 01:00:00,0.3892,3.2,78
2009-01-13 02:00:00,0.3129333333333333,3.1,77
2009-01-13 03:00:00,0.9966333333333334,3.1,78
2009-01-13 04:00:00,0.3390666666666667,2.8,82
2009-01-13 05:00:00,0.3082666666666666,2.7,82
2009-01-13 06:00:00,1.8215666666666663,2.7,82
2009-01-13 07:00:00,2.373133333333333,2.5,83
2009-01-13 08:00:00,2.8362333333333334,2.3,84
2009-01-13 09:00:00,2.247133333333333,2.6,88
2009-01-13 10:00:00,1.4705333333333332,2.4,89
2009-01-13 11:00:00,1.5489,2.4,88
2009-01-13 12:00:00,1.6643,2.6,88
2009-01-13 13:00:00,1.441633333333333,3.0,86
2009-01-13 14:00:00,1.4453666666666665,3.8,84
2009-01-13 15:00:00,1.4751,4.0,85
2009-01-13 16:00:00,1.3358,4.0,87
2009-01-13 17:00:00,0.8083666666666667,3.9,90
2009-01-13 18:00:00,2.0336000000000003,3.8,91
2009-01-13 19:00:00,1.6334333333333333,3.6,93
2009-01-13 20:00:00,2.6185,3.5,94
2009-01-13 21:00:00,2.725,3.1,94
2009-01-13 22:00:00,2.6693333333333333,3.1,95
2009-01-13 23:00:00,1.5650000000000002,3.2,97
2009-01-14 00:00:00,0.4339333333333333,2.8,98
2009-01-14 01:00:00,0.3365333333333333,2.4,98
2009-01-14 02:00:00,0.2989333333333333,2.0,99
2009-01-14 03:00:00,0.2969333333333333,1.7,99
2009-01-14 04:00:00,0.2961666666666666,1.5,98
2009-01-14 05:00:00,0.2885333333333333,1.0,98
2009-01-14 06:00:00,1.0052,0.3,97
2009-01-14 07:00:00,2.3149666666666664,-0.0,97
2009-01-14 08:00:00,2.2127,0.0,97
2009-01-14 09:00:00,2.333966666666667,1.3,100
2009-01-14 10:00:00,1.770233333333333,1.5,99
2009-01-14 11:00:00,1.8719666666666663,1.8,99
2009-01-14 12:00:00,1.7893333333333332,2.5,94
2009-01-14 13:00:00,1.2807333333333333,3.3,92
2009-01-14 14:00:00,0.2668,4.2,89
2009-01-14 15:00:00,0.3382666666666666,4.9,82
2009-01-14 16:00:00,0.4257333333333333,5.4,77
2009-01-14 17:00:00,0.7911,5.3,79
2009-01-14 18:00:00,1.2929666666666668,4.0,87
2009-01-14 19:00:00,1.8926,2.4,91
2009-01-14 20:00:00,2.7421333333333333,1.0,93
2009-01-14 21:00:00,3.289694915254237,0.8,96
2009-01-14 22:00:00,1.8266666666666669,0.6,96
2009-01-14 23:00:00,0.2634333333333333,0.3,96
2009-01-15 00:00:00,0.3261,0.1,95
2009-01-15 01:00:00,0.2749666666666667,-0.1,95
2009-01-15 02:00:00,0.2704666666666667,0.2,95
2009-01-15 03:00:00,0.2657666666666666,0.3,94
2009-01-15 04:00:00,0.8463999999999999,0.5,94
2009-01-15 05:00:00,0.3197333333333333,0.5,94
2009-01-15 06:00:00,0.6657666666666666,0.1,95
2009-01-15 07:00:00,2.1168333333333336,-0.1,96
2009-01-15 08:00:00,1.6259333333333332,-0.1,96
2009-01-15 09:00:00,1.3786333333333334,0.4,96
2009-01-15 10:00:00,1.3360666666666667,0.2,96
2009-01-15 11:00:00,1.3007333333333333,1.1,96
2009-01-15 12:00:00,1.3229333333333335,1.5,94
2009-01-15 13:00:00,1.0469666666666666,1.9,89
2009-01-15 14:00:00,0.3430999999999999,2.2,87
2009-01-15 15:00:00,0.2721666666666666,2.6,85
2009-01-15 16:00:00,0.2546333333333333,2.6,84
2009-01-15 17:00:00,0.4094666666666667,2.3,85
2009-01-15 18:00:00,1.1185666666666667,1.5,90
2009-01-15 19:00:00,2.8497,0.9,94
2009-01-15 20:00:00,3.364,0.8,94
2009-01-15 21:00:00,2.5562666666666667,1.1,93
2009-01-15 22:00:00,1.3453333333333333,0.8,93
2009-01-15 23:00:00,0.4572666666666666,0.5,93
2009-01-16 00:00:00,0.3787,0.3,93
2009-01-16 01:00:00,0.3304666666666666,0.2,93
2009-01-16 02:00:00,0.3113666666666667,-0.0,93
2009-01-16 03:00:00,1.0003,-0.4,94
2009-01-16 04:00:00,0.3414333333333333,-0.8,93
2009-01-16 05:00:00,0.3051,-1.0,93
2009-01-16 06:00:00,1.4371666666666667,-1.1,92
2009-01-16 07:00:00,2.430433333333333,-1.3,92
2009-01-16 08:00:00,1.6612,-1.5,92
2009-01-16 09:00:00,1.3905,-1.3,91
2009-01-16 10:00:00,1.3822666666666668,-1.1,91
2009-01-16 11:00:00,1.0374666666666663,0.1,89
2009-01-16 12:00:00,0.3574333333333334,2.0,85
2009-01-16 13:00:00,0.3464333333333333,3.5,82
2009-01-16 14:00:00,1.1223666666666667,3.9,83
2009-01-16 15:00:00,2.1490666666666667,4.3,84
2009-01-16 16:00:00,2.4292,4.2,87
2009-01-16 17:00:00,4.151266666666666,4.5,87
2009-01-16 18:00:00,3.1908000000000003,4.3,90
2009-01-16 19:00:00,4.958200000000001,4.1,92
2009-01-16 20:00:00,6.519633333333333,4.0,94
2009-01-16 21:00:00,3.4019,4.4,94
2009-01-16 22:00:00,2.6485333333333334,4.3,95
2009-01-16 23:00:00,2.8280000000000003,4.3,95
2009-01-17 00:00:00,2.2245,4.2,96
2009-01-17 01:00:00,1.4293333333333331,4.2,96
2009-01-17 02:00:00,1.4218333333333333,4.2,97
2009-01-17 03:00:00,1.4526666666666666,4.3,97
2009-01-17 04:00:00,1.4366333333333332,4.3,97
2009-01-17 05:00:00,1.7866666666666666,4.4,97
2009-01-17 06:00:00,1.7355666666666667,4.6,97
2009-01-17 07:00:00,3.377366666666666,4.8,96
2009-01-17 08:00:00,3.1905,5.1,96
2009-01-17 09:00:00,3.1242333333333336,5.1,96
2009-01-17 10:00:00,2.264333333333333,5.3,95
2009-01-17 11:00:00,1.5165666666666666,5.8,94
2009-01-17 12:00:00,1.9724,6.2,93
2009-01-17 13:00:00,2.1240666666666668,6.6,92
2009-01-17 14:00:00,1.6675333333333335,6.7,91
2009-01-17 15:00:00,1.0158,7.1,91
2009-01-17 16:00:00,2.990733333333333,7.5,91
2009-01-17 17:00:00,3.354966666666667,7.5,91
2009-01-17 18:00:00,2.9849,7.3,91
2009-01-17 19:00:00,3.4392333333333336,7.2,92
2009-01-17 20:00:00,2.550533333333333,7.3,92
2009-01-17 21:00:00,3.6658,7.2,93
2009-01-17 22:00:00,2.4034,7.3,93
2009-01-17 23:00:00,2.1674333333333333,7.4,92
2009-01-18 00:00:00,1.1649666666666667,7.5,91
2009-01-18 01:00:00,0.3303333333333333,7.5,91
2009-01-18 02:00:00,0.2708333333333333,7.1,91
2009-01-18 03:00:00,0.2598333333333333,7.1,89
2009-01-18 04:00:00,0.2975666666666666,7.1,87
2009-01-18 05:00:00,0.3041999999999999,7.2,86
2009-01-18 06:00:00,0.2758,7.3,85
2009-01-18 07:00:00,0.8715333333333334,7.0,89
2009-01-18 08:00:00,1.7598333333333334,7.1,89
2009-01-18 09:00:00,3.0111,6.8,90
2009-01-18 10:00:00,1.9039666666666664,7.0,90
2009-01-18 11:00:00,3.533466666666667,7.4,90
2009-01-18 12:00:00,2.8605,7.2,87
2009-01-18 13:00:00,2.1848666666666667,6.7,84
2009-01-18 14:00:00,3.7168666666666663,7.2,79
2009-01-18 15:00:00,4.210166666666667,6.9,76
2009-01-18 16:00:00,2.556366666666667,6.8,75
2009-01-18 17:00:00,2.1870333333333334,6.4,75
2009-01-18 18:00:00,3.5471666666666666,5.8,74
2009-01-18 19:00:00,4.573033333333333,5.1,75
2009-01-18 20:00:00,3.6069,4.6,77
2009-01-18 21:00:00,4.8607,4.9,79
2009-01-18 22:00:00,2.693833333333333,4.4,83
2009-01-18 23:00:00,1.5890333333333333,4.4,84
2009-01-19 00:00:00,0.8864666666666667,4.5,84
2009-01-19 01:00:00,0.2868333333333333,4.6,85
2009-01-19 02:00:00,0.2971666666666666,4.8,87
2009-01-19 03:00:00,0.3414999999999999,5.0,89
2009-01-19 04:00:00,0.3006333333333333,5.1,92
2009-01-19 05:00:00,0.315,5.5,93
2009-01-19 06:00:00,1.0216,5.9,94
2009-01-19 07:00:00,2.8087,6.0,93
2009-01-19 08:00:00,2.468533333333333,6.6,89
2009-01-19 09:00:00,1.3573,8.0,91
2009-01-19 10:00:00,1.3924999999999998,9.3,89
2009-01-19 11:00:00,1.3643333333333334,9.7,86
2009-01-19 12:00:00,1.358933333333333,9.6,81
2009-01-19 13:00:00,1.3951333333333331,9.8,77
2009-01-19 14:00:00,0.9700333333333332,10.2,72
2009-01-19 15:00:00,0.2960666666666666,10.4,70
2009-01-19 16:00:00,0.2812,10.3,70
2009-01-19 17:00:00,0.3788,9.8,71
2009-01-19 18:00:00,0.9175333333333332,8.6,76
2009-01-19 19:00:00,1.7802666666666669,7.6,78
2009-01-19 20:00:00,3.6107,6.2,79
2009-01-19 21:00:00,2.6489666666666665,6.0,73
2009-01-19 22:00:00,1.4861333333333335,5.2,72
2009-01-19 23:00:00,0.3667666666666667,4.5,76
2009-01-20 00:00:00,0.3071666666666666,4.0,80
2009-01-20 01:00:00,0.2831,3.4,81
2009-01-20 02:00:00,0.2832,2.7,82
2009-01-20 03:00:00,0.2603333333333333,2.2,82
2009-01-20 04:00:00,1.0441333333333334,1.8,82
2009-01-20 05:00:00,0.2621333333333333,1.6,83
2009-01-20 06:00:00,1.4887666666666666,1.4,84
2009-01-20 07:00:00,2.397533333333333,1.2,87
2009-01-20 08:00:00,1.9366333333333328,1.1,90
2009-01-20 09:00:00,1.516133333333333,0.5,90
2009-01-20 10:00:00,1.6928333333333334,0.3,91
2009-01-20 11:00:00,1.4546666666666668,1.2,91
2009-01-20 12:00:00,1.7684,3.0,86
2009-01-20 13:00:00,1.52,4.3,80
2009-01-20 14:00:00,1.3550666666666666,4.6,80
2009-01-20 15:00:00,1.4105,4.9,78
2009-01-20 16:00:00,1.3954333333333333,5.2,77
2009-01-20 17:00:00,1.3376,5.2,78
2009-01-20 18:00:00,0.5837,4.9,80
2009-01-20 19:00:00,1.0569666666666666,3.7,85
2009-01-20 20:00:00,1.7583333333333333,3.0,88
2009-01-20 21:00:00,1.6285666666666667,2.6,90
2009-01-20 22:00:00,1.5166,2.0,92
2009-01-20 23:00:00,0.7093333333333334,1.5,93
2009-01-21 00:00:00,0.3242333333333333,0.9,94
2009-01-21 01:00:00,0.3139666666666666,0.4,94
2009-01-21 02:00:00,0.2677333333333333,-0.2,95
2009-01-21 03:00:00,0.2569,-0.4,95
2009-01-21 04:00:00,0.2895,-0.7,95
2009-01-21 05:00:00,0.2562666666666666,-1.0,95
2009-01-21 06:00:00,1.9719666666666664,-1.6,96
2009-01-21 07:00:00,2.7828,-1.9,96
2009-01-21 08:00:00,2.410433333333333,-1.9,96
2009-01-21 09:00:00,1.7473333333333334,-1.8,97
2009-01-21 10:00:00,1.3197666666666668,-1.5,97
2009-01-21 11:00:00,1.3635333333333333,0.0,96
2009-01-21 12:00:00,1.5832000000000002,1.4,92
2009-01-21 13:00:00,1.5441,2.6,89
2009-01-21 14:00:00,0.756,3.2,86
2009-01-21 15:00:00,0.3117666666666666,3.8,83
2009-01-21 16:00:00,1.0665666666666669,4.4,77
2009-01-21 17:00:00,1.0409,4.5,76
2009-01-21 18:00:00,1.6733,4.3,77
2009-01-21 19:00:00,0.8709333333333333,3.8,79
2009-01-21 20:00:00,1.7392333333333334,3.5,81
2009-01-21 21:00:00,3.5802,3.1,85
2009-01-21 22:00:00,1.1283333333333334,2.8,86
2009-01-21 23:00:00,0.3916,2.6,87
2009-01-22 00:00:00,0.3615,2.6,86
2009-01-22 01:00:00,0.3450333333333333,2.6,85
2009-01-22 02:00:00,0.3249333333333333,2.6,85
2009-01-22 03:00:00,0.3514666666666667,2.8,85
2009-01-22 04:00:00,1.1088333333333331,2.7,89
2009-01-22 05:00:00,0.3378,2.6,92
2009-01-22 06:00:00,0.6572666666666667,2.7,93
2009-01-22 07:00:00,2.037033333333333,3.1,93
2009-01-22 08:00:00,2.3693,3.7,92
2009-01-22 09:00:00,1.382,4.4,92
2009-01-22 10:00:00,1.3739333333333337,4.8,92
2009-01-22 11:00:00,1.5109333333333337,5.3,91
2009-01-22 12:00:00,1.441633333333333,5.5,91
2009-01-22 13:00:00,0.3638666666666666,5.6,92
2009-01-22 14:00:00,0.3144333333333333,5.6,92
2009-01-22 15:00:00,0.392,5.9,94
2009-01-22 16:00:00,0.6052,6.4,94
2009-01-22 17:00:00,0.3786,7.1,94
2009-01-22 18:00:00,1.0031333333333334,7.4,94
2009-01-22 19:00:00,0.6932333333333334,7.3,94
2009-01-22 20:00:00,0.3846666666666667,7.1,95
2009-01-22 21:00:00,1.5787,7.0,97
2009-01-22 22:00:00,0.9804,6.9,98
2009-01-22 23:00:00,0.3267,6.9,99
2009-01-23 00:00:00,0.3560333333333333,7.1,98
2009-01-23 01:00:00,0.3139666666666666,7.4,97
2009-01-23 02:00:00,0.3296666666666666,7.6,95
2009-01-23 03:00:00,0.332,7.4,97
2009-01-23 04:00:00,0.3245666666666666,7.7,98
2009-01-23 05:00:00,0.3555,8.7,97
2009-01-23 06:00:00,1.4470333333333334,9.8,93
2009-01-23 07:00:00,2.405533333333333,10.5,92
2009-01-23 08:00:00,2.0273666666666665,10.7,90
2009-01-23 09:00:00,1.9249,10.9,90
2009-01-23 10:00:00,1.7586333333333333,10.5,90
2009-01-23 11:00:00,1.5929,10.7,89
2009-01-23 12:00:00,1.7036666666666669,9.9,86
2009-01-23 13:00:00,1.9738,8.3,85
2009-01-23 14:00:00,2.3958,7.6,79
2009-01-23 15:00:00,1.5886,7.5,76
2009-01-23 16:00:00,0.6526333333333334,7.3,72
2009-01-23 17:00:00,1.2992,7.0,71
2009-01-23 18:00:00,2.682,6.3,69
2009-01-23 19:00:00,2.197666666666666,5.7,68
2009-01-23 20:00:00,1.4466666666666663,5.1,69
2009-01-23 21:00:00,0.7076666666666667,4.5,73
2009-01-23 22:00:00,0.6969333333333334,4.1,75
2009-01-23 23:00:00,1.3295333333333337,3.3,79
2009-01-24 00:00:00,0.3565333333333333,2.8,83
2009-01-24 01:00:00,0.3304,2.5,85
2009-01-24 02:00:00,0.3435333333333333,2.3,87
2009-01-24 03:00:00,0.3320333333333333,2.2,88
2009-01-24 04:00:00,0.3180666666666666,2.0,89
2009-01-24 05:00:00,0.3474666666666666,1.8,91
2009-01-24 06:00:00,0.3267666666666667,1.7,92
2009-01-24 07:00:00,1.5229333333333337,1.7,92
2009-01-24 08:00:00,2.7665333333333333,1.7,92
2009-01-24 09:00:00,1.6612,2.0,94
2009-01-24 10:00:00,1.8617333333333332,2.0,94
2009-01-24 11:00:00,5.0734,2.4,93
2009-01-24 12:00:00,3.5632,3.2,90
2009-01-24 13:00:00,2.916,4.3,86
2009-01-24 14:00:00,0.8525666666666666,5.1,82
2009-01-24 15:00:00,0.3137,5.4,79
2009-01-24 16:00:00,0.3687333333333333,5.7,77
2009-01-24 17:00:00,1.0651666666666668,5.7,77
2009-01-24 18:00:00,2.4965,5.3,78
2009-01-24 19:00:00,2.015133333333333,4.1,83
2009-01-24 20:00:00,3.1385333333333336,3.3,87
2009-01-24 21:00:00,1.5944666666666667,2.8,87
2009-01-24 22:00:00,1.421266666666667,2.0,91
2009-01-24 23:00:00,1.693633333333333,1.3,92
2009-01-25 00:00:00,3.018366666666666,0.8,93
2009-01-25 01:00:00,2.000966666666667,0.4,93
2009-01-25 02:00:00,1.4094666666666666,0.1,93
2009-01-25 03:00:00,1.355,-0.0,94
2009-01-25 04:00:00,1.3823666666666667,0.2,94
2009-01-25 05:00:00,1.3799666666666668,0.3,95
2009-01-25 06:00:00,1.3453333333333333,0.3,95
2009-01-25 07:00:00,1.7613333333333332,0.6,94
2009-01-25 08:00:00,2.2094333333333336,1.0,93
2009-01-25 09:00:00,1.6287666666666667,1.2,93
2009-01-25 10:00:00,1.4973,1.3,93
2009-01-25 11:00:00,1.259966666666667,2.0,90
2009-01-25 12:00:00,3.407833333333333,2.8,88
2009-01-25 13:00:00,4.330433333333334,4.0,83
2009-01-25 14:00:00,2.5736,5.2,78
2009-01-25 15:00:00,3.182633333333333,6.3,74
2009-01-25 16:00:00,2.2279666666666667,6.8,72
2009-01-25 17:00:00,2.399433333333333,6.9,72
2009-01-25 18:00:00,2.1499,6.3,73
2009-01-25 19:00:00,2.7504666666666666,5.6,74
2009-01-25 20:00:00,1.2553,5.4,73
2009-01-25 21:00:00,1.2008333333333332,5.0,73
2009-01-25 22:00:00,0.5278333333333334,4.9,76
2009-01-25 23:00:00,1.1399,4.9,82
2009-01-26 00:00:00,0.3967666666666666,4.9,87
2009-01-26 01:00:00,0.2763333333333333,5.0,92
2009-01-26 02:00:00,0.3079333333333333,5.0,94
2009-01-26 03:00:00,0.2584,4.9,95
2009-01-26 04:00:00,0.2586666666666666,4.9,95
2009-01-26 05:00:00,0.2930333333333333,4.7,96
2009-01-26 06:00:00,0.8261000000000001,4.2,97
2009-01-26 07:00:00,2.3397666666666668,3.5,97
2009-01-26 08:00:00,1.5844999999999998,3.3,97
2009-01-26 09:00:00,1.4558,3.5,97
2009-01-26 10:00:00,1.1718666666666666,3.5,97
2009-01-26 11:00:00,0.3695666666666666,3.7,96
2009-01-26 12:00:00,1.7499,3.8,94
2009-01-26 13:00:00,1.9357,4.0,90
2009-01-26 14:00:00,1.7821333333333331,4.8,86
2009-01-26 15:00:00,1.8828,5.3,84
2009-01-26 16:00:00,1.0751,5.7,81
2009-01-26 17:00:00,0.8909,5.8,80
2009-01-26 18:00:00,0.6995666666666666,5.7,82
2009-01-26 19:00:00,2.3888000000000003,5.2,84
2009-01-26 20:00:00,1.8882,4.5,89
2009-01-26 21:00:00,2.4245333333333337,4.4,90
2009-01-26 22:00:00,0.8665666666666667,4.2,92
2009-01-26 23:00:00,0.7849333333333334,3.9,94
2009-01-27 00:00:00,0.4223,3.7,94
2009-01-27 01:00:00,0.3787333333333333,3.7,94
2009-01-27 02:00:00,0.4147666666666667,3.6,92
2009-01-27 03:00:00,0.3571333333333333,3.6,90
2009-01-27 04:00:00,0.3749333333333333,3.2,90
2009-01-27 05:00:00,1.0158666666666667,3.2,89
2009-01-27 06:00:00,0.7419333333333333,2.9,89
2009-01-27 07:00:00,2.030066666666667,2.8,89
2009-01-27 08:00:00,1.7459333333333331,2.6,89
2009-01-27 09:00:00,1.7676333333333332,2.3,92
2009-01-27 10:00:00,1.587,2.6,91
2009-01-27 11:00:00,1.2878666666666667,3.3,89
2009-01-27 12:00:00,0.6185666666666666,4.1,87
2009-01-27 13:00:00,0.9198666666666668,5.1,79
2009-01-27 14:00:00,0.4892666666666667,5.4,77
2009-01-27 15:00:00,0.4121333333333333,6.1,70
2009-01-27 16:00:00,0.3559,6.1,71
2009-01-27 17:00:00,1.0202666666666669,5.9,76
2009-01-27 18:00:00,0.5165666666666666,5.5,80
2009-01-27 19:00:00,2.9132333333333333,4.7,83
2009-01-27 20:00:00,1.7003333333333333,4.1,86
2009-01-27 21:00:00,1.258,3.7,89
2009-01-27 22:00:00,1.0394333333333334,3.1,91
2009-01-27 23:00:00,0.3827666666666667,2.5,94
2009-01-28 00:00:00,2.654533333333333,1.7,96
2009-01-28 01:00:00,1.2216333333333331,2.0,94
2009-01-28 02:00:00,0.7255666666666667,1.9,95
2009-01-28 03:00:00,0.2691,1.3,96
2009-01-28 04:00:00,0.2666,0.5,98
2009-01-28 05:00:00,0.3050333333333333,-0.1,98
2009-01-28 06:00:00,0.5275666666666666,-0.2,98
2009-01-28 07:00:00,1.8690666666666664,-0.3,98
2009-01-28 08:00:00,1.6303333333333332,-0.7,98
2009-01-28 09:00:00,1.6323333333333332,-0.4,97
2009-01-28 10:00:00,2.1380666666666666,-0.2,97
2009-01-28 11:00:00,2.2313,1.3,93
2009-01-28 12:00:00,2.1204666666666667,2.0,89
2009-01-28 13:00:00,2.0874,2.7,84
2009-01-28 14:00:00,2.3346333333333336,3.2,81
2009-01-28 15:00:00,4.209366666666667,3.7,78
2009-01-28 16:00:00,4.301233333333333,3.9,76
2009-01-28 17:00:00,3.2322,3.9,76
2009-01-28 18:00:00,3.875333333333333,3.6,76
2009-01-28 19:00:00,2.3791333333333333,2.9,80
2009-01-28 20:00:00,2.8319666666666667,2.5,82
2009-01-28 21:00:00,1.7506,2.0,85
2009-01-28 22:00:00,0.4583666666666666,1.6,86
2009-01-28 23:00:00,0.3103999999999999,1.5,85
2009-01-29 00:00:00,0.3013333333333333,1.5,83
2009-01-29 01:00:00,0.2733666666666667,1.2,83
2009-01-29 02:00:00,0.3036,0.7,85
2009-01-29 03:00:00,0.2785,0.3,86
2009-01-29 04:00:00,0.9279666666666668,0.1,86
2009-01-29 05:00:00,0.3028,-0.2,87
2009-01-29 06:00:00,0.6937666666666666,-0.6,88
2009-01-29 07:00:00,2.0624,-1.0,89
2009-01-29 08:00:00,1.9141,-1.5,91
2009-01-29 09:00:00,1.8783333333333332,-1.9,95
2009-01-29 10:00:00,1.3802666666666668,-1.9,95
2009-01-29 11:00:00,0.9658,-1.2,93
2009-01-29 12:00:00,1.9086,-0.6,90
2009-01-29 13:00:00,1.8314333333333328,0.2,87
2009-01-29 14:00:00,1.8447666666666664,1.2,83
2009-01-29 15:00:00,0.7404333333333334,2.0,81
2009-01-29 16:00:00,0.9024,2.7,77
2009-01-29 17:00:00,0.7066333333333333,2.9,76
2009-01-29 18:00:00,0.8510666666666666,2.1,80
2009-01-29 19:00:00,1.6716,1.0,84
2009-01-29 20:00:00,1.3348666666666666,-0.1,89
2009-01-29 21:00:00,1.5865333333333331,-0.8,90
2009-01-29 22:00:00,1.2076666666666669,-1.2,90
2009-01-29 23:00:00,0.3600666666666666,-1.4,90
2009-01-30 00:00:00,0.3187,-1.8,91
2009-01-30 01:00:00,0.2941,-2.2,91
2009-01-30 02:00:00,0.2865333333333333,-2.2,91
2009-01-30 03:00:00,0.3187666666666667,-2.2,91
2009-01-30 04:00:00,0.2977666666666667,-2.2,91
2009-01-30 05:00:00,0.2792666666666666,-2.3,91
2009-01-30 06:00:00,1.7490666666666668,-2.4,91
2009-01-30 07:00:00,2.5133333333333336,-2.5,91
2009-01-30 08:00:00,1.9205666666666663,-2.5,91
2009-01-30 09:00:00,2.1337333333333333,-2.8,92
2009-01-30 10:00:00,1.2665666666666666,-2.6,91
2009-01-30 11:00:00,1.0696,-1.3,89
2009-01-30 12:00:00,1.9283666666666663,0.6,83
2009-01-30 13:00:00,2.015633333333333,2.3,78
2009-01-30 14:00:00,1.9597666666666669,3.6,74
2009-01-30 15:00:00,1.9473666666666667,4.5,71
2009-01-30 16:00:00,1.580466666666667,5.0,70
2009-01-30 17:00:00,3.019766666666667,4.9,72
2009-01-30 18:00:00,2.5259333333333336,3.8,76
2009-01-30 19:00:00,1.9997,2.3,82
2009-01-30 20:00:00,1.6510666666666665,1.5,85
2009-01-30 21:00:00,1.9411666666666667,1.3,84
2009-01-30 22:00:00,0.9333666666666668,1.3,83
2009-01-30 23:00:00,0.3666999999999999,1.0,83
2009-01-31 00:00:00,0.7961000000000001,0.7,83
2009-01-31 01:00:00,0.284,0.5,83
2009-01-31 02:00:00,0.2890333333333333,0.4,81
2009-01-31 03:00:00,0.2828333333333333,0.3,80
2009-01-31 04:00:00,0.3027333333333333,0.1,79
2009-01-31 05:00:00,0.2695,-0.1,78
2009-01-31 06:00:00,0.3776333333333334,-0.3,77
2009-01-31 07:00:00,2.6601,-0.6,77
2009-01-31 08:00:00,2.4369666666666663,-0.9,77
2009-01-31 09:00:00,2.5088,-1.0,84
2009-01-31 10:00:00,1.7707666666666666,-0.9,83
2009-01-31 11:00:00,3.2394666666666665,0.3,79
2009-01-31 12:00:00,2.7857,1.9,73
2009-01-31 13:00:00,2.1998,3.6,68
2009-01-31 14:00:00,2.7052666666666667,4.9,64
2009-01-31 15:00:00,1.2613666666666667,5.8,62
2009-01-31 16:00:00,3.407433333333333,6.0,61
2009-01-31 17:00:00,5.072500000000001,5.7,62
2009-01-31 18:00:00,3.7634,4.4,64
2009-01-31 19:00:00,4.503566666666667,2.7,67
2009-01-31 20:00:00,3.9,1.5,69
2009-01-31 21:00:00,3.471766666666667,-0.0,74
2009-01-31 22:00:00,3.8216666666666663,-0.6,75
2009-01-31 23:00:00,3.1038,-1.2,75
2009-02-01 00:00:00,3.3216666666666668,-1.6,76
2009-02-01 01:00:00,3.0756,-2.0,76
2009-02-01 02:00:00,1.415333333333333,-2.3,76
2009-02-01 03:00:00,0.6026666666666667,-2.5,75
2009-02-01 04:00:00,0.3294333333333333,-2.7,75
2009-02-01 05:00:00,0.3217,-2.9,75
2009-02-01 06:00:00,0.3244333333333333,-3.0,74
2009-02-01 07:00:00,0.3015,-3.0,74
2009-02-01 08:00:00,1.0914333333333337,-3.0,74
2009-02-01 09:00:00,1.1221333333333334,-3.0,77
2009-02-01 10:00:00,0.5498333333333334,-2.8,76
2009-02-01 11:00:00,1.4765,-1.7,74
2009-02-01 12:00:00,2.0776,-0.4,70
2009-02-01 13:00:00,2.1430333333333333,1.0,61
2009-02-01 14:00:00,1.1609666666666667,1.5,62
2009-02-01 15:00:00,0.7485999999999999,2.0,60
2009-02-01 16:00:00,0.7871034482758621,1.9,59
2009-02-01 17:00:00,1.6540377358490566,1.5,59
2009-02-01 18:00:00,2.3366,1.2,60
2009-02-01 19:00:00,1.4655333333333334,0.5,60
2009-02-01 20:00:00,2.2894333333333337,-0.0,61
2009-02-01 21:00:00,1.0868666666666666,-0.6,63
2009-02-01 22:00:00,0.7607666666666667,-0.6,62
2009-02-01 23:00:00,0.2812,-0.5,61
2009-02-02 00:00:00,0.2756,-0.5,61
2009-02-02 01:00:00,0.3015,-0.9,63
2009-02-02 02:00:00,0.2748,-1.0,65
2009-02-02 03:00:00,0.8642,-1.0,66
2009-02-02 04:00:00,0.2991666666666666,-1.1,69
2009-02-02 05:00:00,0.2788333333333333,-1.3,74
2009-02-02 06:00:00,1.8350333333333333,-1.4,79
2009-02-02 07:00:00,2.113266666666666,-1.4,84
2009-02-02 08:00:00,1.3669,-1.3,89
2009-02-02 09:00:00,1.3378333333333332,-1.0,93
2009-02-02 10:00:00,1.3349,-0.4,95
2009-02-02 11:00:00,1.3464,0.6,95
2009-02-02 12:00:00,1.3259333333333332,1.8,93
2009-02-02 13:00:00,0.2604333333333333,3.2,90
2009-02-02 14:00:00,0.2855,4.0,89
2009-02-02 15:00:00,0.3067666666666666,4.7,88
2009-02-02 16:00:00,0.4813666666666666,5.0,89
2009-02-02 17:00:00,0.3198666666666667,5.0,90
2009-02-02 18:00:00,1.0355666666666667,4.9,91
2009-02-02 19:00:00,2.218733333333333,4.7,93
2009-02-02 20:00:00,2.7483,4.0,96
2009-02-02 21:00:00,1.8402333333333332,2.3,98
2009-02-02 22:00:00,2.395433333333333,0.8,96
2009-02-02 23:00:00,1.8751,-0.3,93
2009-02-03 00:00:00,0.3337,-1.3,93
2009-02-03 01:00:00,0.2896333333333333,-2.0,94
2009-02-03 02:00:00,0.2913333333333333,-2.6,94
2009-02-03 03:00:00,0.2926666666666666,-2.8,94
2009-02-03 04:00:00,0.3026,-3.0,93
2009-02-03 05:00:00,0.2834333333333333,-3.6,93
2009-02-03 06:00:00,1.5976,-3.9,93
2009-02-03 07:00:00,2.0793666666666666,-4.0,93
2009-02-03 08:00:00,1.5312666666666668,-4.3,93
2009-02-03 09:00:00,1.5868,-4.2,93
2009-02-03 10:00:00,1.6326,-4.0,93
2009-02-03 11:00:00,1.5806666666666669,-2.8,91
2009-02-03 12:00:00,1.7129333333333332,-1.0,87
2009-02-03 13:00:00,2.3165666666666667,0.4,81
2009-02-03 14:00:00,1.5198333333333334,1.5,73
2009-02-03 15:00:00,1.4008333333333334,2.3,65
2009-02-03 16:00:00,1.3944333333333332,2.7,58
2009-02-03 17:00:00,1.5492666666666668,2.6,56
2009-02-03 18:00:00,1.8788333333333331,2.1,61
2009-02-03 19:00:00,1.7648,0.5,68
2009-02-03 20:00:00,1.734033333333333,-1.9,79
2009-02-03 21:00:00,1.7607333333333337,-3.5,85
2009-02-03 22:00:00,1.2270333333333334,-4.1,85
2009-02-03 23:00:00,1.0788666666666666,-4.2,85
2009-02-04 00:00:00,0.2742666666666666,-4.4,86
2009-02-04 01:00:00,0.2642666666666666,-4.6,87
2009-02-04 02:00:00,0.9555,-4.6,88
2009-02-04 03:00:00,0.262,-4.4,88
2009-02-04 04:00:00,0.2665333333333333,-4.2,88
2009-02-04 05:00:00,0.2717666666666666,-4.5,88
2009-02-04 06:00:00,2.214233333333333,-4.8,89
2009-02-04 07:00:00,3.3687666666666667,-4.3,89
2009-02-04 08:00:00,4.0461,-4.1,90
2009-02-04 09:00:00,2.644033333333333,-3.9,93
2009-02-04 10:00:00,2.871866666666667,-3.2,95
2009-02-04 11:00:00,1.7976,-2.0,93
2009-02-04 12:00:00,1.590666666666667,-0.5,87
2009-02-04 13:00:00,1.3151666666666666,0.7,82
2009-02-04 14:00:00,2.651933333333333,1.9,76
2009-02-04 15:00:00,2.1921666666666666,3.1,74
2009-02-04 16:00:00,1.4204666666666663,3.7,75
2009-02-04 17:00:00,1.8415333333333332,3.6,79
2009-02-04 18:00:00,2.5424,3.2,83
2009-02-04 19:00:00,2.5563333333333333,2.5,88
2009-02-04 20:00:00,2.6028333333333333,1.6,91
2009-02-04 21:00:00,1.3765333333333334,1.6,92
2009-02-04 22:00:00,1.3702333333333334,1.5,91
2009-02-04 23:00:00,0.3182,1.7,91
2009-02-05 00:00:00,0.3428666666666666,2.0,90
2009-02-05 01:00:00,1.1451333333333331,2.1,90
2009-02-05 02:00:00,0.2943666666666666,2.4,90
2009-02-05 03:00:00,0.5680333333333334,2.9,89
2009-02-05 04:00:00,0.8099333333333333,3.4,89
2009-02-05 05:00:00,0.2735333333333333,3.6,88
2009-02-05 06:00:00,1.3363,4.2,87
2009-02-05 07:00:00,1.6970333333333334,4.2,88
2009-02-05 08:00:00,1.4277333333333333,4.0,89
2009-02-05 09:00:00,1.5066,3.7,89
2009-02-05 10:00:00,1.3865,3.8,89
2009-02-05 11:00:00,1.3411666666666666,4.9,88
2009-02-05 12:00:00,0.8336333333333333,6.3,87
2009-02-05 13:00:00,1.5134333333333332,7.3,84
2009-02-05 14:00:00,1.5414,8.1,80
2009-02-05 15:00:00,0.5696,8.6,77
2009-02-05 16:00:00,1.451633333333333,8.5,77
2009-02-05 17:00:00,1.1533,8.5,77
2009-02-05 18:00:00,1.4748666666666668,7.9,80
2009-02-05 19:00:00,1.9247333333333327,6.7,85
2009-02-05 20:00:00,2.7241,5.5,89
2009-02-05 21:00:00,0.7076333333333333,4.8,89
2009-02-05 22:00:00,0.8102,4.1,90
2009-02-05 23:00:00,0.6510666666666667,3.6,91
2009-02-06 00:00:00,0.3445999999999999,3.1,92
2009-02-06 01:00:00,1.0315333333333332,2.9,91
2009-02-06 02:00:00,0.3439666666666666,2.5,91
2009-02-06 03:00:00,0.7088666666666666,2.3,91
2009-02-06 04:00:00,0.6614,2.0,90
2009-02-06 05:00:00,0.3359,1.9,90
2009-02-06 06:00:00,2.118033333333333,1.9,89
2009-02-06 07:00:00,2.2552000000000003,1.8,89
2009-02-06 08:00:00,2.5251666666666663,1.8,89
2009-02-06 09:00:00,1.7821333333333331,1.4,89
2009-02-06 10:00:00,2.231533333333333,1.6,89
2009-02-06 11:00:00,1.4457,3.3,88
2009-02-06 12:00:00,0.7231666666666666,5.6,82
2009-02-06 13:00:00,1.0996666666666668,7.4,78
2009-02-06 14:00:00,0.3867333333333333,8.6,73
2009-02-06 15:00:00,0.8613666666666667,9.4,65
2009-02-06 16:00:00,1.2248333333333332,9.7,62
2009-02-06 17:00:00,2.3738666666666663,9.2,66
2009-02-06 18:00:00,2.8953,8.6,71
2009-02-06 19:00:00,1.7910666666666666,6.9,78
2009-02-06 20:00:00,1.5201666666666669,5.4,85
2009-02-06 21:00:00,2.335066666666667,5.0,87
2009-02-06 22:00:00,1.7275333333333334,3.8,92
2009-02-06 23:00:00,1.4171333333333334,2.8,93
2009-02-07 00:00:00,1.1558,1.6,95
2009-02-07 01:00:00,0.3114333333333333,0.7,96
2009-02-07 02:00:00,0.2756,-0.0,97
2009-02-07 03:00:00,0.2925666666666666,-0.3,97
2009-02-07 04:00:00,0.2789999999999999,-0.6,97
2009-02-07 05:00:00,0.2603,-1.1,97
2009-02-07 06:00:00,0.2763333333333333,-1.4,97
2009-02-07 07:00:00,1.1605,-1.2,97
2009-02-07 08:00:00,1.9180333333333333,-0.8,97
2009-02-07 09:00:00,1.4660666666666666,-0.4,97
2009-02-07 10:00:00,2.595533333333333,0.5,97
2009-02-07 11:00:00,3.710333333333333,1.5,96
2009-02-07 12:00:00,2.1823,2.1,95
2009-02-07 13:00:00,2.8866333333333336,2.4,95
2009-02-07 14:00:00,4.402833333333334,2.1,97
2009-02-07 15:00:00,3.5533,2.1,96
2009-02-07 16:00:00,3.403833333333333,1.7,95
2009-02-07 17:00:00,2.3437666666666668,1.5,92
2009-02-07 18:00:00,3.0493666666666663,1.3,85
2009-02-07 19:00:00,3.0098333333333334,1.4,82
2009-02-07 20:00:00,4.395833333333333,1.2,83
2009-02-07 21:00:00,2.933466666666667,0.9,83
2009-02-07 22:00:00,3.5941,0.3,86
2009-02-07 23:00:00,2.7355,-0.5,89
2009-02-08 00:00:00,2.455233333333333,-1.4,90
2009-02-08 01:00:00,3.1631,-1.9,90
2009-02-08 02:00:00,1.3985,-1.8,90
2009-02-08 03:00:00,1.3962666666666663,-1.4,91
2009-02-08 04:00:00,0.8466666666666668,-0.9,90
2009-02-08 05:00:00,0.2920666666666667,-0.6,89
2009-02-08 06:00:00,0.2893,-0.7,89
2009-02-08 07:00:00,0.32,-0.7,89
2009-02-08 08:00:00,0.2967,-0.8,90
2009-02-08 09:00:00,0.9675666666666668,0.2,91
2009-02-08 10:00:00,1.6600666666666666,0.6,90
2009-02-08 11:00:00,1.5530666666666666,1.4,88
2009-02-08 12:00:00,1.3807666666666667,2.4,83
2009-02-08 13:00:00,2.060566666666667,3.4,76
2009-02-08 14:00:00,0.4966,4.1,65
2009-02-08 15:00:00,0.7671333333333333,4.5,58
2009-02-08 16:00:00,2.3340666666666667,4.9,54
2009-02-08 17:00:00,2.2094333333333336,4.7,55
2009-02-08 18:00:00,3.728933333333333,4.2,59
2009-02-08 19:00:00,3.009333333333333,3.3,64
2009-02-08 20:00:00,3.532633333333333,2.4,69
2009-02-08 21:00:00,1.3849333333333331,1.9,78
2009-02-08 22:00:00,0.4914666666666666,1.3,82
2009-02-08 23:00:00,0.3467,1.1,85
2009-02-09 00:00:00,0.3106333333333334,1.0,88
2009-02-09 01:00:00,0.8632000000000001,0.7,90
2009-02-09 02:00:00,0.3248333333333333,0.8,92
2009-02-09 03:00:00,0.3102,1.0,94
2009-02-09 04:00:00,0.2736666666666666,1.5,94
2009-02-09 05:00:00,0.2809333333333333,2.0,95
2009-02-09 06:00:00,1.3206,2.4,95
2009-02-09 07:00:00,2.4069,2.7,96
2009-02-09 08:00:00,1.8940666666666668,2.8,96
2009-02-09 09:00:00,1.3527,3.1,96
2009-02-09 10:00:00,1.4391666666666665,3.2,96
2009-02-09 11:00:00,2.084033333333333,3.9,95
2009-02-09 12:00:00,2.3414,4.9,87
2009-02-09 13:00:00,2.3981,5.4,83
2009-02-09 14:00:00,0.9475333333333332,4.9,87
2009-02-09 15:00:00,0.7392,4.3,90
2009-02-09 16:00:00,0.4771999999999999,4.3,92
2009-02-09 17:00:00,0.9062,5.3,93
2009-02-09 18:00:00,1.2161333333333333,7.0,95
2009-02-09 19:00:00,2.8116,9.0,93
2009-02-09 20:00:00,1.6895666666666669,10.0,91
2009-02-09 21:00:00,1.0875,10.0,92
2009-02-09 22:00:00,0.6504,10.2,86
2009-02-09 23:00:00,0.3182,10.3,82
2009-02-10 00:00:00,1.1084333333333334,10.2,80
2009-02-10 01:00:00,0.2729666666666667,10.1,79
2009-02-10 02:00:00,0.2695666666666667,10.1,77
2009-02-10 03:00:00,0.3,9.5,79
2009-02-10 04:00:00,0.2778,9.1,82
2009-02-10 05:00:00,0.2727,8.7,86
2009-02-10 06:00:00,0.7643000000000001,8.8,88
2009-02-10 07:00:00,2.4165,6.9,91
2009-02-10 08:00:00,1.8173333333333332,4.2,85
2009-02-10 09:00:00,1.7789666666666666,4.4,84
2009-02-10 10:00:00,1.7232999999999998,4.8,82
2009-02-10 11:00:00,1.3493,5.0,81
2009-02-10 12:00:00,1.5753,5.3,80
2009-02-10 13:00:00,1.8954,5.6,80
2009-02-10 14:00:00,1.7777666666666667,6.2,79
2009-02-10 15:00:00,1.8036333333333332,5.2,81
2009-02-10 16:00:00,1.8409,5.0,87
2009-02-10 17:00:00,1.2932666666666668,5.1,88
2009-02-10 18:00:00,1.3038666666666667,4.2,85
2009-02-10 19:00:00,1.756233333333333,3.9,82
2009-02-10 20:00:00,2.2601,3.3,80
2009-02-10 21:00:00,1.4135333333333333,2.8,81
2009-02-10 22:00:00,1.7046333333333334,2.3,81
2009-02-10 23:00:00,1.4212333333333331,1.8,83
2009-02-11 00:00:00,0.9705,1.4,85
2009-02-11 01:00:00,0.2705666666666667,0.9,87
2009-02-11 02:00:00,0.2672333333333333,0.5,89
2009-02-11 03:00:00,0.2964,0.2,91
2009-02-11 04:00:00,0.2748666666666667,-0.1,92
2009-02-11 05:00:00,0.2667666666666666,-0.3,93
2009-02-11 06:00:00,1.2882,-0.8,94
2009-02-11 07:00:00,2.3439666666666668,-1.2,95
2009-02-11 08:00:00,1.4635333333333334,-1.8,95
2009-02-11 09:00:00,1.507966666666667,-1.5,97
2009-02-11 10:00:00,2.3722666666666665,-0.9,97
2009-02-11 11:00:00,2.2017,1.8,94
2009-02-11 12:00:00,4.249266666666666,3.2,84
2009-02-11 13:00:00,3.4674,4.5,73
2009-02-11 14:00:00,2.2748,5.3,67
2009-02-11 15:00:00,1.6618,5.7,64
2009-02-11 16:00:00,0.7015999999999999,5.7,66
2009-02-11 17:00:00,1.0134,6.0,63
2009-02-11 18:00:00,5.2338000000000005,5.7,65
2009-02-11 19:00:00,2.367033333333333,4.7,69
2009-02-11 20:00:00,4.0643666666666665,3.4,75
2009-02-11 21:00:00,3.466833333333333,2.9,82
2009-02-11 22:00:00,1.6241333333333332,2.4,85
2009-02-11 23:00:00,0.3414333333333333,2.1,89
2009-02-12 00:00:00,0.3016333333333333,2.0,92
2009-02-12 01:00:00,0.3078666666666667,2.1,91
2009-02-12 02:00:00,1.0226,1.8,92
2009-02-12 03:00:00,0.2824,1.4,96
2009-02-12 04:00:00,0.3009666666666666,1.3,97
2009-02-12 05:00:00,0.294,1.4,95
2009-02-12 06:00:00,1.0821333333333334,1.0,93
2009-02-12 07:00:00,2.716133333333333,0.6,92
2009-02-12 08:00:00,1.5252333333333332,0.2,91
2009-02-12 09:00:00,1.3599666666666663,-0.5,92
2009-02-12 10:00:00,1.4744666666666668,-0.3,93
2009-02-12 11:00:00,1.6238666666666668,0.9,86
2009-02-12 12:00:00,1.610766666666667,2.0,83
2009-02-12 13:00:00,1.7343666666666666,3.0,73
2009-02-12 14:00:00,1.3486333333333334,3.8,63
2009-02-12 15:00:00,1.3634666666666666,4.5,56
2009-02-12 16:00:00,1.4146333333333334,4.8,55
2009-02-12 17:00:00,1.3661666666666668,4.7,55
2009-02-12 18:00:00,1.4603666666666666,4.1,61
2009-02-12 19:00:00,2.8807666666666667,3.3,64
2009-02-12 20:00:00,3.2651,2.2,70
2009-02-12 21:00:00,2.7995,1.8,75
2009-02-12 22:00:00,0.9861,1.0,79
2009-02-12 23:00:00,0.2898666666666666,0.3,83
2009-02-13 00:00:00,0.2697,0.2,85
2009-02-13 01:00:00,0.2949,0.0,87
2009-02-13 02:00:00,0.2659666666666667,0.0,89
2009-02-13 03:00:00,0.2727333333333333,0.1,91
2009-02-13 04:00:00,0.2963666666666666,0.2,92
2009-02-13 05:00:00,0.2630333333333333,0.2,94
2009-02-13 06:00:00,0.6438666666666666,0.3,93
2009-02-13 07:00:00,1.9198,0.3,90
2009-02-13 08:00:00,2.654733333333333,0.4,88
2009-02-13 09:00:00,1.5206666666666666,0.4,92
2009-02-13 10:00:00,1.7355333333333334,0.5,92
2009-02-13 11:00:00,1.3231333333333335,1.0,90
2009-02-13 12:00:00,1.3358333333333334,1.5,91
2009-02-13 13:00:00,1.3617666666666668,2.4,91
2009-02-13 14:00:00,1.3601666666666667,3.3,89
2009-02-13 15:00:00,0.9896666666666668,4.0,85
2009-02-13 16:00:00,0.9286,4.2,82
2009-02-13 17:00:00,1.8969333333333331,4.2,81
2009-02-13 18:00:00,1.3413333333333337,3.8,83
2009-02-13 19:00:00,3.008166666666667,3.3,85
2009-02-13 20:00:00,1.7528,2.6,88
2009-02-13 21:00:00,1.4446,1.6,92
2009-02-13 22:00:00,0.9541,1.3,93
2009-02-13 23:00:00,0.3326333333333334,0.8,95
2009-02-14 00:00:00,0.3277,0.7,94
2009-02-14 01:00:00,0.3266333333333333,0.8,94
2009-02-14 02:00:00,0.2722666666666666,0.6,93
2009-02-14 03:00:00,0.2611333333333333,0.0,94
2009-02-14 04:00:00,0.2619666666666667,-0.9,95
2009-02-14 05:00:00,0.5269,-1.5,94
2009-02-14 06:00:00,1.1724,-1.9,94
2009-02-14 07:00:00,2.1492,-1.9,93
2009-02-14 08:00:00,2.1604666666666668,-1.6,92
2009-02-14 09:00:00,1.5056896551724137,-1.4,95
2009-02-14 10:00:00,1.4796,-0.6,93
2009-02-14 11:00:00,3.4953,0.3,84
2009-02-14 12:00:00,2.0027,1.0,78
2009-02-14 13:00:00,2.333966666666667,1.5,74
2009-02-14 14:00:00,1.6577333333333333,2.1,71
2009-02-14 15:00:00,2.9282666666666666,2.7,68
2009-02-14 16:00:00,2.0024,2.9,65
2009-02-14 17:00:00,1.4496,2.8,64
2009-02-14 18:00:00,2.119,2.5,63
2009-02-14 19:00:00,2.3902666666666668,1.7,68
2009-02-14 20:00:00,2.581833333333333,1.1,71
2009-02-14 21:00:00,1.8936,0.2,81
2009-02-14 22:00:00,1.7006333333333332,-1.4,85
2009-02-14 23:00:00,1.9275,-2.4,86
2009-02-15 00:00:00,1.391233333333333,-2.8,86
2009-02-15 01:00:00,1.3633333333333333,-2.9,86
2009-02-15 02:00:00,1.348766666666667,-2.7,86
2009-02-15 03:00:00,1.3561333333333332,-2.5,86
2009-02-15 04:00:00,1.3390333333333333,-1.6,84
2009-02-15 05:00:00,1.3651333333333333,-1.8,85
2009-02-15 06:00:00,1.346,-1.8,85
2009-02-15 07:00:00,1.3188,-2.0,86
2009-02-15 08:00:00,1.6167333333333334,-2.1,87
2009-02-15 09:00:00,2.0764666666666667,-2.1,92
2009-02-15 10:00:00,1.8046,-1.9,92
2009-02-15 11:00:00,1.9794,-0.5,88
2009-02-15 12:00:00,1.3689,1.4,80
2009-02-15 13:00:00,1.356933333333333,2.9,72
2009-02-15 14:00:00,0.4882666666666667,4.0,65
2009-02-15 15:00:00,0.2892,4.5,60
2009-02-15 16:00:00,0.2612666666666666,4.7,58
2009-02-15 17:00:00,0.3571333333333333,4.6,57
2009-02-15 18:00:00,0.9274,4.0,63
2009-02-15 19:00:00,0.9126333333333334,2.9,67
2009-02-15 20:00:00,0.4305,1.6,74
2009-02-15 21:00:00,1.0123333333333333,0.8,76
2009-02-15 22:00:00,0.3655666666666667,0.1,80
2009-02-15 23:00:00,0.3581,-0.2,82
2009-02-16 00:00:00,0.3864666666666666,0.2,81
2009-02-16 01:00:00,0.3705,0.8,80
2009-02-16 02:00:00,0.3594666666666667,1.1,82
2009-02-16 03:00:00,0.3724333333333333,1.5,83
2009-02-16 04:00:00,0.3927666666666666,1.9,85
2009-02-16 05:00:00,0.4008,2.3,89
2009-02-16 06:00:00,1.1400333333333337,2.7,92
2009-02-16 07:00:00,0.3862,3.1,94
2009-02-16 08:00:00,0.3585666666666666,3.3,96
2009-02-16 09:00:00,0.6375666666666666,3.6,97
2009-02-16 10:00:00,0.7396,4.1,97
2009-02-16 11:00:00,0.7832666666666667,4.7,97
2009-02-16 12:00:00,0.7120666666666666,5.4,94
2009-02-16 13:00:00,0.3888999999999999,6.4,89
2009-02-16 14:00:00,0.3690333333333333,8.0,73
2009-02-16 15:00:00,1.0002,8.4,70
2009-02-16 16:00:00,0.6861999999999999,8.6,71
2009-02-16 17:00:00,1.0695333333333332,8.5,73
2009-02-16 18:00:00,1.9549666666666667,8.3,74
2009-02-16 19:00:00,3.1627,7.5,77
2009-02-16 20:00:00,2.2268666666666665,6.7,80
2009-02-16 21:00:00,1.652,6.0,85
2009-02-16 22:00:00,1.3785,5.8,87
2009-02-16 23:00:00,1.0546,5.3,91
2009-02-17 00:00:00,0.2517,5.0,94
2009-02-17 01:00:00,0.2945,5.0,95
2009-02-17 02:00:00,0.2514666666666666,5.1,95
2009-02-17 03:00:00,0.2518666666666667,5.2,95
2009-02-17 04:00:00,0.2954666666666666,5.1,96
2009-02-17 05:00:00,0.2523,5.0,95
2009-02-17 06:00:00,0.5712333333333334,4.8,95
2009-02-17 07:00:00,0.4763666666666666,4.8,95
2009-02-17 08:00:00,2.1623666666666663,4.7,95
2009-02-17 09:00:00,0.5476333333333334,4.5,95
2009-02-17 10:00:00,0.7576111111111111,5.0,95
2009-02-17 11:00:00,1.3333333333333333,5.5,93
2009-02-17 12:00:00,1.3472333333333333,6.3,90
2009-02-17 13:00:00,0.42,7.2,86
2009-02-17 14:00:00,0.2512999999999999,7.7,84
2009-02-17 15:00:00,0.3181666666666666,8.1,83
2009-02-17 16:00:00,0.3944666666666666,8.2,83
2009-02-17 17:00:00,0.3543333333333333,8.2,84
2009-02-17 18:00:00,0.3553666666666666,8.0,85
2009-02-17 19:00:00,0.6144666666666667,7.7,87
2009-02-17 20:00:00,0.7056333333333333,7.6,88
2009-02-17 21:00:00,0.3835,7.4,90
2009-02-17 22:00:00,0.3676333333333333,7.3,91
2009-02-17 23:00:00,0.3734,7.3,92
2009-02-18 00:00:00,0.3869999999999999,7.2,94
2009-02-18 01:00:00,0.3493333333333333,7.0,95
2009-02-18 02:00:00,0.3582666666666666,6.8,96
2009-02-18 03:00:00,0.3985,6.5,97
2009-02-18 04:00:00,0.6129,6.2,97
2009-02-18 05:00:00,0.8144666666666667,5.9,97
2009-02-18 06:00:00,0.3992,5.6,98
2009-02-18 07:00:00,0.3483333333333333,5.4,98
2009-02-18 08:00:00,0.3484,5.2,98
2009-02-18 09:00:00,0.3876666666666667,5.4,94
2009-02-18 10:00:00,0.8735666666666667,5.3,92
2009-02-18 11:00:00,1.3320333333333332,5.0,88
2009-02-18 12:00:00,1.3415,4.9,85
2009-02-18 13:00:00,1.3274333333333332,4.9,82
2009-02-18 14:00:00,0.6168333333333333,5.0,80
2009-02-18 15:00:00,0.2553666666666666,5.0,77
2009-02-18 16:00:00,0.2613,5.3,74
2009-02-18 17:00:00,0.2924,5.2,72
2009-02-18 18:00:00,0.4517,5.0,72
2009-02-18 19:00:00,0.3769,4.5,73
2009-02-18 20:00:00,0.3959,3.6,76
2009-02-18 21:00:00,0.6886333333333333,3.6,80
2009-02-18 22:00:00,0.7493,3.1,79
2009-02-18 23:00:00,0.4072333333333333,2.6,77
2009-02-19 00:00:00,0.3556333333333333,2.3,75
2009-02-19 01:00:00,0.3571666666666667,1.8,75
2009-02-19 02:00:00,0.3868999999999999,1.6,75
2009-02-19 03:00:00,0.3517,1.0,80
2009-02-19 04:00:00,0.3636999999999999,0.5,83
2009-02-19 05:00:00,0.3712,0.3,82
2009-02-19 06:00:00,0.4478333333333333,-0.1,83
2009-02-19 07:00:00,1.1458000000000002,-0.3,81
2009-02-19 08:00:00,0.3717,-0.2,78
2009-02-19 09:00:00,0.3568333333333333,-1.1,88
2009-02-19 10:00:00,0.3612333333333333,-0.4,86
2009-02-19 11:00:00,0.4391,1.1,77
2009-02-19 12:00:00,0.6068,2.7,68
2009-02-19 13:00:00,0.7433666666666666,3.7,63
2009-02-19 14:00:00,0.9715333333333334,4.4,63
2009-02-19 15:00:00,0.5941,5.2,62
2009-02-19 16:00:00,1.0976333333333337,5.8,61
2009-02-19 17:00:00,0.7489666666666667,6.1,61
2009-02-19 18:00:00,0.3586,6.1,62
2009-02-19 19:00:00,0.3760333333333333,5.4,64
2009-02-19 20:00:00,0.3463333333333333,3.6,72
2009-02-19 21:00:00,0.3710666666666666,2.2,75
2009-02-19 22:00:00,0.3974666666666666,1.9,77
2009-02-19 23:00:00,0.3671,2.2,78
2009-02-20 00:00:00,0.3638333333333333,2.0,80
2009-02-20 01:00:00,0.3863333333333333,1.5,86
2009-02-20 02:00:00,1.0015666666666667,1.7,89
2009-02-20 03:00:00,0.7205666666666667,1.1,93
2009-02-20 04:00:00,0.3912333333333333,1.4,95
2009-02-20 05:00:00,0.3515,2.0,96
2009-02-20 06:00:00,0.3658,2.4,97
2009-02-20 07:00:00,0.4075,2.7,97
2009-02-20 08:00:00,1.2453333333333334,2.9,98
2009-02-20 09:00:00,0.7595333333333334,2.7,97
2009-02-20 10:00:00,0.8163666666666667,3.1,98
2009-02-20 11:00:00,1.2863666666666669,5.3,92
2009-02-20 12:00:00,1.746,6.9,86
2009-02-20 13:00:00,0.9727666666666668,7.5,82
2009-02-20 14:00:00,0.7252666666666666,8.1,79
2009-02-20 15:00:00,0.6820666666666667,8.2,79
2009-02-20 16:00:00,0.7554666666666666,8.5,76
2009-02-20 17:00:00,3.4247666666666663,8.8,74
2009-02-20 18:00:00,2.9610333333333334,8.5,77
2009-02-20 19:00:00,3.020166666666667,7.6,81
2009-02-20 20:00:00,2.5587,6.3,87
2009-02-20 21:00:00,2.2445666666666666,5.9,91
2009-02-20 22:00:00,2.5548,5.5,93
2009-02-20 23:00:00,1.6040666666666668,5.3,94
2009-02-21 00:00:00,1.7907666666666666,4.9,95
2009-02-21 01:00:00,1.7365333333333333,4.5,96
2009-02-21 02:00:00,1.7728333333333337,4.3,97
2009-02-21 03:00:00,1.9490666666666667,4.0,97
2009-02-21 04:00:00,1.7591333333333334,4.1,98
2009-02-21 05:00:00,0.2849666666666666,4.1,98
2009-02-21 06:00:00,1.0932,3.9,98
2009-02-21 07:00:00,0.3177,3.6,99
2009-02-21 08:00:00,0.3479666666666666,3.7,99
2009-02-21 09:00:00,0.4741333333333333,3.7,99
2009-02-21 10:00:00,0.6390333333333333,3.9,98
2009-02-21 11:00:00,1.1652999999999998,4.3,96
2009-02-21 12:00:00,1.5186,4.9,94
2009-02-21 13:00:00,1.8855666666666664,5.4,91
2009-02-21 14:00:00,0.6933,6.2,87
2009-02-21 15:00:00,0.8521666666666667,7.0,81
2009-02-21 16:00:00,0.3159,7.7,75
2009-02-21 17:00:00,0.5069333333333333,7.9,72
2009-02-21 18:00:00,0.3926,7.9,72
2009-02-21 19:00:00,0.3500666666666667,7.5,75
2009-02-21 20:00:00,0.3514666666666667,6.9,78
2009-02-21 21:00:00,1.0146,6.3,84
2009-02-21 22:00:00,0.3566666666666666,5.9,86
2009-02-21 23:00:00,0.3678999999999999,5.2,90
2009-02-22 00:00:00,0.3945666666666667,4.7,92
2009-02-22 01:00:00,0.3694333333333333,4.1,94
2009-02-22 02:00:00,0.3898,3.8,95
2009-02-22 03:00:00,0.3647666666666666,3.5,96
2009-02-22 04:00:00,0.3667333333333333,3.7,97
2009-02-22 05:00:00,0.3878,3.9,97
2009-02-22 06:00:00,0.9264333333333332,4.1,97
2009-02-22 07:00:00,0.5479999999999999,4.4,97
2009-02-22 08:00:00,0.4044333333333333,4.5,97
2009-02-22 09:00:00,0.3551666666666666,4.6,94
2009-02-22 10:00:00,0.411,5.0,90
2009-02-22 11:00:00,1.0115333333333334,5.6,86
2009-02-22 12:00:00,0.2627666666666666,6.3,83
2009-02-22 13:00:00,0.2750666666666667,6.9,82
2009-02-22 14:00:00,0.2643666666666667,7.5,82
2009-02-22 15:00:00,0.5768333333333333,7.6,83
2009-02-22 16:00:00,3.7188,7.8,84
2009-02-22 17:00:00,4.829433333333333,7.9,85
2009-02-22 18:00:00,3.998366666666666,7.9,85
2009-02-22 19:00:00,3.8481666666666654,7.7,87
2009-02-22 20:00:00,4.488933333333334,7.4,88
2009-02-22 21:00:00,4.673766666666666,7.3,88
2009-02-22 22:00:00,2.233366666666667,7.0,89
2009-02-22 23:00:00,2.208433333333333,6.6,91
2009-02-23 00:00:00,1.4452,6.5,92
2009-02-23 01:00:00,1.3592333333333333,6.3,93
2009-02-23 02:00:00,1.3998666666666666,6.1,94
2009-02-23 03:00:00,1.3476333333333337,6.0,95
2009-02-23 04:00:00,1.3726999999999998,5.9,95
2009-02-23 05:00:00,1.3588333333333331,5.7,95
2009-02-23 06:00:00,1.8401333333333332,5.6,94
2009-02-23 07:00:00,3.542533333333333,5.5,94
2009-02-23 08:00:00,3.5298000000000003,5.3,94
2009-02-23 09:00:00,2.4838,5.2,93
2009-02-23 10:00:00,1.5176333333333334,5.3,93
2009-02-23 11:00:00,1.5509666666666666,5.5,94
2009-02-23 12:00:00,1.6014333333333333,5.9,91
2009-02-23 13:00:00,1.7626333333333333,6.3,87
2009-02-23 14:00:00,1.6101333333333334,7.4,77
2009-02-23 15:00:00,1.6098666666666666,8.1,72
2009-02-23 16:00:00,1.3230666666666666,8.0,73
2009-02-23 17:00:00,0.7613666666666666,7.9,75
2009-02-23 18:00:00,1.1620666666666668,7.6,78
2009-02-23 19:00:00,1.4096333333333333,7.2,78
2009-02-23 20:00:00,3.091133333333333,6.8,80
2009-02-23 21:00:00,1.7947,6.5,83
2009-02-23 22:00:00,4.494166666666667,6.1,86
2009-02-23 23:00:00,2.1924,5.9,87
2009-02-24 00:00:00,1.362866666666667,5.5,89
2009-02-24 01:00:00,0.5409333333333334,5.4,91
2009-02-24 02:00:00,0.2981333333333333,5.4,92
2009-02-24 03:00:00,0.3193666666666666,5.2,93
2009-02-24 04:00:00,0.2952333333333333,5.3,94
2009-02-24 05:00:00,0.2842666666666666,5.4,94
2009-02-24 06:00:00,0.9211333333333334,5.7,94
2009-02-24 07:00:00,1.8843666666666663,5.9,94
2009-02-24 08:00:00,3.147066666666667,6.1,95
2009-02-24 09:00:00,1.8770666666666669,6.0,96
2009-02-24 10:00:00,1.3850333333333331,6.1,93
2009-02-24 11:00:00,1.5588333333333333,6.3,85
2009-02-24 12:00:00,1.4611666666666667,6.3,78
2009-02-24 13:00:00,1.4692333333333332,6.5,73
2009-02-24 14:00:00,1.3403333333333334,6.4,72
2009-02-24 15:00:00,1.3832,6.6,69
2009-02-24 16:00:00,1.3585333333333334,6.8,67
2009-02-24 17:00:00,1.3519333333333334,6.7,66
2009-02-24 18:00:00,1.5399333333333334,6.4,65
2009-02-24 19:00:00,1.6865666666666668,5.9,67
2009-02-24 20:00:00,1.3029,4.9,71
2009-02-24 21:00:00,2.113433333333333,4.6,73
2009-02-24 22:00:00,0.4991,4.4,74
2009-02-24 23:00:00,0.3384333333333333,3.8,78
2009-02-25 00:00:00,0.3001,3.4,80
2009-02-25 01:00:00,0.3260333333333333,3.3,82
2009-02-25 02:00:00,0.3211666666666666,2.9,84
2009-02-25 03:00:00,0.3017,2.4,88
2009-02-25 04:00:00,0.3391666666666666,1.9,91
2009-02-25 05:00:00,0.9439666666666666,1.8,92
2009-02-25 06:00:00,1.2971,2.0,92
2009-02-25 07:00:00,2.099,1.7,93
2009-02-25 08:00:00,1.883133333333333,1.5,93
2009-02-25 09:00:00,0.9522666666666668,1.6,95
2009-02-25 10:00:00,1.089,2.6,93
2009-02-25 11:00:00,1.3251333333333333,4.1,77
2009-02-25 12:00:00,1.3469666666666666,4.8,72
2009-02-25 13:00:00,0.319,5.4,70
2009-02-25 14:00:00,0.2751333333333333,6.3,68
2009-02-25 15:00:00,0.3101666666666666,7.1,66
2009-02-25 16:00:00,0.2699333333333333,7.6,65
2009-02-25 17:00:00,0.2982666666666667,7.9,64
2009-02-25 18:00:00,0.2746,7.7,64
2009-02-25 19:00:00,0.9784333333333334,7.2,67
2009-02-25 20:00:00,1.6952333333333334,5.7,80
2009-02-25 21:00:00,1.7182666666666668,5.2,78
2009-02-25 22:00:00,0.5334666666666668,5.1,76
2009-02-25 23:00:00,0.3001666666666667,4.7,78
2009-02-26 00:00:00,0.2651333333333333,4.3,79
2009-02-26 01:00:00,0.2953333333333333,2.2,87
2009-02-26 02:00:00,0.2854333333333333,0.5,92
2009-02-26 03:00:00,0.7701333333333333,-0.1,94
2009-02-26 04:00:00,0.3922,-0.5,94
2009-02-26 05:00:00,0.2677,-0.2,93
2009-02-26 06:00:00,0.8549666666666667,0.1,93
2009-02-26 07:00:00,1.5148,0.5,93
2009-02-26 08:00:00,1.4165,0.9,92
2009-02-26 09:00:00,1.3208333333333333,2.2,94
2009-02-26 10:00:00,1.3376666666666668,3.5,93
2009-02-26 11:00:00,1.2990666666666668,5.2,89
2009-02-26 12:00:00,1.1114666666666666,6.4,86
2009-02-26 13:00:00,0.2922,7.6,83
2009-02-26 14:00:00,0.2724,8.4,75
2009-02-26 15:00:00,0.3023999999999999,8.4,72
2009-02-26 16:00:00,0.2756666666666666,8.8,70
2009-02-26 17:00:00,0.6840333333333334,8.6,72
2009-02-26 18:00:00,1.687633333333333,8.5,74
2009-02-26 19:00:00,1.9260333333333333,8.0,75
2009-02-26 20:00:00,0.5292666666666667,7.5,77
2009-02-26 21:00:00,1.3751,6.6,82
2009-02-26 22:00:00,0.3754666666666666,6.1,85
2009-02-26 23:00:00,0.4294333333333333,5.5,88
2009-02-27 00:00:00,0.4863666666666666,4.8,91
2009-02-27 01:00:00,1.1106333333333334,4.2,93
2009-02-27 02:00:00,0.5007,3.9,95
2009-02-27 03:00:00,0.4639666666666667,3.6,96
2009-02-27 04:00:00,0.2727,4.0,96
2009-02-27 05:00:00,0.3057666666666667,4.0,96
2009-02-27 06:00:00,0.4401333333333334,3.9,96
2009-02-27 07:00:00,1.9826,3.6,96
2009-02-27 08:00:00,1.2467333333333337,3.3,97
2009-02-27 09:00:00,0.5897333333333333,2.5,97
2009-02-27 10:00:00,0.8890666666666667,3.4,94
2009-02-27 11:00:00,1.6544,5.3,88
2009-02-27 12:00:00,1.9835,6.7,86
2009-02-27 13:00:00,2.0255,7.6,85
2009-02-27 14:00:00,2.029133333333333,8.5,82
2009-02-27 15:00:00,2.5434666666666668,9.2,80
2009-02-27 16:00:00,2.137,9.5,79
2009-02-27 17:00:00,1.9187666666666667,9.6,77
2009-02-27 18:00:00,1.7623,9.6,77
2009-02-27 19:00:00,1.9628333333333328,9.3,80
2009-02-27 20:00:00,2.6074,8.6,83
2009-02-27 21:00:00,2.5361333333333334,7.6,90
2009-02-27 22:00:00,1.8705,7.9,84
2009-02-27 23:00:00,0.4959666666666666,7.8,85
2009-02-28 00:00:00,0.4105999999999999,7.3,87
2009-02-28 01:00:00,0.3773666666666667,6.7,90
2009-02-28 02:00:00,0.3766666666666666,5.4,94
2009-02-28 03:00:00,0.4008666666666666,4.8,96
2009-02-28 04:00:00,0.377,4.2,98
2009-02-28 05:00:00,0.3643333333333333,3.7,99
2009-02-28 06:00:00,0.8638999999999999,3.5,99
2009-02-28 07:00:00,0.8598666666666667,3.5,99
2009-02-28 08:00:00,0.5303,3.6,98
2009-02-28 09:00:00,1.7003333333333333,3.6,99
2009-02-28 10:00:00,1.3193333333333332,5.1,96
2009-02-28 11:00:00,2.0918666666666668,6.5,89
2009-02-28 12:00:00,1.6829,7.7,83
2009-02-28 13:00:00,1.5843333333333334,9.1,78
2009-02-28 14:00:00,0.5562666666666666,10.5,74
2009-02-28 15:00:00,0.3685,11.7,71
2009-02-28 16:00:00,1.1752333333333334,12.5,69
2009-02-28 17:00:00,2.7699,12.8,69
2009-02-28 18:00:00,3.1953666666666667,12.6,70
2009-02-28 19:00:00,2.7373,11.3,77
2009-02-28 20:00:00,0.7025,9.5,85
2009-02-28 21:00:00,0.9952666666666666,8.8,86
2009-02-28 22:00:00,0.4516,8.0,90
2009-02-28 23:00:00,1.2875666666666667,7.4,91
2009-03-01 00:00:00,0.5600666666666666,6.8,93
2009-03-01 01:00:00,0.3698333333333333,6.1,94
2009-03-01 02:00:00,0.3197,5.3,96
2009-03-01 03:00:00,0.3638666666666666,4.5,97
2009-03-01 04:00:00,0.3246333333333334,4.0,97
2009-03-01 05:00:00,0.3238,3.4,97
2009-03-01 06:00:00,0.3407,3.0,97
2009-03-01 07:00:00,0.7921,3.1,95
2009-03-01 08:00:00,0.9467333333333332,3.8,94
2009-03-01 09:00:00,3.2769,4.5,95
2009-03-01 10:00:00,3.732933333333333,6.2,91
2009-03-01 11:00:00,2.7387666666666663,7.9,87
2009-03-01 12:00:00,3.2165666666666666,9.3,82
2009-03-01 13:00:00,1.7253333333333332,10.3,79
2009-03-01 14:00:00,2.055233333333333,11.2,76
2009-03-01 15:00:00,4.092610169491525,12.0,71
2009-03-01 16:00:00,4.3942,12.1,70
2009-03-01 17:00:00,1.3540333333333334,12.1,70
2009-03-01 18:00:00,1.6993666666666667,11.5,74
2009-03-01 19:00:00,1.7948333333333333,10.7,77
2009-03-01 20:00:00,3.3943,9.8,80
2009-03-01 21:00:00,2.4389,8.8,87
2009-03-01 22:00:00,0.5611333333333334,8.3,88
2009-03-01 23:00:00,0.3787666666666666,7.7,89
2009-03-02 00:00:00,0.3509666666666666,7.2,88
2009-03-02 01:00:00,0.3357666666666666,6.8,88
2009-03-02 02:00:00,0.3523333333333333,6.4,90
2009-03-02 03:00:00,0.8287,6.3,90
2009-03-02 04:00:00,0.3488666666666666,6.2,91
2009-03-02 05:00:00,0.3349,6.2,91
2009-03-02 06:00:00,0.7596666666666666,6.1,91
2009-03-02 07:00:00,2.203033333333333,6.1,91
2009-03-02 08:00:00,1.4174666666666669,6.0,90
2009-03-02 09:00:00,1.4470333333333334,5.8,94
2009-03-02 10:00:00,1.6137666666666668,5.9,93
2009-03-02 11:00:00,0.9443333333333332,6.8,87
2009-03-02 12:00:00,0.7537333333333333,7.9,82
2009-03-02 13:00:00,0.7188666666666667,8.7,77
2009-03-02 14:00:00,0.6749333333333334,9.4,71
2009-03-02 15:00:00,1.5749666666666668,9.9,65
2009-03-02 16:00:00,1.9743666666666668,10.3,59
2009-03-02 17:00:00,0.6303666666666667,10.4,56
2009-03-02 18:00:00,0.5396,10.0,55
2009-03-02 19:00:00,1.6762333333333332,9.0,58
2009-03-02 20:00:00,2.7013666666666665,7.7,63
2009-03-02 21:00:00,1.5148,6.8,69
2009-03-02 22:00:00,0.5556,5.9,75
2009-03-02 23:00:00,0.3723666666666666,4.8,81
2009-03-03 00:00:00,0.3182999999999999,3.6,88
2009-03-03 01:00:00,0.3262333333333334,2.6,90
2009-03-03 02:00:00,0.9930666666666668,1.8,92
2009-03-03 03:00:00,0.3312666666666667,1.2,93
2009-03-03 04:00:00,0.3462666666666666,0.6,94
2009-03-03 05:00:00,0.3170666666666666,0.1,95
2009-03-03 06:00:00,1.3875666666666668,-0.3,95
2009-03-03 07:00:00,2.806833333333333,-0.3,95
2009-03-03 08:00:00,2.345133333333333,-0.6,95
2009-03-03 09:00:00,2.087466666666667,-0.3,97
2009-03-03 10:00:00,1.4437666666666666,2.1,93
2009-03-03 11:00:00,1.592833333333333,5.1,83
2009-03-03 12:00:00,1.6114333333333333,7.3,73
2009-03-03 13:00:00,1.5129666666666666,8.7,63
2009-03-03 14:00:00,1.5792666666666666,9.3,56
2009-03-03 15:00:00,1.4306333333333332,9.7,52
2009-03-03 16:00:00,1.3958666666666666,9.7,53
2009-03-03 17:00:00,0.8155666666666667,9.7,54
2009-03-03 18:00:00,0.6811,9.2,56
2009-03-03 19:00:00,1.3511333333333333,8.4,59
2009-03-03 20:00:00,2.2728,7.2,63
2009-03-03 21:00:00,2.105433333333333,6.8,65
2009-03-03 22:00:00,1.4289999999999998,6.3,65
2009-03-03 23:00:00,0.3348666666666666,6.0,64
2009-03-04 00:00:00,1.0519,6.1,63
2009-03-04 01:00:00,0.3374666666666667,6.0,64
2009-03-04 02:00:00,0.3209333333333333,5.9,65
2009-03-04 03:00:00,0.3400666666666667,5.7,63
2009-03-04 04:00:00,0.3282,5.5,61
2009-03-04 05:00:00,0.3099,5.2,62
2009-03-04 06:00:00,0.9533,5.0,65
2009-03-04 07:00:00,2.8036666666666665,4.5,72
2009-03-04 08:00:00,1.4788666666666666,3.8,84
2009-03-04 09:00:00,1.5012666666666663,4.0,88
2009-03-04 10:00:00,1.5192666666666668,3.7,92
2009-03-04 11:00:00,1.8434333333333333,3.4,96
2009-03-04 12:00:00,0.7074666666666667,3.3,94
2009-03-04 13:00:00,0.9743333333333334,4.0,91
2009-03-04 14:00:00,1.3534666666666666,5.4,82
2009-03-04 15:00:00,1.8961666666666663,7.0,74
2009-03-04 16:00:00,0.4314,7.7,73
2009-03-04 17:00:00,0.9040666666666668,7.9,72
2009-03-04 18:00:00,2.683,7.3,73
2009-03-04 19:00:00,2.048766666666667,6.0,79
2009-03-04 20:00:00,1.5395,4.4,84
2009-03-04 21:00:00,2.4241,3.6,87
2009-03-04 22:00:00,1.993766666666667,2.5,90
2009-03-04 23:00:00,0.9578666666666666,1.5,93
2009-03-05 00:00:00,0.4176,0.8,93
2009-03-05 01:00:00,0.4107333333333333,0.3,93
2009-03-05 02:00:00,0.3952,-0.1,93
2009-03-05 03:00:00,0.3903999999999999,-0.4,94
2009-03-05 04:00:00,0.3846666666666666,-0.8,95
2009-03-05 05:00:00,1.0068666666666666,-1.2,95
2009-03-05 06:00:00,0.8334333333333334,-1.7,96
2009-03-05 07:00:00,2.3745,-2.3,96
2009-03-05 08:00:00,1.5645,-2.8,96
2009-03-05 09:00:00,1.4418666666666666,-2.7,97
2009-03-05 10:00:00,1.4211333333333334,-0.0,94
2009-03-05 11:00:00,1.4225666666666668,1.6,89
2009-03-05 12:00:00,1.4671999999999998,2.8,85
2009-03-05 13:00:00,1.4214666666666669,4.0,79
2009-03-05 14:00:00,0.6144333333333333,5.0,69
2009-03-05 15:00:00,0.3867333333333333,6.0,60
2009-03-05 16:00:00,0.3577333333333333,6.9,53
2009-03-05 17:00:00,0.5093666666666666,7.4,48
2009-03-05 18:00:00,1.183633333333333,7.3,46
2009-03-05 19:00:00,2.1023,6.6,51
2009-03-05 20:00:00,2.3348,5.7,53
2009-03-05 21:00:00,0.6645,4.8,67
2009-03-05 22:00:00,0.4879333333333333,4.6,71
2009-03-05 23:00:00,0.4366333333333333,3.8,78
2009-03-06 00:00:00,0.376,3.0,84
2009-03-06 01:00:00,0.4013666666666667,2.1,89
2009-03-06 02:00:00,0.3564,1.5,91
2009-03-06 03:00:00,0.5739333333333333,1.2,92
2009-03-06 04:00:00,1.0168666666666666,1.3,92
2009-03-06 05:00:00,0.3607333333333333,1.3,92
2009-03-06 06:00:00,1.2648,1.3,90
2009-03-06 07:00:00,2.2362666666666664,1.2,88
2009-03-06 08:00:00,1.6051333333333335,0.9,89
2009-03-06 09:00:00,1.4646666666666666,0.8,91
2009-03-06 10:00:00,1.432,2.0,89
2009-03-06 11:00:00,1.1702666666666666,4.0,79
2009-03-06 12:00:00,0.7618333333333334,5.3,69
2009-03-06 13:00:00,0.7294999999999999,6.2,60
2009-03-06 14:00:00,1.4431333333333332,6.9,55
2009-03-06 15:00:00,1.6556666666666666,7.7,49
2009-03-06 16:00:00,1.5981333333333334,8.3,47
2009-03-06 17:00:00,1.3999,8.4,46
2009-03-06 18:00:00,1.2133666666666667,8.0,46
2009-03-06 19:00:00,1.8071333333333333,7.0,52
2009-03-06 20:00:00,3.3756666666666666,5.1,59
2009-03-06 21:00:00,2.1808,4.8,65
2009-03-06 22:00:00,0.9637,3.4,72
2009-03-06 23:00:00,0.3373,2.0,80
2009-03-07 00:00:00,0.3204666666666667,0.6,86
2009-03-07 01:00:00,0.8671666666666666,-0.4,87
2009-03-07 02:00:00,0.3252666666666667,-0.9,87
2009-03-07 03:00:00,0.3198999999999999,-0.9,87
2009-03-07 04:00:00,0.3501333333333333,-1.0,87
2009-03-07 05:00:00,0.321,-0.4,86
2009-03-07 06:00:00,1.1004333333333334,0.4,84
2009-03-07 07:00:00,1.8947,1.4,81
2009-03-07 08:00:00,1.7064333333333332,2.1,81
2009-03-07 09:00:00,1.4064333333333332,1.5,85
2009-03-07 10:00:00,1.3530000000000002,2.6,85
2009-03-07 11:00:00,0.5915666666666667,4.1,83
2009-03-07 12:00:00,1.0741,6.1,81
2009-03-07 13:00:00,0.9749666666666666,7.8,77
2009-03-07 14:00:00,1.537,9.6,70
2009-03-07 15:00:00,1.5075,10.2,69
2009-03-07 16:00:00,1.4951333333333332,10.3,68
2009-03-07 17:00:00,2.637633333333333,9.9,72
2009-03-07 18:00:00,2.670733333333333,9.9,71
2009-03-07 19:00:00,2.4569,9.1,77
2009-03-07 20:00:00,1.5681,7.9,83
2009-03-07 21:00:00,0.8716666666666667,7.5,88
2009-03-07 22:00:00,0.4503333333333333,7.2,90
2009-03-07 23:00:00,0.4738666666666666,6.5,93
2009-03-08 00:00:00,0.4268,6.4,92
2009-03-08 01:00:00,0.565,6.4,90
2009-03-08 02:00:00,0.3643333333333333,6.6,87
2009-03-08 03:00:00,0.2805999999999999,7.2,84
2009-03-08 04:00:00,0.8966999999999999,7.5,86
2009-03-08 05:00:00,0.5722666666666666,7.8,89
2009-03-08 06:00:00,0.3067333333333333,8.0,91
2009-03-08 07:00:00,0.4255,8.1,90
2009-03-08 08:00:00,0.4414666666666667,7.8,90
2009-03-08 09:00:00,2.079466666666667,8.3,88
2009-03-08 10:00:00,2.8723,8.4,87
2009-03-08 11:00:00,4.053433333333333,8.5,87
2009-03-08 12:00:00,3.3931666666666667,8.8,87
2009-03-08 13:00:00,1.6431,8.6,92
2009-03-08 14:00:00,2.283266666666667,8.6,92
2009-03-08 15:00:00,1.9161,8.7,88
2009-03-08 16:00:00,2.1593666666666667,8.9,83
2009-03-08 17:00:00,2.4196,9.5,74
2009-03-08 18:00:00,3.4147666666666665,9.5,71
2009-03-08 19:00:00,1.6009,8.8,66
2009-03-08 20:00:00,1.0950666666666666,7.6,64
2009-03-08 21:00:00,3.8504666666666663,6.7,68
2009-03-08 22:00:00,1.862933333333333,6.1,77
2009-03-08 23:00:00,0.3627666666666667,5.6,78
2009-03-09 00:00:00,0.3443,4.8,77
2009-03-09 01:00:00,0.3106333333333334,4.4,75
2009-03-09 02:00:00,0.3121666666666666,4.3,74
2009-03-09 03:00:00,0.3017333333333333,4.4,74
2009-03-09 04:00:00,0.2917333333333333,4.1,75
2009-03-09 05:00:00,0.7072666666666667,3.8,77
2009-03-09 06:00:00,0.9916333333333331,3.6,79
2009-03-09 07:00:00,2.173833333333333,3.3,82
2009-03-09 08:00:00,1.3641,3.1,85
2009-03-09 09:00:00,1.3426,3.6,84
2009-03-09 10:00:00,1.4124666666666668,4.6,82
2009-03-09 11:00:00,1.6074,6.0,72
2009-03-09 12:00:00,1.7532,7.1,62
2009-03-09 13:00:00,1.7511333333333332,8.2,54
2009-03-09 14:00:00,2.494666666666667,9.2,55
2009-03-09 15:00:00,0.5736,9.7,60
2009-03-09 16:00:00,0.3899666666666667,9.8,64
2009-03-09 17:00:00,0.6258666666666667,9.3,66
2009-03-09 18:00:00,0.5822,8.2,68
2009-03-09 19:00:00,1.804533333333333,7.8,68
2009-03-09 20:00:00,2.5635,7.1,67
2009-03-09 21:00:00,2.4189333333333334,5.9,73
2009-03-09 22:00:00,0.8909666666666667,5.5,74
2009-03-09 23:00:00,1.0841666666666667,5.3,75
2009-03-10 00:00:00,0.3295333333333333,4.9,76
2009-03-10 01:00:00,0.3599333333333333,4.5,78
2009-03-10 02:00:00,0.3293,4.3,79
2009-03-10 03:00:00,1.0853,4.4,79
2009-03-10 04:00:00,0.3510999999999999,4.6,80
2009-03-10 05:00:00,0.3300333333333333,4.7,82
2009-03-10 06:00:00,1.138,4.8,85
2009-03-10 07:00:00,2.953733333333333,4.8,88
2009-03-10 08:00:00,1.8040666666666667,4.8,91
2009-03-10 09:00:00,1.6681,5.3,92
2009-03-10 10:00:00,1.8621,5.7,92
2009-03-10 11:00:00,1.4443,6.1,91
2009-03-10 12:00:00,1.5676,6.7,91
2009-03-10 13:00:00,1.5293333333333334,7.4,91
2009-03-10 14:00:00,1.5345666666666666,8.5,89
2009-03-10 15:00:00,1.5053,10.7,82
2009-03-10 16:00:00,0.5203,11.4,73
2009-03-10 17:00:00,0.5698333333333333,11.0,67
2009-03-10 18:00:00,1.0417,10.4,69
2009-03-10 19:00:00,1.6924,9.7,70
2009-03-10 20:00:00,1.4278000000000002,8.6,75
2009-03-10 21:00:00,1.8602666666666667,8.0,78
2009-03-10 22:00:00,1.7977,7.7,81
2009-03-10 23:00:00,1.9012,7.4,84
2009-03-11 00:00:00,1.0856666666666668,7.0,88
2009-03-11 01:00:00,0.9606,7.1,89
2009-03-11 02:00:00,1.0282666666666669,7.2,89
2009-03-11 03:00:00,1.0139,7.0,90
2009-03-11 04:00:00,0.8597,6.4,91
2009-03-11 05:00:00,1.0074,5.5,94
2009-03-11 06:00:00,1.7674999999999998,4.8,95
2009-03-11 07:00:00,2.9073333333333333,3.7,97
2009-03-11 08:00:00,2.1470333333333333,2.8,98
2009-03-11 09:00:00,2.0944333333333334,2.0,98
2009-03-11 10:00:00,1.6746,4.2,94
2009-03-11 11:00:00,3.2493,6.4,80
2009-03-11 12:00:00,1.7041333333333335,7.6,69
2009-03-11 13:00:00,1.3946333333333334,8.7,63
2009-03-11 14:00:00,3.3269333333333333,9.5,57
2009-03-11 15:00:00,2.005233333333333,10.1,53
2009-03-11 16:00:00,0.7413000000000001,10.3,52
2009-03-11 17:00:00,1.9602666666666664,10.4,51
2009-03-11 18:00:00,1.754133333333333,10.3,51
2009-03-11 19:00:00,0.9487666666666666,9.9,54
2009-03-11 20:00:00,1.4867666666666668,8.5,61
2009-03-11 21:00:00,3.550533333333333,7.1,65
2009-03-11 22:00:00,1.0709666666666666,6.0,69
2009-03-11 23:00:00,0.359,5.7,70
2009-03-12 00:00:00,0.2924333333333333,5.2,72
2009-03-12 01:00:00,0.3047,5.2,72
2009-03-12 02:00:00,0.2955,5.0,74
2009-03-12 03:00:00,0.3118999999999999,4.9,75
2009-03-12 04:00:00,0.2725333333333333,5.2,74
2009-03-12 05:00:00,0.9213,5.8,74
2009-03-12 06:00:00,1.5734,6.1,75
2009-03-12 07:00:00,3.1751333333333336,6.4,77
2009-03-12 08:00:00,1.9252,6.8,79
2009-03-12 09:00:00,1.8315333333333328,7.0,86
2009-03-12 10:00:00,1.8476,7.5,87
2009-03-12 11:00:00,1.955,8.5,87
2009-03-12 12:00:00,1.5045333333333335,10.0,83
2009-03-12 13:00:00,1.7165333333333337,11.0,79
2009-03-12 14:00:00,1.9021333333333328,11.5,75
2009-03-12 15:00:00,1.8432666666666668,12.0,70
2009-03-12 16:00:00,1.747966666666667,11.7,71
2009-03-12 17:00:00,1.1817666666666669,11.7,68
2009-03-12 18:00:00,0.6629666666666666,11.4,69
2009-03-12 19:00:00,1.7610333333333332,10.9,71
2009-03-12 20:00:00,1.9321333333333333,10.3,73
2009-03-12 21:00:00,1.6847333333333334,9.9,79
2009-03-12 22:00:00,0.5319,9.6,80
2009-03-12 23:00:00,0.2791333333333333,9.1,81
2009-03-13 00:00:00,0.2814666666666666,8.5,83
2009-03-13 01:00:00,0.3134666666666666,8.0,84
2009-03-13 02:00:00,0.2774,7.5,85
2009-03-13 03:00:00,0.6608666666666667,6.6,88
2009-03-13 04:00:00,0.6715,6.3,89
2009-03-13 05:00:00,0.2839,6.6,86
2009-03-13 06:00:00,1.3753333333333333,6.7,85
2009-03-13 07:00:00,2.242366666666667,6.5,86
2009-03-13 08:00:00,1.4423,6.6,85
2009-03-13 09:00:00,1.326733333333333,6.8,84
2009-03-13 10:00:00,1.3391333333333333,7.3,83
2009-03-13 11:00:00,1.2999,7.7,81
2009-03-13 12:00:00,0.2948666666666666,8.6,78
2009-03-13 13:00:00,0.6316,9.5,75
2009-03-13 14:00:00,0.8527,10.3,71
2009-03-13 15:00:00,0.4214333333333334,11.5,66
2009-03-13 16:00:00,0.9707666666666668,11.8,63
2009-03-13 17:00:00,1.4001,12.0,62
2009-03-13 18:00:00,1.4935666666666667,11.8,61
2009-03-13 19:00:00,1.2812333333333332,11.3,65
2009-03-13 20:00:00,1.7801333333333331,10.3,70
2009-03-13 21:00:00,1.5892333333333333,8.8,75
2009-03-13 22:00:00,1.5498333333333332,7.4,82
2009-03-13 23:00:00,0.3121666666666666,6.4,86
2009-03-14 00:00:00,0.284,5.7,89
2009-03-14 01:00:00,0.2960333333333333,5.5,89
2009-03-14 02:00:00,0.2673666666666667,5.0,90
2009-03-14 03:00:00,0.2772333333333333,4.7,91
2009-03-14 04:00:00,0.305,4.4,92
2009-03-14 05:00:00,0.8215666666666667,4.1,92
2009-03-14 06:00:00,0.3917333333333334,3.9,91
2009-03-14 07:00:00,1.9280333333333333,3.9,91
2009-03-14 08:00:00,1.9052,4.3,91
2009-03-14 09:00:00,1.5211,5.3,92
2009-03-14 10:00:00,2.071833333333333,7.2,89
2009-03-14 11:00:00,1.7817333333333332,9.4,83
2009-03-14 12:00:00,1.5255333333333332,11.1,77
2009-03-14 13:00:00,1.4439,12.5,73
2009-03-14 14:00:00,1.4385666666666663,12.3,76
2009-03-14 15:00:00,1.4100333333333337,11.7,77
2009-03-14 16:00:00,1.1172333333333333,11.4,74
2009-03-14 17:00:00,1.0828,11.1,73
2009-03-14 18:00:00,2.4899666666666667,10.6,72
2009-03-14 19:00:00,2.54,10.2,71
2009-03-14 20:00:00,2.4898666666666665,9.6,71
2009-03-14 21:00:00,2.5671000000000004,8.8,72
2009-03-14 22:00:00,2.9716,7.6,78
2009-03-14 23:00:00,2.8897,6.6,84
2009-03-15 00:00:00,1.6889333333333334,5.9,88
2009-03-15 01:00:00,1.538433333333333,5.2,90
2009-03-15 02:00:00,1.4987,5.0,91
2009-03-15 03:00:00,0.3573666666666666,4.7,92
2009-03-15 04:00:00,0.2800333333333333,4.6,92
2009-03-15 05:00:00,0.2949333333333334,4.5,92
2009-03-15 06:00:00,0.2679,4.4,93
2009-03-15 07:00:00,0.3731333333333334,4.1,93
2009-03-15 08:00:00,1.6611333333333331,3.4,94
2009-03-15 09:00:00,3.3291,3.7,95
2009-03-15 10:00:00,1.5265,6.1,87
2009-03-15 11:00:00,1.2747,8.4,78
2009-03-15 12:00:00,1.6182666666666667,10.2,70
2009-03-15 13:00:00,0.8112333333333334,11.4,61
2009-03-15 14:00:00,2.6345666666666667,12.5,54
2009-03-15 15:00:00,1.3711666666666666,13.3,51
2009-03-15 16:00:00,0.4827333333333333,13.9,48
2009-03-15 17:00:00,1.4289666666666667,13.8,50
2009-03-15 18:00:00,0.5940333333333334,13.5,52
2009-03-15 19:00:00,2.2332,12.4,59
2009-03-15 20:00:00,1.5635666666666663,10.4,66
2009-03-15 21:00:00,1.521,9.3,72
2009-03-15 22:00:00,2.7487,8.1,77
2009-03-15 23:00:00,1.2694,7.1,82
2009-03-16 00:00:00,0.3694333333333333,6.2,86
2009-03-16 01:00:00,0.3121666666666666,5.3,89
2009-03-16 02:00:00,0.2908333333333333,4.5,92
2009-03-16 03:00:00,0.2992333333333333,3.7,93
2009-03-16 04:00:00,0.2768666666666666,2.9,95
2009-03-16 05:00:00,0.264,2.3,96
2009-03-16 06:00:00,1.6374666666666668,1.8,96
2009-03-16 07:00:00,1.9503333333333333,1.4,97
2009-03-16 08:00:00,1.3629666666666669,1.0,98
2009-03-16 09:00:00,1.3513666666666666,1.7,96
2009-03-16 10:00:00,1.3597,5.2,88
2009-03-16 11:00:00,1.3736,7.4,82
2009-03-16 12:00:00,1.3517333333333332,9.2,77
2009-03-16 13:00:00,1.0194666666666667,10.7,71
2009-03-16 14:00:00,0.2663,11.8,67
2009-03-16 15:00:00,0.2776666666666667,12.6,65
2009-03-16 16:00:00,0.3155333333333333,13.1,64
2009-03-16 17:00:00,0.2978666666666666,13.3,63
2009-03-16 18:00:00,0.3187333333333333,13.0,64
2009-03-16 19:00:00,0.9918,12.2,68
2009-03-16 20:00:00,1.7002,10.3,76
2009-03-16 21:00:00,2.869389830508475,9.2,77
2009-03-16 22:00:00,1.6568666666666667,8.0,82
2009-03-16 23:00:00,0.3798333333333333,6.8,88
2009-03-17 00:00:00,0.3024,5.5,92
2009-03-17 01:00:00,0.3151,4.4,94
2009-03-17 02:00:00,0.9843333333333334,3.5,96
2009-03-17 03:00:00,0.2637666666666666,2.8,97
2009-03-17 04:00:00,0.3048666666666667,2.2,97
2009-03-17 05:00:00,0.2747,1.7,98
2009-03-17 06:00:00,0.6872666666666666,1.3,98
2009-03-17 07:00:00,1.7857333333333334,1.2,98
2009-03-17 08:00:00,2.1597,1.1,98
2009-03-17 09:00:00,1.6120333333333332,2.0,99
2009-03-17 10:00:00,1.9627333333333328,5.9,91
2009-03-17 11:00:00,1.7051,8.7,82
2009-03-17 12:00:00,1.4688,10.8,75
2009-03-17 13:00:00,1.4798666666666669,12.1,70
2009-03-17 14:00:00,1.5333333333333334,13.1,67
2009-03-17 15:00:00,1.4693,13.8,64
2009-03-17 16:00:00,1.2746333333333333,14.2,63
2009-03-17 17:00:00,0.3947666666666666,14.4,62
2009-03-17 18:00:00,0.4103,14.1,62
2009-03-17 19:00:00,2.3256333333333337,13.2,67
2009-03-17 20:00:00,3.8746666666666663,11.3,74
2009-03-17 21:00:00,2.7364333333333333,10.1,76
2009-03-17 22:00:00,2.2280333333333333,9.3,79
2009-03-17 23:00:00,0.645,8.4,83
2009-03-18 00:00:00,0.3221333333333333,7.7,85
2009-03-18 01:00:00,0.5601333333333333,7.2,87
2009-03-18 02:00:00,0.7177333333333333,6.7,88
2009-03-18 03:00:00,0.3154333333333333,6.3,89
2009-03-18 04:00:00,0.2697666666666666,5.9,89
2009-03-18 05:00:00,0.3032333333333333,5.4,90
2009-03-18 06:00:00,1.1255666666666668,4.9,91
2009-03-18 07:00:00,1.8550666666666664,4.4,91
2009-03-18 08:00:00,1.3858,3.9,92
2009-03-18 09:00:00,1.3394,4.5,91
2009-03-18 10:00:00,1.4265333333333332,6.2,83
2009-03-18 11:00:00,1.5093,8.2,74
2009-03-18 12:00:00,1.5359,10.0,65
2009-03-18 13:00:00,1.4208666666666665,11.6,58
2009-03-18 14:00:00,1.4108666666666667,13.0,53
2009-03-18 15:00:00,0.7281,13.9,49
2009-03-18 16:00:00,0.3808999999999999,14.4,46
2009-03-18 17:00:00,0.3988666666666666,14.4,45
2009-03-18 18:00:00,0.3384666666666666,14.0,46
2009-03-18 19:00:00,1.0045333333333333,12.7,53
2009-03-18 20:00:00,1.0276333333333334,10.5,59
2009-03-18 21:00:00,2.547233333333333,9.4,58
2009-03-18 22:00:00,1.9756,8.1,61
2009-03-18 23:00:00,0.2789333333333333,6.9,64
2009-03-19 00:00:00,0.3107333333333333,5.8,66
2009-03-19 01:00:00,0.2673666666666667,4.7,69
2009-03-19 02:00:00,0.3107,3.6,73
2009-03-19 03:00:00,0.2903666666666666,2.5,78
2009-03-19 04:00:00,0.2712,1.6,81
2009-03-19 05:00:00,0.4847333333333333,0.9,83
2009-03-19 06:00:00,1.2836333333333334,0.4,84
2009-03-19 07:00:00,1.8778666666666664,-0.1,85
2009-03-19 08:00:00,1.3601666666666667,-0.4,85
2009-03-19 09:00:00,1.3388,0.6,83
2009-03-19 10:00:00,1.3481,4.9,68
2009-03-19 11:00:00,1.3181666666666667,7.9,59
2009-03-19 12:00:00,1.3547,10.2,52
2009-03-19 13:00:00,1.3470666666666666,11.9,46
2009-03-19 14:00:00,1.3564,13.1,40
2009-03-19 15:00:00,0.3387,13.7,37
2009-03-19 16:00:00,0.2688,13.9,36
2009-03-19 17:00:00,0.2966666666666667,13.7,38
2009-03-19 18:00:00,0.3803666666666666,13.3,43
2009-03-19 19:00:00,1.0973666666666666,12.2,51
2009-03-19 20:00:00,0.6631333333333332,10.3,59
2009-03-19 21:00:00,0.6315333333333334,9.4,62
2009-03-19 22:00:00,0.7225,8.3,68
2009-03-19 23:00:00,0.9398,7.4,71
2009-03-20 00:00:00,1.0659333333333334,6.5,72
2009-03-20 01:00:00,0.302,5.7,73
2009-03-20 02:00:00,0.2722333333333333,4.9,73
2009-03-20 03:00:00,0.2979333333333333,4.2,74
2009-03-20 04:00:00,0.2767,3.6,74
2009-03-20 05:00:00,0.2947333333333333,3.0,74
2009-03-20 06:00:00,0.6952666666666667,2.6,74
2009-03-20 07:00:00,1.8853,2.1,75
2009-03-20 08:00:00,1.4026666666666665,1.6,78
2009-03-20 09:00:00,1.3369,2.2,78
2009-03-20 10:00:00,1.3806666666666667,4.4,70
2009-03-20 11:00:00,1.3480333333333334,6.4,63
2009-03-20 12:00:00,1.360866666666667,7.9,53
2009-03-20 13:00:00,1.1711,8.8,49
2009-03-20 14:00:00,0.4001666666666666,9.5,47
2009-03-20 15:00:00,0.3031333333333333,10.0,46
2009-03-20 16:00:00,0.3479333333333333,10.2,45
2009-03-20 17:00:00,1.4697666666666664,10.2,45
2009-03-20 18:00:00,0.3215,9.8,45
2009-03-20 19:00:00,3.1276333333333333,9.0,49
2009-03-20 20:00:00,2.241133333333333,7.4,54
2009-03-20 21:00:00,1.5201333333333331,6.6,55
2009-03-20 22:00:00,0.6531333333333333,5.3,59
2009-03-20 23:00:00,0.9235666666666666,4.1,63
2009-03-21 00:00:00,0.2804333333333333,3.0,66
2009-03-21 01:00:00,0.2951333333333333,1.7,72
2009-03-21 02:00:00,0.2660666666666667,0.9,73
2009-03-21 03:00:00,0.3006333333333333,0.3,73
2009-03-21 04:00:00,0.2819,-0.1,73
2009-03-21 05:00:00,0.2709,-0.1,71
2009-03-21 06:00:00,0.3063333333333333,-0.6,74
2009-03-21 07:00:00,1.3204333333333331,-1.3,77
2009-03-21 08:00:00,2.746733333333333,-1.6,78
2009-03-21 09:00:00,1.5446,-0.3,77
2009-03-21 10:00:00,1.8894,3.1,67
2009-03-21 11:00:00,0.7334666666666666,5.7,50
2009-03-21 12:00:00,0.9841,7.2,45
2009-03-21 13:00:00,1.1217333333333337,8.4,44
2009-03-21 14:00:00,0.5018666666666667,9.3,44
2009-03-21 15:00:00,0.4669333333333333,10.0,44
2009-03-21 16:00:00,1.6865333333333334,10.5,44
2009-03-21 17:00:00,2.9262333333333337,10.7,44
2009-03-21 18:00:00,2.7129666666666665,10.5,44
2009-03-21 19:00:00,3.594,9.9,50
2009-03-21 20:00:00,2.9764666666666666,8.6,55
2009-03-21 21:00:00,2.6153,6.9,60
2009-03-21 22:00:00,1.4191,4.9,69
2009-03-21 23:00:00,0.9257666666666666,3.4,75
2009-03-22 00:00:00,0.3991333333333333,2.5,80
2009-03-22 01:00:00,0.2928,1.8,83
2009-03-22 02:00:00,0.2763666666666667,1.2,86
2009-03-22 03:00:00,0.3157666666666667,0.6,87
2009-03-22 04:00:00,0.4565,0.0,87
2009-03-22 05:00:00,0.6347666666666666,-0.4,88
2009-03-22 06:00:00,0.2783333333333333,-0.5,88
2009-03-22 07:00:00,0.7300666666666668,-0.1,88
2009-03-22 08:00:00,0.3629,0.8,88
2009-03-22 09:00:00,0.5275,2.2,92
2009-03-22 10:00:00,0.5509000000000001,5.1,87
2009-03-22 11:00:00,0.3536333333333333,6.4,83
2009-03-22 12:00:00,2.9002666666666665,6.9,80
2009-03-22 13:00:00,2.1496666666666666,7.4,78
2009-03-22 14:00:00,2.061366666666667,8.1,76
2009-03-22 15:00:00,2.3623666666666665,8.5,74
2009-03-22 16:00:00,3.0285333333333333,8.7,73
2009-03-22 17:00:00,2.483633333333333,9.1,71
2009-03-22 18:00:00,1.5782333333333334,9.0,70
2009-03-22 19:00:00,1.612866666666667,8.9,68
2009-03-22 20:00:00,1.5977333333333334,8.4,71
2009-03-22 21:00:00,1.7200333333333333,7.5,74
2009-03-22 22:00:00,1.0205666666666666,6.8,78
2009-03-22 23:00:00,0.4589,6.0,81
2009-03-23 00:00:00,0.4633666666666666,5.1,86
2009-03-23 01:00:00,0.4474333333333333,4.3,89
2009-03-23 02:00:00,0.4755666666666666,3.8,90
2009-03-23 03:00:00,0.4313666666666667,3.6,91
2009-03-23 04:00:00,0.4372,3.5,90
2009-03-23 05:00:00,0.4704666666666667,3.8,88
2009-03-23 06:00:00,1.5587000000000002,3.8,90
2009-03-23 07:00:00,2.627866666666667,3.6,93
2009-03-23 08:00:00,1.5143,3.4,95
2009-03-23 09:00:00,1.5055,4.3,94
2009-03-23 10:00:00,0.9190666666666666,5.6,89
2009-03-23 11:00:00,0.5889666666666666,6.8,84
2009-03-23 12:00:00,0.4179666666666666,8.5,76
2009-03-23 13:00:00,0.3558,10.1,69
2009-03-23 14:00:00,0.3695333333333333,11.4,61
2009-03-23 15:00:00,0.3837333333333333,12.6,57
2009-03-23 16:00:00,0.317,13.4,56
2009-03-23 17:00:00,0.4563333333333333,13.6,55
2009-03-23 18:00:00,1.3452,13.2,57
2009-03-23 19:00:00,1.7753333333333332,11.8,62
2009-03-23 20:00:00,2.294233333333333,10.0,67
2009-03-23 21:00:00,1.2457,9.1,71
2009-03-23 22:00:00,0.8592333333333334,8.7,73
2009-03-23 23:00:00,0.3476333333333333,8.5,76
2009-03-24 00:00:00,0.3532666666666666,8.0,81
2009-03-24 01:00:00,0.3767,7.0,82
2009-03-24 02:00:00,0.3474666666666666,6.0,79
2009-03-24 03:00:00,0.3580666666666666,5.1,78
2009-03-24 04:00:00,0.5906,4.3,77
2009-03-24 05:00:00,0.7295333333333333,3.9,77
2009-03-24 06:00:00,1.2933666666666668,3.6,77
2009-03-24 07:00:00,2.4899666666666667,3.2,78
2009-03-24 08:00:00,1.6719,2.9,79
2009-03-24 09:00:00,1.4031333333333331,3.5,78
2009-03-24 10:00:00,1.7891,4.9,72
2009-03-24 11:00:00,1.6305,6.4,63
2009-03-24 12:00:00,1.3880333333333332,6.9,61
2009-03-24 13:00:00,1.2815333333333332,7.4,59
2009-03-24 14:00:00,0.3383,7.9,58
2009-03-24 15:00:00,0.3204666666666667,8.3,55
2009-03-24 16:00:00,0.3609,8.9,50
2009-03-24 17:00:00,0.3856666666666666,9.0,48
2009-03-24 18:00:00,0.4916333333333333,8.7,48
2009-03-24 19:00:00,3.7412,8.1,50
2009-03-24 20:00:00,2.300933333333333,6.8,54
2009-03-24 21:00:00,1.9125333333333328,5.2,60
2009-03-24 22:00:00,1.7975666666666668,4.1,65
2009-03-24 23:00:00,0.3428333333333333,3.4,70
2009-03-25 00:00:00,0.3353666666666666,2.9,73
2009-03-25 01:00:00,0.2714333333333333,2.5,77
2009-03-25 02:00:00,0.3227,2.6,79
2009-03-25 03:00:00,0.2843,3.3,76
2009-03-25 04:00:00,0.3173666666666667,3.6,76
2009-03-25 05:00:00,0.3608333333333333,3.7,76
2009-03-25 06:00:00,1.7405,3.8,78
2009-03-25 07:00:00,2.129933333333333,4.0,81
2009-03-25 08:00:00,1.9876666666666667,3.9,88
2009-03-25 09:00:00,1.8873666666666664,4.8,87
2009-03-25 10:00:00,1.423433333333333,5.4,88
2009-03-25 11:00:00,2.0339666666666667,6.2,88
2009-03-25 12:00:00,1.2708666666666666,7.3,88
2009-03-25 13:00:00,1.5262,8.7,84
2009-03-25 14:00:00,1.5241,9.9,76
2009-03-25 15:00:00,0.9084333333333332,10.7,66
2009-03-25 16:00:00,0.4202333333333333,10.9,59
2009-03-25 17:00:00,0.3155666666666666,10.6,59
2009-03-25 18:00:00,0.6858000000000001,10.3,58
2009-03-25 19:00:00,2.4113666666666664,9.6,61
2009-03-25 20:00:00,2.9165666666666668,8.9,64
2009-03-25 21:00:00,1.7366333333333337,8.1,68
2009-03-25 22:00:00,2.155333333333333,7.6,71
2009-03-25 23:00:00,1.6802666666666668,7.3,74
2009-03-26 00:00:00,0.2762666666666666,7.1,76
2009-03-26 01:00:00,0.2935999999999999,6.4,80
2009-03-26 02:00:00,0.2957666666666666,6.2,82
2009-03-26 03:00:00,0.2765,5.8,84
2009-03-26 04:00:00,0.3109666666666666,5.5,86
2009-03-26 05:00:00,0.2688333333333333,4.9,89
2009-03-26 06:00:00,1.3176666666666668,4.5,90
2009-03-26 07:00:00,1.9842666666666664,4.5,90
2009-03-26 08:00:00,1.3699333333333332,4.6,90
2009-03-26 09:00:00,1.3738,5.6,86
2009-03-26 10:00:00,1.3356,6.6,84
2009-03-26 11:00:00,1.3341,8.5,72
2009-03-26 12:00:00,1.0803,8.4,74
2009-03-26 13:00:00,0.2714333333333333,9.1,70
2009-03-26 14:00:00,0.3019666666666666,9.3,70
2009-03-26 15:00:00,0.2861333333333333,9.9,68
2009-03-26 16:00:00,0.2801333333333333,10.5,65
2009-03-26 17:00:00,0.4380666666666666,10.8,63
2009-03-26 18:00:00,0.4191333333333333,10.5,65
2009-03-26 19:00:00,1.0595666666666663,9.7,71
2009-03-26 20:00:00,2.6075,9.2,75
2009-03-26 21:00:00,1.3908999999999998,9.2,76
2009-03-26 22:00:00,0.5713666666666666,9.1,78
2009-03-26 23:00:00,1.0396,9.0,80
2009-03-27 00:00:00,0.3936666666666666,8.8,83
2009-03-27 01:00:00,0.3782666666666667,8.3,87
2009-03-27 02:00:00,0.3772333333333333,8.2,88
2009-03-27 03:00:00,0.3826,7.8,89
2009-03-27 04:00:00,0.3773666666666667,7.3,85
2009-03-27 05:00:00,0.3705,6.6,84
2009-03-27 06:00:00,1.2512666666666663,5.7,86
2009-03-27 07:00:00,2.478533333333333,5.4,86
2009-03-27 08:00:00,1.7396,5.1,88
2009-03-27 09:00:00,1.9663666666666664,5.3,87
2009-03-27 10:00:00,1.421266666666667,6.3,81
2009-03-27 11:00:00,1.4234666666666669,7.2,74
2009-03-27 12:00:00,1.4438,8.3,70
2009-03-27 13:00:00,1.1387333333333334,8.8,69
2009-03-27 14:00:00,0.5363666666666667,9.8,64
2009-03-27 15:00:00,0.3642,10.3,61
2009-03-27 16:00:00,0.5945666666666667,10.2,60
2009-03-27 17:00:00,1.6872666666666667,10.6,59
2009-03-27 18:00:00,1.7323666666666668,10.0,59
2009-03-27 19:00:00,1.8700666666666668,9.2,63
2009-03-27 20:00:00,2.9014333333333338,8.6,66
2009-03-27 21:00:00,2.338866666666666,8.2,67
2009-03-27 22:00:00,1.0519666666666667,7.6,73
2009-03-27 23:00:00,0.3456666666666667,7.2,78
2009-03-28 00:00:00,0.3399,6.9,80
2009-03-28 01:00:00,0.9359333333333332,6.7,82
2009-03-28 02:00:00,0.3347,6.7,83
2009-03-28 03:00:00,0.3521,6.7,84
2009-03-28 04:00:00,0.3167,6.7,86
2009-03-28 05:00:00,0.3272333333333333,6.2,92
2009-03-28 06:00:00,0.7200000000000001,6.0,93
2009-03-28 07:00:00,1.905333333333333,5.5,93
2009-03-28 08:00:00,1.9279333333333333,4.8,92
2009-03-28 09:00:00,1.4643666666666666,4.8,91
2009-03-28 10:00:00,1.9968666666666663,5.2,87
2009-03-28 11:00:00,1.2955666666666663,6.3,75
2009-03-28 12:00:00,2.564,7.9,61
2009-03-28 13:00:00,1.6202666666666667,8.9,52
2009-03-28 14:00:00,0.8089333333333334,9.6,54
2009-03-28 15:00:00,1.0293333333333332,10.0,62
2009-03-28 16:00:00,1.2013666666666665,10.5,65
2009-03-28 17:00:00,2.2076,8.2,72
2009-03-28 18:00:00,4.3750333333333336,7.9,71
2009-03-28 19:00:00,2.8585333333333334,7.7,69
2009-03-28 20:00:00,2.2274666666666665,7.0,74
2009-03-28 21:00:00,1.5022333333333333,6.0,77
2009-03-28 22:00:00,2.3856666666666664,5.1,81
2009-03-28 23:00:00,2.985866666666667,4.4,84
2009-03-29 00:00:00,1.5793666666666666,3.6,87
2009-03-29 01:00:00,1.3142333333333334,3.0,89
2009-03-29 02:00:00,1.1252666666666669,2.4,90
2009-03-29 03:00:00,1.1203666666666665,1.9,92
2009-03-29 04:00:00,1.1575333333333333,1.4,93
2009-03-29 05:00:00,1.1032333333333333,0.9,94
2009-03-29 06:00:00,1.1206666666666665,0.6,94
2009-03-29 07:00:00,1.1501666666666668,0.2,95
2009-03-29 08:00:00,1.8677333333333332,0.1,95
2009-03-29 09:00:00,1.448,1.9,94
2009-03-29 10:00:00,1.8777,4.1,83
2009-03-29 11:00:00,0.5844,5.2,76
2009-03-29 12:00:00,1.3099333333333334,6.4,68
2009-03-29 13:00:00,1.6003,7.3,62
2009-03-29 14:00:00,2.819733333333333,7.9,58
2009-03-29 15:00:00,2.569166666666667,8.3,56
2009-03-29 16:00:00,1.9120666666666668,8.7,53
2009-03-29 17:00:00,1.4905333333333333,9.0,51
2009-03-29 18:00:00,1.5891,8.9,51
2009-03-29 19:00:00,1.7694,8.5,54
2009-03-29 20:00:00,2.0983666666666667,7.6,58
2009-03-29 21:00:00,3.2785,6.2,64
2009-03-29 22:00:00,0.6232333333333333,5.2,68
2009-03-29 23:00:00,0.4351666666666666,4.1,73
2009-03-30 00:00:00,0.3516,3.0,78
2009-03-30 01:00:00,0.3273,2.0,82
2009-03-30 02:00:00,0.3694333333333333,1.1,85
2009-03-30 03:00:00,0.3287666666666666,0.2,88
2009-03-30 04:00:00,0.9584666666666668,-0.6,89
2009-03-30 05:00:00,0.3343666666666667,-1.2,89
2009-03-30 06:00:00,0.7187666666666667,-1.8,90
2009-03-30 07:00:00,2.373833333333333,-2.2,90
2009-03-30 08:00:00,1.5044,-2.3,90
2009-03-30 09:00:00,1.4029666666666667,0.5,88
2009-03-30 10:00:00,1.4086333333333334,4.2,71
2009-03-30 11:00:00,1.3745666666666667,6.3,63
2009-03-30 12:00:00,1.4201666666666668,7.9,55
2009-03-30 13:00:00,1.4157000000000002,9.1,49
2009-03-30 14:00:00,0.7206333333333333,9.6,46
2009-03-30 15:00:00,0.3555333333333333,9.6,47
2009-03-30 16:00:00,0.3378333333333333,9.8,46
2009-03-30 17:00:00,0.4047666666666666,9.3,48
2009-03-30 18:00:00,0.6621333333333334,9.0,50
2009-03-30 19:00:00,1.2072,8.5,54
2009-03-30 20:00:00,2.1454,7.5,58
2009-03-30 21:00:00,2.803933333333333,6.7,59
2009-03-30 22:00:00,1.3173,5.5,64
2009-03-30 23:00:00,0.3805,4.5,67
2009-03-31 00:00:00,0.3465333333333333,3.7,70
2009-03-31 01:00:00,0.3693666666666667,3.1,72
2009-03-31 02:00:00,0.3480999999999999,2.7,74
2009-03-31 03:00:00,0.3433666666666666,2.5,75
2009-03-31 04:00:00,0.3613,2.3,77
2009-03-31 05:00:00,0.4377666666666666,2.0,78
2009-03-31 06:00:00,1.6487333333333334,1.8,80
2009-03-31 07:00:00,2.0426,1.4,82
2009-03-31 08:00:00,1.4817666666666665,1.3,83
2009-03-31 09:00:00,1.7318666666666664,3.2,80
2009-03-31 10:00:00,1.5601333333333334,5.7,71
2009-03-31 11:00:00,1.5061,8.2,65
2009-03-31 12:00:00,1.4093000000000002,10.5,59
2009-03-31 13:00:00,2.393533333333333,12.0,51
2009-03-31 14:00:00,2.2642333333333338,12.7,47
2009-03-31 15:00:00,1.9852333333333332,13.2,47
2009-03-31 16:00:00,1.4422333333333337,13.3,47
2009-03-31 17:00:00,0.8092,13.3,47
2009-03-31 18:00:00,0.2971,13.0,48
2009-03-31 19:00:00,1.0325666666666666,12.3,52
2009-03-31 20:00:00,3.5067,10.7,57
2009-03-31 21:00:00,2.0393,9.2,60
2009-03-31 22:00:00,0.6354333333333333,8.2,64
2009-03-31 23:00:00,0.3989,7.5,67
