timestamp,load_kw
2009-01-01 00:00:00,0.5349333333333333
2009-01-01 01:00:00,0.5404666666666667
2009-01-01 02:00:00,0.5753666666666667
2009-01-01 03:00:00,0.5265
2009-01-01 04:00:00,0.5219
2009-01-01 05:00:00,0.5653333333333334
2009-01-01 06:00:00,1.4264666666666665
2009-01-01 07:00:00,0.6020666666666667
2009-01-01 08:00:00,0.5474333333333334
2009-01-01 09:00:00,0.5250666666666667
2009-01-01 10:00:00,1.2703
2009-01-01 11:00:00,0.3937666666666667
2009-01-01 12:00:00,0.27799999999999997
2009-01-01 13:00:00,0.29396666666666665
2009-01-01 14:00:00,0.28703333333333336
2009-01-01 15:00:00,0.2798
2009-01-01 16:00:00,1.2775666666666665
2009-01-01 17:00:00,0.2657333333333333
2009-01-01 18:00:00,0.9248333333333334
2009-01-01 19:00:00,1.7435333333333332
2009-01-01 20:00:00,3.4587999999999997
2009-01-01 21:00:00,2.112566666666667
2009-01-01 22:00:00,1.6109333333333333
2009-01-01 23:00:00,2.8825
2009-01-02 00:00:00,2.4007
2009-01-02 01:00:00,0.4316333333333333
2009-01-02 02:00:00,0.3228666666666667
2009-01-02 03:00:00,0.29100000000000004
2009-01-02 04:00:00,0.44380000000000003
2009-01-02 05:00:00,0.9572666666666667
2009-01-02 06:00:00,0.304
2009-01-02 07:00:00,0.2909
2009-01-02 08:00:00,1.0275666666666667
2009-01-02 09:00:00,1.2594666666666667
2009-01-02 10:00:00,3.368666666666667
2009-01-02 11:00:00,3.129166666666667
2009-01-02 12:00:00,1.3786999999999998
2009-01-02 13:00:00,1.3643333333333334
2009-01-02 14:00:00,1.7821666666666667
2009-01-02 15:00:00,2.4419
2009-01-02 16:00:00,2.3493666666666666
2009-01-02 17:00:00,3.092233333333333
2009-01-02 18:00:00,4.0648
2009-01-02 19:00:00,2.7377
2009-01-02 20:00:00,1.4126333333333332
2009-01-02 21:00:00,1.4073
2009-01-02 22:00:00,1.8480999999999999
2009-01-02 23:00:00,0.6855666666666667
2009-01-03 00:00:00,0.2881
2009-01-03 01:00:00,0.2966
2009-01-03 02:00:00,0.2873
2009-01-03 03:00:00,0.3031666666666667
2009-01-03 04:00:00,0.3300666666666666
2009-01-03 05:00:00,0.3046333333333333
2009-01-03 06:00:00,0.7821
2009-01-03 07:00:00,0.3282333333333333
2009-01-03 08:00:00,2.368866666666667
2009-01-03 09:00:00,1.7896333333333334
2009-01-03 10:00:00,2.1131
2009-01-03 11:00:00,3.7428000000000003
2009-01-03 12:00:00,2.3740666666666663
2009-01-03 13:00:00,1.2279000000000002
2009-01-03 14:00:00,1.6327333333333334
2009-01-03 15:00:00,0.9049
2009-01-03 16:00:00,0.7316
2009-01-03 17:00:00,0.7005333333333332
2009-01-03 18:00:00,1.5782333333333334
2009-01-03 19:00:00,3.0242999999999998
2009-01-03 20:00:00,2.3588666666666667
2009-01-03 21:00:00,1.7187333333333332
2009-01-03 22:00:00,1.3598666666666666
2009-01-03 23:00:00,1.3452666666666666
2009-01-04 00:00:00,0.4587
2009-01-04 01:00:00,0.44943333333333335
2009-01-04 02:00:00,0.4628
2009-01-04 03:00:00,0.48816666666666664
2009-01-04 04:00:00,0.47296666666666665
2009-01-04 05:00:00,0.9739666666666668
2009-01-04 06:00:00,0.4539
2009-01-04 07:00:00,0.43873333333333336
2009-01-04 08:00:00,0.8679
2009-01-04 09:00:00,0.5883
2009-01-04 10:00:00,0.8346666666666667
2009-01-04 11:00:00,0.39540000000000003
2009-01-04 12:00:00,1.9734
2009-01-04 13:00:00,0.7941
2009-01-04 14:00:00,2.9213333333333336
2009-01-04 15:00:00,1.8903333333333334
2009-01-04 16:00:00,2.1845
2009-01-04 17:00:00,2.1686666666666667
2009-01-04 18:00:00,2.5567333333333333
2009-01-04 19:00:00,3.7764333333333338
2009-01-04 20:00:00,3.2028000000000003
2009-01-04 21:00:00,3.0596666666666663
2009-01-04 22:00:00,0.5431
2009-01-04 23:00:00,0.37723333333333336
2009-01-05 00:00:00,0.358
2009-01-05 01:00:00,0.4124
2009-01-05 02:00:00,0.34459999999999996
2009-01-05 03:00:00,0.3468666666666667
2009-01-05 04:00:00,0.9358666666666667
2009-01-05 05:00:00,0.3405333333333333
2009-01-05 06:00:00,1.2006666666666668
2009-01-05 07:00:00,2.365533333333333
2009-01-05 08:00:00,1.9929999999999999
2009-01-05 09:00:00,1.4438333333333333
2009-01-05 10:00:00,1.4033666666666667
2009-01-05 11:00:00,1.4716666666666667
2009-01-05 12:00:00,0.8993333333333333
2009-01-05 13:00:00,0.32836666666666664
2009-01-05 14:00:00,0.34290000000000004
2009-01-05 15:00:00,0.3520333333333333
2009-01-05 16:00:00,0.3837
2009-01-05 17:00:00,0.5299
2009-01-05 18:00:00,1.8115666666666668
2009-01-05 19:00:00,2.5135666666666667
2009-01-05 20:00:00,3.7459333333333333
2009-01-05 21:00:00,2.317266666666667
2009-01-05 22:00:00,0.5380666666666667
2009-01-05 23:00:00,0.35436666666666666
2009-01-06 00:00:00,0.3302333333333333
2009-01-06 01:00:00,0.3163
2009-01-06 02:00:00,1.0062333333333333
2009-01-06 03:00:00,0.3776333333333334
2009-01-06 04:00:00,0.3249666666666667
2009-01-06 05:00:00,0.31770000000000004
2009-01-06 06:00:00,1.4446333333333332
2009-01-06 07:00:00,2.422266666666667
2009-01-06 08:00:00,1.8352333333333335
2009-01-06 09:00:00,1.7597666666666667
2009-01-06 10:00:00,1.7605
2009-01-06 11:00:00,1.4963333333333333
2009-01-06 12:00:00,1.4142666666666668
2009-01-06 13:00:00,1.4779666666666667
2009-01-06 14:00:00,1.4698333333333333
2009-01-06 15:00:00,1.2020000000000002
2009-01-06 16:00:00,0.3388666666666667
2009-01-06 17:00:00,0.9299
2009-01-06 18:00:00,1.4766666666666666
2009-01-06 19:00:00,2.5287333333333333
2009-01-06 20:00:00,1.7274666666666667
2009-01-06 21:00:00,0.7265666666666667
2009-01-06 22:00:00,0.4490666666666667
2009-01-06 23:00:00,1.0312333333333334
2009-01-07 00:00:00,0.4078
2009-01-07 01:00:00,0.3425333333333333
2009-01-07 02:00:00,0.35206666666666664
2009-01-07 03:00:00,0.34586666666666666
2009-01-07 04:00:00,0.33496666666666663
2009-01-07 05:00:00,0.3339
2009-01-07 06:00:00,1.2017666666666666
2009-01-07 07:00:00,2.318766666666667
2009-01-07 08:00:00,1.4325666666666665
2009-01-07 09:00:00,1.411
2009-01-07 10:00:00,1.4745
2009-01-07 11:00:00,1.9143000000000001
2009-01-07 12:00:00,1.775
2009-01-07 13:00:00,2.348
2009-01-07 14:00:00,3.6752333333333334
2009-01-07 15:00:00,1.3812
2009-01-07 16:00:00,0.7486999999999999
2009-01-07 17:00:00,1.1505333333333332
2009-01-07 18:00:00,2.110866666666667
2009-01-07 19:00:00,3.4723666666666664
2009-01-07 20:00:00,3.2388
2009-01-07 21:00:00,1.5214
2009-01-07 22:00:00,0.7814333333333334
2009-01-07 23:00:00,0.5976333333333333
2009-01-08 00:00:00,0.32876666666666665
2009-01-08 01:00:00,0.33116666666666666
2009-01-08 02:00:00,0.3679
2009-01-08 03:00:00,0.32353333333333334
2009-01-08 04:00:00,0.9540333333333333
2009-01-08 05:00:00,0.4406
2009-01-08 06:00:00,0.6844
2009-01-08 07:00:00,2.3731666666666666
2009-01-08 08:00:00,1.6142666666666665
2009-01-08 09:00:00,1.9896333333333334
2009-01-08 10:00:00,1.3924333333333334
2009-01-08 11:00:00,1.3970999999999998
2009-01-08 12:00:00,1.4052666666666667
2009-01-08 13:00:00,1.4881333333333333
2009-01-08 14:00:00,0.5723666666666667
2009-01-08 15:00:00,0.31829999999999997
2009-01-08 16:00:00,0.31460000000000005
2009-01-08 17:00:00,0.3078
2009-01-08 18:00:00,2.2797
2009-01-08 19:00:00,2.5160666666666667
2009-01-08 20:00:00,3.1131333333333333
2009-01-08 21:00:00,1.6093333333333333
2009-01-08 22:00:00,0.6920333333333333
2009-01-08 23:00:00,0.40743333333333337
2009-01-09 00:00:00,0.3510333333333333
2009-01-09 01:00:00,0.32070000000000004
2009-01-09 02:00:00,0.3174
2009-01-09 03:00:00,0.31500000000000006
2009-01-09 04:00:00,1.0684666666666667
2009-01-09 05:00:00,0.37233333333333335
2009-01-09 06:00:00,1.7729666666666666
2009-01-09 07:00:00,2.4480999999999997
2009-01-09 08:00:00,1.5721999999999998
2009-01-09 09:00:00,1.6979666666666666
2009-01-09 10:00:00,1.5325
2009-01-09 11:00:00,1.4488999999999999
2009-01-09 12:00:00,0.4576
2009-01-09 13:00:00,0.5347000000000001
2009-01-09 14:00:00,0.7128
2009-01-09 15:00:00,0.5937666666666667
2009-01-09 16:00:00,0.4958
2009-01-09 17:00:00,2.0916333333333332
2009-01-09 18:00:00,3.1193999999999997
2009-01-09 19:00:00,2.5874
2009-01-09 20:00:00,1.7956333333333334
2009-01-09 21:00:00,2.124766666666667
2009-01-09 22:00:00,1.8266333333333333
2009-01-09 23:00:00,0.254
2009-01-10 00:00:00,0.2526333333333333
2009-01-10 01:00:00,0.27366666666666667
2009-01-10 02:00:00,0.2751
2009-01-10 03:00:00,0.292
2009-01-10 04:00:00,0.27603333333333335
2009-01-10 05:00:00,0.26083333333333336
2009-01-10 06:00:00,1.0980333333333334
2009-01-10 07:00:00,2.6670000000000003
2009-01-10 08:00:00,1.8775000000000002
2009-01-10 09:00:00,1.3893666666666666
2009-01-10 10:00:00,1.3665666666666667
2009-01-10 11:00:00,0.6322333333333333
2009-01-10 12:00:00,0.5535333333333334
2009-01-10 13:00:00,1.2948
2009-01-10 14:00:00,1.1813
2009-01-10 15:00:00,0.5010666666666667
2009-01-10 16:00:00,2.0709666666666666
2009-01-10 17:00:00,3.7685666666666666
2009-01-10 18:00:00,3.9225666666666665
2009-01-10 19:00:00,3.794633333333333
2009-01-10 20:00:00,3.0900000000000003
2009-01-10 21:00:00,1.2122666666666668
2009-01-10 22:00:00,0.4315666666666667
2009-01-10 23:00:00,2.5669
2009-01-11 00:00:00,0.37733333333333335
2009-01-11 01:00:00,0.3427
2009-01-11 02:00:00,0.2931666666666667
2009-01-11 03:00:00,0.29873333333333335
2009-01-11 04:00:00,0.32720000000000005
2009-01-11 05:00:00,0.3446666666666667
2009-01-11 06:00:00,0.30546666666666666
2009-01-11 07:00:00,0.8372333333333334
2009-01-11 08:00:00,0.7120666666666666
2009-01-11 09:00:00,0.6853
2009-01-11 10:00:00,1.2908333333333333
2009-01-11 11:00:00,1.2254
2009-01-11 12:00:00,2.2194333333333334
2009-01-11 13:00:00,4.0528
2009-01-11 14:00:00,1.0828666666666666
2009-01-11 15:00:00,0.49956666666666666
2009-01-11 16:00:00,0.47763333333333335
2009-01-11 17:00:00,1.4429666666666667
2009-01-11 18:00:00,3.1095333333333333
2009-01-11 19:00:00,3.806166666666667
2009-01-11 20:00:00,1.9997333333333331
2009-01-11 21:00:00,3.5039333333333333
2009-01-11 22:00:00,2.7135333333333334
2009-01-11 23:00:00,0.9848666666666667
2009-01-12 00:00:00,0.3126
2009-01-12 01:00:00,0.2544
2009-01-12 02:00:00,0.27053333333333335
2009-01-12 03:00:00,0.26143333333333335
2009-01-12 04:00:00,0.8366666666666667
2009-01-12 05:00:00,0.3097333333333333
2009-01-12 06:00:00,0.7423333333333333
2009-01-12 07:00:00,2.2101333333333333
2009-01-12 08:00:00,1.4840666666666666
2009-01-12 09:00:00,1.3451666666666668
2009-01-12 10:00:00,1.4121666666666668
2009-01-12 11:00:00,1.3362333333333334
2009-01-12 12:00:00,1.3570333333333333
2009-01-12 13:00:00,1.3561
2009-01-12 14:00:00,1.3912333333333333
2009-01-12 15:00:00,1.4641
2009-01-12 16:00:00,1.1005333333333334
2009-01-12 17:00:00,0.8680333333333333
2009-01-12 18:00:00,1.1064
2009-01-12 19:00:00,1.5304666666666666
2009-01-12 20:00:00,1.7017333333333333
2009-01-12 21:00:00,2.7014333333333336
2009-01-12 22:00:00,0.7573000000000001
2009-01-12 23:00:00,0.3781333333333333
2009-01-13 00:00:00,0.3176333333333333
2009-01-13 01:00:00,0.3892
2009-01-13 02:00:00,0.31293333333333334
2009-01-13 03:00:00,0.9966333333333334
2009-01-13 04:00:00,0.3390666666666667
2009-01-13 05:00:00,0.30826666666666663
2009-01-13 06:00:00,1.8215666666666666
2009-01-13 07:00:00,2.3731333333333335
2009-01-13 08:00:00,2.8362333333333334
2009-01-13 09:00:00,2.247133333333333
2009-01-13 10:00:00,1.4705333333333332
2009-01-13 11:00:00,1.5489
2009-01-13 12:00:00,1.6643000000000001
2009-01-13 13:00:00,1.4416333333333333
2009-01-13 14:00:00,1.4453666666666665
2009-01-13 15:00:00,1.4751
2009-01-13 16:00:00,1.3357999999999999
2009-01-13 17:00:00,0.8083666666666667
2009-01-13 18:00:00,2.0336000000000003
2009-01-13 19:00:00,1.6334333333333333
2009-01-13 20:00:00,2.6185
2009-01-13 21:00:00,2.725
2009-01-13 22:00:00,2.6693333333333333
2009-01-13 23:00:00,1.5650000000000002
2009-01-14 00:00:00,0.43393333333333334
2009-01-14 01:00:00,0.33653333333333335
2009-01-14 02:00:00,0.29893333333333333
2009-01-14 03:00:00,0.2969333333333333
2009-01-14 04:00:00,0.29616666666666663
2009-01-14 05:00:00,0.28853333333333336
2009-01-14 06:00:00,1.0051999999999999
2009-01-14 07:00:00,2.3149666666666664
2009-01-14 08:00:00,2.2127
2009-01-14 09:00:00,2.333966666666667
2009-01-14 10:00:00,1.7702333333333333
2009-01-14 11:00:00,1.8719666666666666
2009-01-14 12:00:00,1.7893333333333332
2009-01-14 13:00:00,1.2807333333333333
2009-01-14 14:00:00,0.2668
2009-01-14 15:00:00,0.33826666666666666
2009-01-14 16:00:00,0.42573333333333335
2009-01-14 17:00:00,0.7911
2009-01-14 18:00:00,1.2929666666666668
2009-01-14 19:00:00,1.8926
2009-01-14 20:00:00,2.7421333333333333
2009-01-14 21:00:00,3.289694915254237
2009-01-14 22:00:00,1.8266666666666667
2009-01-14 23:00:00,0.2634333333333333
2009-01-15 00:00:00,0.3261
2009-01-15 01:00:00,0.2749666666666667
2009-01-15 02:00:00,0.2704666666666667
2009-01-15 03:00:00,0.26576666666666665
2009-01-15 04:00:00,0.8463999999999999
2009-01-15 05:00:00,0.31973333333333337
2009-01-15 06:00:00,0.6657666666666666
2009-01-15 07:00:00,2.1168333333333336
2009-01-15 08:00:00,1.6259333333333332
2009-01-15 09:00:00,1.3786333333333334
2009-01-15 10:00:00,1.3360666666666667
2009-01-15 11:00:00,1.3007333333333333
2009-01-15 12:00:00,1.3229333333333335
2009-01-15 13:00:00,1.0469666666666666
2009-01-15 14:00:00,0.34309999999999996
2009-01-15 15:00:00,0.2721666666666666
2009-01-15 16:00:00,0.2546333333333333
2009-01-15 17:00:00,0.4094666666666667
2009-01-15 18:00:00,1.1185666666666667
2009-01-15 19:00:00,2.8497
2009-01-15 20:00:00,3.364
2009-01-15 21:00:00,2.5562666666666667
2009-01-15 22:00:00,1.3453333333333333
2009-01-15 23:00:00,0.45726666666666665
2009-01-16 00:00:00,0.37870000000000004
2009-01-16 01:00:00,0.33046666666666663
2009-01-16 02:00:00,0.3113666666666667
2009-01-16 03:00:00,1.0003
2009-01-16 04:00:00,0.34143333333333337
2009-01-16 05:00:00,0.30510000000000004
2009-01-16 06:00:00,1.4371666666666667
2009-01-16 07:00:00,2.4304333333333332
2009-01-16 08:00:00,1.6612
2009-01-16 09:00:00,1.3905
2009-01-16 10:00:00,1.3822666666666668
2009-01-16 11:00:00,1.0374666666666665
2009-01-16 12:00:00,0.3574333333333334
2009-01-16 13:00:00,0.34643333333333337
2009-01-16 14:00:00,1.1223666666666667
2009-01-16 15:00:00,2.1490666666666667
2009-01-16 16:00:00,2.4292000000000002
2009-01-16 17:00:00,4.151266666666666
2009-01-16 18:00:00,3.1908000000000003
2009-01-16 19:00:00,4.958200000000001
2009-01-16 20:00:00,6.519633333333333
2009-01-16 21:00:00,3.4019
2009-01-16 22:00:00,2.6485333333333334
2009-01-16 23:00:00,2.8280000000000003
2009-01-17 00:00:00,2.2245
2009-01-17 01:00:00,1.4293333333333333
2009-01-17 02:00:00,1.4218333333333333
2009-01-17 03:00:00,1.4526666666666666
2009-01-17 04:00:00,1.4366333333333332
2009-01-17 05:00:00,1.7866666666666666
2009-01-17 06:00:00,1.7355666666666667
2009-01-17 07:00:00,3.3773666666666666
2009-01-17 08:00:00,3.1905
2009-01-17 09:00:00,3.1242333333333336
2009-01-17 10:00:00,2.2643333333333335
2009-01-17 11:00:00,1.5165666666666666
2009-01-17 12:00:00,1.9724
2009-01-17 13:00:00,2.1240666666666668
2009-01-17 14:00:00,1.6675333333333335
2009-01-17 15:00:00,1.0158
2009-01-17 16:00:00,2.990733333333333
2009-01-17 17:00:00,3.354966666666667
2009-01-17 18:00:00,2.9849
2009-01-17 19:00:00,3.4392333333333336
2009-01-17 20:00:00,2.5505333333333335
2009-01-17 21:00:00,3.6658
2009-01-17 22:00:00,2.4034
2009-01-17 23:00:00,2.1674333333333333
2009-01-18 00:00:00,1.1649666666666667
2009-01-18 01:00:00,0.3303333333333333
2009-01-18 02:00:00,0.2708333333333333
2009-01-18 03:00:00,0.2598333333333333
2009-01-18 04:00:00,0.29756666666666665
2009-01-18 05:00:00,0.30419999999999997
2009-01-18 06:00:00,0.27580000000000005
2009-01-18 07:00:00,0.8715333333333334
2009-01-18 08:00:00,1.7598333333333334
2009-01-18 09:00:00,3.0111
2009-01-18 10:00:00,1.9039666666666666
2009-01-18 11:00:00,3.533466666666667
2009-01-18 12:00:00,2.8605
2009-01-18 13:00:00,2.1848666666666667
2009-01-18 14:00:00,3.7168666666666668
2009-01-18 15:00:00,4.210166666666667
2009-01-18 16:00:00,2.556366666666667
2009-01-18 17:00:00,2.1870333333333334
2009-01-18 18:00:00,3.5471666666666666
2009-01-18 19:00:00,4.573033333333333
2009-01-18 20:00:00,3.6069
2009-01-18 21:00:00,4.8607
2009-01-18 22:00:00,2.693833333333333
2009-01-18 23:00:00,1.5890333333333333
2009-01-19 00:00:00,0.8864666666666667
2009-01-19 01:00:00,0.28683333333333333
2009-01-19 02:00:00,0.29716666666666663
2009-01-19 03:00:00,0.34149999999999997
2009-01-19 04:00:00,0.30063333333333336
2009-01-19 05:00:00,0.315
2009-01-19 06:00:00,1.0216
2009-01-19 07:00:00,2.8087
2009-01-19 08:00:00,2.4685333333333332
2009-01-19 09:00:00,1.3573
2009-01-19 10:00:00,1.3924999999999998
2009-01-19 11:00:00,1.3643333333333334
2009-01-19 12:00:00,1.3589333333333333
2009-01-19 13:00:00,1.3951333333333333
2009-01-19 14:00:00,0.9700333333333333
2009-01-19 15:00:00,0.29606666666666664
2009-01-19 16:00:00,0.2812
2009-01-19 17:00:00,0.3788
2009-01-19 18:00:00,0.9175333333333333
2009-01-19 19:00:00,1.7802666666666667
2009-01-19 20:00:00,3.6107
2009-01-19 21:00:00,2.6489666666666665
2009-01-19 22:00:00,1.4861333333333335
2009-01-19 23:00:00,0.3667666666666667
2009-01-20 00:00:00,0.30716666666666664
2009-01-20 01:00:00,0.2831
2009-01-20 02:00:00,0.2832
2009-01-20 03:00:00,0.26033333333333336
2009-01-20 04:00:00,1.0441333333333334
2009-01-20 05:00:00,0.26213333333333333
2009-01-20 06:00:00,1.4887666666666666
2009-01-20 07:00:00,2.3975333333333335
2009-01-20 08:00:00,1.9366333333333332
2009-01-20 09:00:00,1.5161333333333333
2009-01-20 10:00:00,1.6928333333333334
2009-01-20 11:00:00,1.4546666666666668
2009-01-20 12:00:00,1.7684
2009-01-20 13:00:00,1.52
2009-01-20 14:00:00,1.3550666666666666
2009-01-20 15:00:00,1.4104999999999999
2009-01-20 16:00:00,1.3954333333333333
2009-01-20 17:00:00,1.3376
2009-01-20 18:00:00,0.5837
2009-01-20 19:00:00,1.0569666666666666
2009-01-20 20:00:00,1.7583333333333333
2009-01-20 21:00:00,1.6285666666666667
2009-01-20 22:00:00,1.5166
2009-01-20 23:00:00,0.7093333333333334
2009-01-21 00:00:00,0.3242333333333333
2009-01-21 01:00:00,0.31396666666666667
2009-01-21 02:00:00,0.2677333333333333
2009-01-21 03:00:00,0.2569
2009-01-21 04:00:00,0.28950000000000004
2009-01-21 05:00:00,0.25626666666666664
2009-01-21 06:00:00,1.9719666666666666
2009-01-21 07:00:00,2.7828
2009-01-21 08:00:00,2.410433333333333
2009-01-21 09:00:00,1.7473333333333334
2009-01-21 10:00:00,1.3197666666666668
2009-01-21 11:00:00,1.3635333333333333
2009-01-21 12:00:00,1.5832000000000002
2009-01-21 13:00:00,1.5441
2009-01-21 14:00:00,0.756
2009-01-21 15:00:00,0.31176666666666664
2009-01-21 16:00:00,1.0665666666666667
2009-01-21 17:00:00,1.0409
2009-01-21 18:00:00,1.6733
2009-01-21 19:00:00,0.8709333333333333
2009-01-21 20:00:00,1.7392333333333334
2009-01-21 21:00:00,3.5802
2009-01-21 22:00:00,1.1283333333333334
2009-01-21 23:00:00,0.3916
2009-01-22 00:00:00,0.36150000000000004
2009-01-22 01:00:00,0.34503333333333336
2009-01-22 02:00:00,0.3249333333333333
2009-01-22 03:00:00,0.3514666666666667
2009-01-22 04:00:00,1.1088333333333333
2009-01-22 05:00:00,0.3378
2009-01-22 06:00:00,0.6572666666666667
2009-01-22 07:00:00,2.037033333333333
2009-01-22 08:00:00,2.3693
2009-01-22 09:00:00,1.3820000000000001
2009-01-22 10:00:00,1.3739333333333335
2009-01-22 11:00:00,1.5109333333333335
2009-01-22 12:00:00,1.4416333333333333
2009-01-22 13:00:00,0.36386666666666667
2009-01-22 14:00:00,0.31443333333333334
2009-01-22 15:00:00,0.392
2009-01-22 16:00:00,0.6052
2009-01-22 17:00:00,0.3786
2009-01-22 18:00:00,1.0031333333333334
2009-01-22 19:00:00,0.6932333333333334
2009-01-22 20:00:00,0.3846666666666667
2009-01-22 21:00:00,1.5787
2009-01-22 22:00:00,0.9803999999999999
2009-01-22 23:00:00,0.3267
2009-01-23 00:00:00,0.3560333333333333
2009-01-23 01:00:00,0.31396666666666667
2009-01-23 02:00:00,0.32966666666666666
2009-01-23 03:00:00,0.332
2009-01-23 04:00:00,0.32456666666666667
2009-01-23 05:00:00,0.3555
2009-01-23 06:00:00,1.4470333333333334
2009-01-23 07:00:00,2.405533333333333
2009-01-23 08:00:00,2.0273666666666665
2009-01-23 09:00:00,1.9249
2009-01-23 10:00:00,1.7586333333333333
2009-01-23 11:00:00,1.5929
2009-01-23 12:00:00,1.7036666666666667
2009-01-23 13:00:00,1.9738
2009-01-23 14:00:00,2.3958
2009-01-23 15:00:00,1.5886
2009-01-23 16:00:00,0.6526333333333334
2009-01-23 17:00:00,1.2992
2009-01-23 18:00:00,2.682
2009-01-23 19:00:00,2.197666666666666
2009-01-23 20:00:00,1.4466666666666665
2009-01-23 21:00:00,0.7076666666666667
2009-01-23 22:00:00,0.6969333333333334
2009-01-23 23:00:00,1.3295333333333335
2009-01-24 00:00:00,0.3565333333333333
2009-01-24 01:00:00,0.3304
2009-01-24 02:00:00,0.34353333333333336
2009-01-24 03:00:00,0.33203333333333335
2009-01-24 04:00:00,0.31806666666666666
2009-01-24 05:00:00,0.34746666666666665
2009-01-24 06:00:00,0.3267666666666667
2009-01-24 07:00:00,1.5229333333333335
2009-01-24 08:00:00,2.7665333333333333
2009-01-24 09:00:00,1.6612
2009-01-24 10:00:00,1.8617333333333335
2009-01-24 11:00:00,5.0734
2009-01-24 12:00:00,3.5632
2009-01-24 13:00:00,2.916
2009-01-24 14:00:00,0.8525666666666666
2009-01-24 15:00:00,0.3137
2009-01-24 16:00:00,0.3687333333333333
2009-01-24 17:00:00,1.0651666666666668
2009-01-24 18:00:00,2.4964999999999997
2009-01-24 19:00:00,2.0151333333333334
2009-01-24 20:00:00,3.1385333333333336
2009-01-24 21:00:00,1.5944666666666667
2009-01-24 22:00:00,1.4212666666666667
2009-01-24 23:00:00,1.6936333333333333
2009-01-25 00:00:00,3.0183666666666666
2009-01-25 01:00:00,2.000966666666667
2009-01-25 02:00:00,1.4094666666666666
2009-01-25 03:00:00,1.355
2009-01-25 04:00:00,1.3823666666666667
2009-01-25 05:00:00,1.3799666666666668
2009-01-25 06:00:00,1.3453333333333333
2009-01-25 07:00:00,1.7613333333333332
2009-01-25 08:00:00,2.2094333333333336
2009-01-25 09:00:00,1.6287666666666667
2009-01-25 10:00:00,1.4972999999999999
2009-01-25 11:00:00,1.2599666666666667
2009-01-25 12:00:00,3.4078333333333335
2009-01-25 13:00:00,4.330433333333334
2009-01-25 14:00:00,2.5736
2009-01-25 15:00:00,3.1826333333333334
2009-01-25 16:00:00,2.2279666666666667
2009-01-25 17:00:00,2.3994333333333335
2009-01-25 18:00:00,2.1499
2009-01-25 19:00:00,2.7504666666666666
2009-01-25 20:00:00,1.2552999999999999
2009-01-25 21:00:00,1.2008333333333332
2009-01-25 22:00:00,0.5278333333333334
2009-01-25 23:00:00,1.1399000000000001
2009-01-26 00:00:00,0.39676666666666666
2009-01-26 01:00:00,0.2763333333333333
2009-01-26 02:00:00,0.30793333333333334
2009-01-26 03:00:00,0.2584
2009-01-26 04:00:00,0.25866666666666666
2009-01-26 05:00:00,0.29303333333333337
2009-01-26 06:00:00,0.8261000000000001
2009-01-26 07:00:00,2.3397666666666668
2009-01-26 08:00:00,1.5844999999999998
2009-01-26 09:00:00,1.4558
2009-01-26 10:00:00,1.1718666666666666
2009-01-26 11:00:00,0.36956666666666665
2009-01-26 12:00:00,1.7499
2009-01-26 13:00:00,1.9357
2009-01-26 14:00:00,1.7821333333333333
2009-01-26 15:00:00,1.8828
2009-01-26 16:00:00,1.0751
2009-01-26 17:00:00,0.8909
2009-01-26 18:00:00,0.6995666666666666
2009-01-26 19:00:00,2.3888000000000003
2009-01-26 20:00:00,1.8882
2009-01-26 21:00:00,2.4245333333333337
2009-01-26 22:00:00,0.8665666666666667
2009-01-26 23:00:00,0.7849333333333334
2009-01-27 00:00:00,0.4223
2009-01-27 01:00:00,0.3787333333333333
2009-01-27 02:00:00,0.4147666666666667
2009-01-27 03:00:00,0.35713333333333336
2009-01-27 04:00:00,0.3749333333333333
2009-01-27 05:00:00,1.0158666666666667
2009-01-27 06:00:00,0.7419333333333333
2009-01-27 07:00:00,2.030066666666667
2009-01-27 08:00:00,1.7459333333333333
2009-01-27 09:00:00,1.7676333333333332
2009-01-27 10:00:00,1.587
2009-01-27 11:00:00,1.2878666666666667
2009-01-27 12:00:00,0.6185666666666666
2009-01-27 13:00:00,0.9198666666666667
2009-01-27 14:00:00,0.4892666666666667
2009-01-27 15:00:00,0.41213333333333335
2009-01-27 16:00:00,0.3559
2009-01-27 17:00:00,1.0202666666666667
2009-01-27 18:00:00,0.5165666666666666
2009-01-27 19:00:00,2.9132333333333333
2009-01-27 20:00:00,1.7003333333333333
2009-01-27 21:00:00,1.258
2009-01-27 22:00:00,1.0394333333333334
2009-01-27 23:00:00,0.3827666666666667
2009-01-28 00:00:00,2.654533333333333
2009-01-28 01:00:00,1.2216333333333333
2009-01-28 02:00:00,0.7255666666666667
2009-01-28 03:00:00,0.2691
2009-01-28 04:00:00,0.2666
2009-01-28 05:00:00,0.3050333333333333
2009-01-28 06:00:00,0.5275666666666666
2009-01-28 07:00:00,1.8690666666666664
2009-01-28 08:00:00,1.6303333333333332
2009-01-28 09:00:00,1.6323333333333332
2009-01-28 10:00:00,2.1380666666666666
2009-01-28 11:00:00,2.2312999999999996
2009-01-28 12:00:00,2.1204666666666667
2009-01-28 13:00:00,2.0874
2009-01-28 14:00:00,2.3346333333333336
2009-01-28 15:00:00,4.209366666666667
2009-01-28 16:00:00,4.301233333333333
2009-01-28 17:00:00,3.2321999999999997
2009-01-28 18:00:00,3.8753333333333333
2009-01-28 19:00:00,2.3791333333333333
2009-01-28 20:00:00,2.8319666666666667
2009-01-28 21:00:00,1.7506
2009-01-28 22:00:00,0.45836666666666664
2009-01-28 23:00:00,0.31039999999999995
2009-01-29 00:00:00,0.3013333333333333
2009-01-29 01:00:00,0.2733666666666667
2009-01-29 02:00:00,0.30360000000000004
2009-01-29 03:00:00,0.2785
2009-01-29 04:00:00,0.9279666666666667
2009-01-29 05:00:00,0.3028
2009-01-29 06:00:00,0.6937666666666666
2009-01-29 07:00:00,2.0624
2009-01-29 08:00:00,1.9141000000000001
2009-01-29 09:00:00,1.8783333333333334
2009-01-29 10:00:00,1.3802666666666668
2009-01-29 11:00:00,0.9658
2009-01-29 12:00:00,1.9086
2009-01-29 13:00:00,1.8314333333333332
2009-01-29 14:00:00,1.8447666666666664
2009-01-29 15:00:00,0.7404333333333334
2009-01-29 16:00:00,0.9024
2009-01-29 17:00:00,0.7066333333333333
2009-01-29 18:00:00,0.8510666666666666
2009-01-29 19:00:00,1.6716
2009-01-29 20:00:00,1.3348666666666666
2009-01-29 21:00:00,1.5865333333333331
2009-01-29 22:00:00,1.2076666666666669
2009-01-29 23:00:00,0.36006666666666665
2009-01-30 00:00:00,0.3187
2009-01-30 01:00:00,0.29410000000000003
2009-01-30 02:00:00,0.28653333333333336
2009-01-30 03:00:00,0.3187666666666667
2009-01-30 04:00:00,0.2977666666666667
2009-01-30 05:00:00,0.27926666666666666
2009-01-30 06:00:00,1.7490666666666668
2009-01-30 07:00:00,2.5133333333333336
2009-01-30 08:00:00,1.9205666666666665
2009-01-30 09:00:00,2.1337333333333333
2009-01-30 10:00:00,1.2665666666666666
2009-01-30 11:00:00,1.0696
2009-01-30 12:00:00,1.9283666666666666
2009-01-30 13:00:00,2.015633333333333
2009-01-30 14:00:00,1.9597666666666667
2009-01-30 15:00:00,1.9473666666666667
2009-01-30 16:00:00,1.5804666666666667
2009-01-30 17:00:00,3.019766666666667
2009-01-30 18:00:00,2.5259333333333336
2009-01-30 19:00:00,1.9997
2009-01-30 20:00:00,1.6510666666666665
2009-01-30 21:00:00,1.9411666666666667
2009-01-30 22:00:00,0.9333666666666667
2009-01-30 23:00:00,0.36669999999999997
2009-01-31 00:00:00,0.7961000000000001
2009-01-31 01:00:00,0.284
2009-01-31 02:00:00,0.2890333333333333
2009-01-31 03:00:00,0.2828333333333333
2009-01-31 04:00:00,0.30273333333333335
2009-01-31 05:00:00,0.2695
2009-01-31 06:00:00,0.3776333333333334
2009-01-31 07:00:00,2.6601
2009-01-31 08:00:00,2.4369666666666663
2009-01-31 09:00:00,2.5088
2009-01-31 10:00:00,1.7707666666666666
2009-01-31 11:00:00,3.2394666666666665
2009-01-31 12:00:00,2.7857
2009-01-31 13:00:00,2.1998
2009-01-31 14:00:00,2.7052666666666667
2009-01-31 15:00:00,1.2613666666666667
2009-01-31 16:00:00,3.407433333333333
2009-01-31 17:00:00,5.072500000000001
2009-01-31 18:00:00,3.7634
2009-01-31 19:00:00,4.503566666666667
2009-01-31 20:00:00,3.9
2009-01-31 21:00:00,3.471766666666667
2009-01-31 22:00:00,3.8216666666666668
2009-01-31 23:00:00,3.1038
2009-02-01 00:00:00,3.3216666666666668
2009-02-01 01:00:00,3.0756
2009-02-01 02:00:00,1.4153333333333333
2009-02-01 03:00:00,0.6026666666666667
2009-02-01 04:00:00,0.3294333333333333
2009-02-01 05:00:00,0.3217
2009-02-01 06:00:00,0.32443333333333335
2009-02-01 07:00:00,0.3015
2009-02-01 08:00:00,1.0914333333333335
2009-02-01 09:00:00,1.1221333333333334
2009-02-01 10:00:00,0.5498333333333334
2009-02-01 11:00:00,1.4765000000000001
2009-02-01 12:00:00,2.0776
2009-02-01 13:00:00,2.1430333333333333
2009-02-01 14:00:00,1.1609666666666667
2009-02-01 15:00:00,0.7485999999999999
2009-02-01 16:00:00,0.7871034482758621
2009-02-01 17:00:00,1.6540377358490566
2009-02-01 18:00:00,2.3366
2009-02-01 19:00:00,1.4655333333333334
2009-02-01 20:00:00,2.2894333333333337
2009-02-01 21:00:00,1.0868666666666666
2009-02-01 22:00:00,0.7607666666666667
2009-02-01 23:00:00,0.2812
2009-02-02 00:00:00,0.2756
2009-02-02 01:00:00,0.3015
2009-02-02 02:00:00,0.2748
2009-02-02 03:00:00,0.8642
2009-02-02 04:00:00,0.29916666666666664
2009-02-02 05:00:00,0.2788333333333333
2009-02-02 06:00:00,1.8350333333333333
2009-02-02 07:00:00,2.1132666666666666
2009-02-02 08:00:00,1.3669
2009-02-02 09:00:00,1.3378333333333332
2009-02-02 10:00:00,1.3349
2009-02-02 11:00:00,1.3464
2009-02-02 12:00:00,1.3259333333333332
2009-02-02 13:00:00,0.26043333333333335
2009-02-02 14:00:00,0.2855
2009-02-02 15:00:00,0.30676666666666663
2009-02-02 16:00:00,0.48136666666666666
2009-02-02 17:00:00,0.3198666666666667
2009-02-02 18:00:00,1.0355666666666667
2009-02-02 19:00:00,2.2187333333333332
2009-02-02 20:00:00,2.7483
2009-02-02 21:00:00,1.8402333333333334
2009-02-02 22:00:00,2.3954333333333335
2009-02-02 23:00:00,1.8751
2009-02-03 00:00:00,0.3337
2009-02-03 01:00:00,0.28963333333333335
2009-02-03 02:00:00,0.29133333333333333
2009-02-03 03:00:00,0.29266666666666663
2009-02-03 04:00:00,0.3026
2009-02-03 05:00:00,0.2834333333333333
2009-02-03 06:00:00,1.5976
2009-02-03 07:00:00,2.0793666666666666
2009-02-03 08:00:00,1.5312666666666668
2009-02-03 09:00:00,1.5868
2009-02-03 10:00:00,1.6326
2009-02-03 11:00:00,1.5806666666666667
2009-02-03 12:00:00,1.7129333333333332
2009-02-03 13:00:00,2.3165666666666667
2009-02-03 14:00:00,1.5198333333333334
2009-02-03 15:00:00,1.4008333333333334
2009-02-03 16:00:00,1.3944333333333332
2009-02-03 17:00:00,1.5492666666666668
2009-02-03 18:00:00,1.8788333333333334
2009-02-03 19:00:00,1.7648000000000001
2009-02-03 20:00:00,1.7340333333333333
2009-02-03 21:00:00,1.7607333333333335
2009-02-03 22:00:00,1.2270333333333334
2009-02-03 23:00:00,1.0788666666666666
2009-02-04 00:00:00,0.27426666666666666
2009-02-04 01:00:00,0.26426666666666665
2009-02-04 02:00:00,0.9555
2009-02-04 03:00:00,0.262
2009-02-04 04:00:00,0.26653333333333334
2009-02-04 05:00:00,0.27176666666666666
2009-02-04 06:00:00,2.2142333333333335
2009-02-04 07:00:00,3.3687666666666667
2009-02-04 08:00:00,4.0461
2009-02-04 09:00:00,2.6440333333333332
2009-02-04 10:00:00,2.871866666666667
2009-02-04 11:00:00,1.7975999999999999
2009-02-04 12:00:00,1.5906666666666667
2009-02-04 13:00:00,1.3151666666666666
2009-02-04 14:00:00,2.6519333333333335
2009-02-04 15:00:00,2.1921666666666666
2009-02-04 16:00:00,1.4204666666666665
2009-02-04 17:00:00,1.8415333333333335
2009-02-04 18:00:00,2.5424
2009-02-04 19:00:00,2.5563333333333333
2009-02-04 20:00:00,2.6028333333333333
2009-02-04 21:00:00,1.3765333333333334
2009-02-04 22:00:00,1.3702333333333334
2009-02-04 23:00:00,0.3182
2009-02-05 00:00:00,0.34286666666666665
2009-02-05 01:00:00,1.1451333333333333
2009-02-05 02:00:00,0.29436666666666667
2009-02-05 03:00:00,0.5680333333333334
2009-02-05 04:00:00,0.8099333333333333
2009-02-05 05:00:00,0.2735333333333333
2009-02-05 06:00:00,1.3363
2009-02-05 07:00:00,1.6970333333333334
2009-02-05 08:00:00,1.4277333333333333
2009-02-05 09:00:00,1.5066
2009-02-05 10:00:00,1.3865
2009-02-05 11:00:00,1.3411666666666666
2009-02-05 12:00:00,0.8336333333333333
2009-02-05 13:00:00,1.5134333333333332
2009-02-05 14:00:00,1.5414
2009-02-05 15:00:00,0.5696
2009-02-05 16:00:00,1.4516333333333333
2009-02-05 17:00:00,1.1533
2009-02-05 18:00:00,1.4748666666666668
2009-02-05 19:00:00,1.9247333333333332
2009-02-05 20:00:00,2.7241
2009-02-05 21:00:00,0.7076333333333333
2009-02-05 22:00:00,0.8102
2009-02-05 23:00:00,0.6510666666666667
2009-02-06 00:00:00,0.34459999999999996
2009-02-06 01:00:00,1.0315333333333332
2009-02-06 02:00:00,0.34396666666666664
2009-02-06 03:00:00,0.7088666666666666
2009-02-06 04:00:00,0.6614
2009-02-06 05:00:00,0.3359
2009-02-06 06:00:00,2.1180333333333334
2009-02-06 07:00:00,2.2552000000000003
2009-02-06 08:00:00,2.5251666666666663
2009-02-06 09:00:00,1.7821333333333333
2009-02-06 10:00:00,2.231533333333333
2009-02-06 11:00:00,1.4457
2009-02-06 12:00:00,0.7231666666666666
2009-02-06 13:00:00,1.0996666666666668
2009-02-06 14:00:00,0.3867333333333333
2009-02-06 15:00:00,0.8613666666666667
2009-02-06 16:00:00,1.2248333333333332
2009-02-06 17:00:00,2.3738666666666663
2009-02-06 18:00:00,2.8952999999999998
2009-02-06 19:00:00,1.7910666666666666
2009-02-06 20:00:00,1.5201666666666667
2009-02-06 21:00:00,2.335066666666667
2009-02-06 22:00:00,1.7275333333333334
2009-02-06 23:00:00,1.4171333333333334
2009-02-07 00:00:00,1.1558
2009-02-07 01:00:00,0.31143333333333334
2009-02-07 02:00:00,0.2756
2009-02-07 03:00:00,0.29256666666666664
2009-02-07 04:00:00,0.27899999999999997
2009-02-07 05:00:00,0.26030000000000003
2009-02-07 06:00:00,0.2763333333333333
2009-02-07 07:00:00,1.1604999999999999
2009-02-07 08:00:00,1.9180333333333333
2009-02-07 09:00:00,1.4660666666666666
2009-02-07 10:00:00,2.5955333333333335
2009-02-07 11:00:00,3.7103333333333333
2009-02-07 12:00:00,2.1822999999999997
2009-02-07 13:00:00,2.8866333333333336
2009-02-07 14:00:00,4.402833333333334
2009-02-07 15:00:00,3.5533
2009-02-07 16:00:00,3.403833333333333
2009-02-07 17:00:00,2.3437666666666668
2009-02-07 18:00:00,3.0493666666666663
2009-02-07 19:00:00,3.0098333333333334
2009-02-07 20:00:00,4.395833333333333
2009-02-07 21:00:00,2.933466666666667
2009-02-07 22:00:00,3.5940999999999996
2009-02-07 23:00:00,2.7355
2009-02-08 00:00:00,2.455233333333333
2009-02-08 01:00:00,3.1631
2009-02-08 02:00:00,1.3984999999999999
2009-02-08 03:00:00,1.3962666666666665
2009-02-08 04:00:00,0.8466666666666668
2009-02-08 05:00:00,0.2920666666666667
2009-02-08 06:00:00,0.2893
2009-02-08 07:00:00,0.32
2009-02-08 08:00:00,0.2967
2009-02-08 09:00:00,0.9675666666666667
2009-02-08 10:00:00,1.6600666666666666
2009-02-08 11:00:00,1.5530666666666666
2009-02-08 12:00:00,1.3807666666666667
2009-02-08 13:00:00,2.060566666666667
2009-02-08 14:00:00,0.4966
2009-02-08 15:00:00,0.7671333333333333
2009-02-08 16:00:00,2.3340666666666667
2009-02-08 17:00:00,2.2094333333333336
2009-02-08 18:00:00,3.728933333333333
2009-02-08 19:00:00,3.009333333333333
2009-02-08 20:00:00,3.5326333333333335
2009-02-08 21:00:00,1.3849333333333333
2009-02-08 22:00:00,0.49146666666666666
2009-02-08 23:00:00,0.3467
2009-02-09 00:00:00,0.3106333333333334
2009-02-09 01:00:00,0.8632000000000001
2009-02-09 02:00:00,0.3248333333333333
2009-02-09 03:00:00,0.3102
2009-02-09 04:00:00,0.27366666666666667
2009-02-09 05:00:00,0.28093333333333337
2009-02-09 06:00:00,1.3206
2009-02-09 07:00:00,2.4069
2009-02-09 08:00:00,1.8940666666666668
2009-02-09 09:00:00,1.3527
2009-02-09 10:00:00,1.4391666666666665
2009-02-09 11:00:00,2.084033333333333
2009-02-09 12:00:00,2.3414
2009-02-09 13:00:00,2.3981
2009-02-09 14:00:00,0.9475333333333332
2009-02-09 15:00:00,0.7392
2009-02-09 16:00:00,0.47719999999999996
2009-02-09 17:00:00,0.9062
2009-02-09 18:00:00,1.2161333333333333
2009-02-09 19:00:00,2.8116
2009-02-09 20:00:00,1.6895666666666667
2009-02-09 21:00:00,1.0875
2009-02-09 22:00:00,0.6504
2009-02-09 23:00:00,0.3182
2009-02-10 00:00:00,1.1084333333333334
2009-02-10 01:00:00,0.2729666666666667
2009-02-10 02:00:00,0.2695666666666667
2009-02-10 03:00:00,0.3
2009-02-10 04:00:00,0.2778
2009-02-10 05:00:00,0.27270000000000005
2009-02-10 06:00:00,0.7643000000000001
2009-02-10 07:00:00,2.4165
2009-02-10 08:00:00,1.8173333333333335
2009-02-10 09:00:00,1.7789666666666666
2009-02-10 10:00:00,1.7232999999999998
2009-02-10 11:00:00,1.3493
2009-02-10 12:00:00,1.5753
2009-02-10 13:00:00,1.8954
2009-02-10 14:00:00,1.7777666666666667
2009-02-10 15:00:00,1.8036333333333334
2009-02-10 16:00:00,1.8409
2009-02-10 17:00:00,1.2932666666666668
2009-02-10 18:00:00,1.3038666666666667
2009-02-10 19:00:00,1.7562333333333333
2009-02-10 20:00:00,2.2601
2009-02-10 21:00:00,1.4135333333333333
2009-02-10 22:00:00,1.7046333333333334
2009-02-10 23:00:00,1.4212333333333333
2009-02-11 00:00:00,0.9704999999999999
2009-02-11 01:00:00,0.2705666666666667
2009-02-11 02:00:00,0.2672333333333333
2009-02-11 03:00:00,0.2964
2009-02-11 04:00:00,0.2748666666666667
2009-02-11 05:00:00,0.26676666666666665
2009-02-11 06:00:00,1.2882
2009-02-11 07:00:00,2.3439666666666668
2009-02-11 08:00:00,1.4635333333333334
2009-02-11 09:00:00,1.5079666666666667
2009-02-11 10:00:00,2.3722666666666665
2009-02-11 11:00:00,2.2017
2009-02-11 12:00:00,4.249266666666666
2009-02-11 13:00:00,3.4674
2009-02-11 14:00:00,2.2748
2009-02-11 15:00:00,1.6618
2009-02-11 16:00:00,0.7015999999999999
2009-02-11 17:00:00,1.0134
2009-02-11 18:00:00,5.2338000000000005
2009-02-11 19:00:00,2.367033333333333
2009-02-11 20:00:00,4.0643666666666665
2009-02-11 21:00:00,3.466833333333333
2009-02-11 22:00:00,1.6241333333333332
2009-02-11 23:00:00,0.34143333333333337
2009-02-12 00:00:00,0.3016333333333333
2009-02-12 01:00:00,0.3078666666666667
2009-02-12 02:00:00,1.0226
2009-02-12 03:00:00,0.2824
2009-02-12 04:00:00,0.30096666666666666
2009-02-12 05:00:00,0.294
2009-02-12 06:00:00,1.0821333333333334
2009-02-12 07:00:00,2.716133333333333
2009-02-12 08:00:00,1.5252333333333332
2009-02-12 09:00:00,1.3599666666666665
2009-02-12 10:00:00,1.4744666666666668
2009-02-12 11:00:00,1.6238666666666668
2009-02-12 12:00:00,1.6107666666666667
2009-02-12 13:00:00,1.7343666666666666
2009-02-12 14:00:00,1.3486333333333334
2009-02-12 15:00:00,1.3634666666666666
2009-02-12 16:00:00,1.4146333333333334
2009-02-12 17:00:00,1.3661666666666668
2009-02-12 18:00:00,1.4603666666666666
2009-02-12 19:00:00,2.8807666666666667
2009-02-12 20:00:00,3.2651
2009-02-12 21:00:00,2.7995
2009-02-12 22:00:00,0.9861
2009-02-12 23:00:00,0.28986666666666666
2009-02-13 00:00:00,0.2697
2009-02-13 01:00:00,0.2949
2009-02-13 02:00:00,0.2659666666666667
2009-02-13 03:00:00,0.2727333333333333
2009-02-13 04:00:00,0.29636666666666667
2009-02-13 05:00:00,0.26303333333333334
2009-02-13 06:00:00,0.6438666666666666
2009-02-13 07:00:00,1.9198
2009-02-13 08:00:00,2.654733333333333
2009-02-13 09:00:00,1.5206666666666666
2009-02-13 10:00:00,1.7355333333333334
2009-02-13 11:00:00,1.3231333333333335
2009-02-13 12:00:00,1.3358333333333334
2009-02-13 13:00:00,1.3617666666666668
2009-02-13 14:00:00,1.3601666666666667
2009-02-13 15:00:00,0.9896666666666667
2009-02-13 16:00:00,0.9286
2009-02-13 17:00:00,1.8969333333333334
2009-02-13 18:00:00,1.3413333333333335
2009-02-13 19:00:00,3.008166666666667
2009-02-13 20:00:00,1.7528000000000001
2009-02-13 21:00:00,1.4446
2009-02-13 22:00:00,0.9541000000000001
2009-02-13 23:00:00,0.3326333333333334
2009-02-14 00:00:00,0.3277
2009-02-14 01:00:00,0.32663333333333333
2009-02-14 02:00:00,0.27226666666666666
2009-02-14 03:00:00,0.26113333333333333
2009-02-14 04:00:00,0.2619666666666667
2009-02-14 05:00:00,0.5269
2009-02-14 06:00:00,1.1723999999999999
2009-02-14 07:00:00,2.1492
2009-02-14 08:00:00,2.1604666666666668
2009-02-14 09:00:00,1.5056896551724137
2009-02-14 10:00:00,1.4796
2009-02-14 11:00:00,3.4953
2009-02-14 12:00:00,2.0027
2009-02-14 13:00:00,2.333966666666667
2009-02-14 14:00:00,1.6577333333333333
2009-02-14 15:00:00,2.9282666666666666
2009-02-14 16:00:00,2.0024
2009-02-14 17:00:00,1.4496
2009-02-14 18:00:00,2.119
2009-02-14 19:00:00,2.3902666666666668
2009-02-14 20:00:00,2.5818333333333334
2009-02-14 21:00:00,1.8936
2009-02-14 22:00:00,1.7006333333333332
2009-02-14 23:00:00,1.9275
2009-02-15 00:00:00,1.3912333333333333
2009-02-15 01:00:00,1.3633333333333333
2009-02-15 02:00:00,1.3487666666666667
2009-02-15 03:00:00,1.3561333333333332
2009-02-15 04:00:00,1.3390333333333333
2009-02-15 05:00:00,1.3651333333333333
2009-02-15 06:00:00,1.346
2009-02-15 07:00:00,1.3188
2009-02-15 08:00:00,1.6167333333333334
2009-02-15 09:00:00,2.0764666666666667
2009-02-15 10:00:00,1.8046
2009-02-15 11:00:00,1.9793999999999998
2009-02-15 12:00:00,1.3689
2009-02-15 13:00:00,1.3569333333333333
2009-02-15 14:00:00,0.4882666666666667
2009-02-15 15:00:00,0.2892
2009-02-15 16:00:00,0.26126666666666665
2009-02-15 17:00:00,0.35713333333333336
2009-02-15 18:00:00,0.9274
2009-02-15 19:00:00,0.9126333333333334
2009-02-15 20:00:00,0.4305
2009-02-15 21:00:00,1.0123333333333333
2009-02-15 22:00:00,0.3655666666666667
2009-02-15 23:00:00,0.35810000000000003
2009-02-16 00:00:00,0.3864666666666666
2009-02-16 01:00:00,0.3705
2009-02-16 02:00:00,0.3594666666666667
2009-02-16 03:00:00,0.37243333333333334
2009-02-16 04:00:00,0.39276666666666665
2009-02-16 05:00:00,0.4008
2009-02-16 06:00:00,1.1400333333333335
2009-02-16 07:00:00,0.3862
2009-02-16 08:00:00,0.35856666666666664
2009-02-16 09:00:00,0.6375666666666666
2009-02-16 10:00:00,0.7396
2009-02-16 11:00:00,0.7832666666666667
2009-02-16 12:00:00,0.7120666666666666
2009-02-16 13:00:00,0.38889999999999997
2009-02-16 14:00:00,0.3690333333333333
2009-02-16 15:00:00,1.0002
2009-02-16 16:00:00,0.6861999999999999
2009-02-16 17:00:00,1.0695333333333332
2009-02-16 18:00:00,1.9549666666666667
2009-02-16 19:00:00,3.1627
2009-02-16 20:00:00,2.2268666666666665
2009-02-16 21:00:00,1.6520000000000001
2009-02-16 22:00:00,1.3785
2009-02-16 23:00:00,1.0546
2009-02-17 00:00:00,0.2517
2009-02-17 01:00:00,0.29450000000000004
2009-02-17 02:00:00,0.25146666666666667
2009-02-17 03:00:00,0.2518666666666667
2009-02-17 04:00:00,0.29546666666666666
2009-02-17 05:00:00,0.2523
2009-02-17 06:00:00,0.5712333333333334
2009-02-17 07:00:00,0.47636666666666666
2009-02-17 08:00:00,2.1623666666666663
2009-02-17 09:00:00,0.5476333333333334
2009-02-17 10:00:00,0.7576111111111111
2009-02-17 11:00:00,1.3333333333333333
2009-02-17 12:00:00,1.3472333333333333
2009-02-17 13:00:00,0.42
2009-02-17 14:00:00,0.25129999999999997
2009-02-17 15:00:00,0.31816666666666665
2009-02-17 16:00:00,0.39446666666666663
2009-02-17 17:00:00,0.3543333333333333
2009-02-17 18:00:00,0.35536666666666666
2009-02-17 19:00:00,0.6144666666666667
2009-02-17 20:00:00,0.7056333333333333
2009-02-17 21:00:00,0.3835
2009-02-17 22:00:00,0.3676333333333333
2009-02-17 23:00:00,0.3734
2009-02-18 00:00:00,0.38699999999999996
2009-02-18 01:00:00,0.34933333333333333
2009-02-18 02:00:00,0.3582666666666666
2009-02-18 03:00:00,0.3985
2009-02-18 04:00:00,0.6129
2009-02-18 05:00:00,0.8144666666666667
2009-02-18 06:00:00,0.39920000000000005
2009-02-18 07:00:00,0.34833333333333333
2009-02-18 08:00:00,0.3484
2009-02-18 09:00:00,0.3876666666666667
2009-02-18 10:00:00,0.8735666666666667
2009-02-18 11:00:00,1.3320333333333332
2009-02-18 12:00:00,1.3415
2009-02-18 13:00:00,1.3274333333333332
2009-02-18 14:00:00,0.6168333333333333
2009-02-18 15:00:00,0.25536666666666663
2009-02-18 16:00:00,0.2613
2009-02-18 17:00:00,0.2924
2009-02-18 18:00:00,0.4517
2009-02-18 19:00:00,0.3769
2009-02-18 20:00:00,0.39590000000000003
2009-02-18 21:00:00,0.6886333333333333
2009-02-18 22:00:00,0.7493
2009-02-18 23:00:00,0.40723333333333334
2009-02-19 00:00:00,0.35563333333333336
2009-02-19 01:00:00,0.3571666666666667
2009-02-19 02:00:00,0.38689999999999997
2009-02-19 03:00:00,0.3517
2009-02-19 04:00:00,0.36369999999999997
2009-02-19 05:00:00,0.3712
2009-02-19 06:00:00,0.44783333333333336
2009-02-19 07:00:00,1.1458000000000002
2009-02-19 08:00:00,0.3717
2009-02-19 09:00:00,0.35683333333333334
2009-02-19 10:00:00,0.36123333333333335
2009-02-19 11:00:00,0.4391
2009-02-19 12:00:00,0.6068
2009-02-19 13:00:00,0.7433666666666666
2009-02-19 14:00:00,0.9715333333333334
2009-02-19 15:00:00,0.5941
2009-02-19 16:00:00,1.0976333333333335
2009-02-19 17:00:00,0.7489666666666667
2009-02-19 18:00:00,0.3586
2009-02-19 19:00:00,0.37603333333333333
2009-02-19 20:00:00,0.3463333333333333
2009-02-19 21:00:00,0.37106666666666666
2009-02-19 22:00:00,0.39746666666666663
2009-02-19 23:00:00,0.3671
2009-02-20 00:00:00,0.3638333333333333
2009-02-20 01:00:00,0.3863333333333333
2009-02-20 02:00:00,1.0015666666666667
2009-02-20 03:00:00,0.7205666666666667
2009-02-20 04:00:00,0.3912333333333333
2009-02-20 05:00:00,0.3515
2009-02-20 06:00:00,0.3658
2009-02-20 07:00:00,0.4075
2009-02-20 08:00:00,1.2453333333333334
2009-02-20 09:00:00,0.7595333333333334
2009-02-20 10:00:00,0.8163666666666667
2009-02-20 11:00:00,1.2863666666666667
2009-02-20 12:00:00,1.746
2009-02-20 13:00:00,0.9727666666666667
2009-02-20 14:00:00,0.7252666666666666
2009-02-20 15:00:00,0.6820666666666667
2009-02-20 16:00:00,0.7554666666666666
2009-02-20 17:00:00,3.4247666666666663
2009-02-20 18:00:00,2.9610333333333334
2009-02-20 19:00:00,3.020166666666667
2009-02-20 20:00:00,2.5587
2009-02-20 21:00:00,2.2445666666666666
2009-02-20 22:00:00,2.5548
2009-02-20 23:00:00,1.6040666666666668
2009-02-21 00:00:00,1.7907666666666666
2009-02-21 01:00:00,1.7365333333333333
2009-02-21 02:00:00,1.7728333333333335
2009-02-21 03:00:00,1.9490666666666667
2009-02-21 04:00:00,1.7591333333333334
2009-02-21 05:00:00,0.28496666666666665
2009-02-21 06:00:00,1.0932
2009-02-21 07:00:00,0.31770000000000004
2009-02-21 08:00:00,0.34796666666666665
2009-02-21 09:00:00,0.47413333333333335
2009-02-21 10:00:00,0.6390333333333333
2009-02-21 11:00:00,1.1652999999999998
2009-02-21 12:00:00,1.5186
2009-02-21 13:00:00,1.8855666666666666
2009-02-21 14:00:00,0.6933
2009-02-21 15:00:00,0.8521666666666667
2009-02-21 16:00:00,0.3159
2009-02-21 17:00:00,0.5069333333333333
2009-02-21 18:00:00,0.3926
2009-02-21 19:00:00,0.3500666666666667
2009-02-21 20:00:00,0.3514666666666667
2009-02-21 21:00:00,1.0146
2009-02-21 22:00:00,0.35666666666666663
2009-02-21 23:00:00,0.36789999999999995
2009-02-22 00:00:00,0.3945666666666667
2009-02-22 01:00:00,0.36943333333333334
2009-02-22 02:00:00,0.38980000000000004
2009-02-22 03:00:00,0.36476666666666663
2009-02-22 04:00:00,0.36673333333333336
2009-02-22 05:00:00,0.38780000000000003
2009-02-22 06:00:00,0.9264333333333333
2009-02-22 07:00:00,0.5479999999999999
2009-02-22 08:00:00,0.40443333333333337
2009-02-22 09:00:00,0.35516666666666663
2009-02-22 10:00:00,0.411
2009-02-22 11:00:00,1.0115333333333334
2009-02-22 12:00:00,0.26276666666666665
2009-02-22 13:00:00,0.2750666666666667
2009-02-22 14:00:00,0.2643666666666667
2009-02-22 15:00:00,0.5768333333333333
2009-02-22 16:00:00,3.7188
2009-02-22 17:00:00,4.829433333333333
2009-02-22 18:00:00,3.9983666666666666
2009-02-22 19:00:00,3.8481666666666663
2009-02-22 20:00:00,4.488933333333334
2009-02-22 21:00:00,4.673766666666666
2009-02-22 22:00:00,2.233366666666667
2009-02-22 23:00:00,2.2084333333333332
2009-02-23 00:00:00,1.4452
2009-02-23 01:00:00,1.3592333333333333
2009-02-23 02:00:00,1.3998666666666666
2009-02-23 03:00:00,1.3476333333333335
2009-02-23 04:00:00,1.3726999999999998
2009-02-23 05:00:00,1.3588333333333333
2009-02-23 06:00:00,1.8401333333333334
2009-02-23 07:00:00,3.542533333333333
2009-02-23 08:00:00,3.5298000000000003
2009-02-23 09:00:00,2.4838
2009-02-23 10:00:00,1.5176333333333334
2009-02-23 11:00:00,1.5509666666666666
2009-02-23 12:00:00,1.6014333333333333
2009-02-23 13:00:00,1.7626333333333333
2009-02-23 14:00:00,1.6101333333333334
2009-02-23 15:00:00,1.6098666666666666
2009-02-23 16:00:00,1.3230666666666666
2009-02-23 17:00:00,0.7613666666666666
2009-02-23 18:00:00,1.1620666666666668
2009-02-23 19:00:00,1.4096333333333333
2009-02-23 20:00:00,3.091133333333333
2009-02-23 21:00:00,1.7947
2009-02-23 22:00:00,4.494166666666667
2009-02-23 23:00:00,2.1924
2009-02-24 00:00:00,1.3628666666666667
2009-02-24 01:00:00,0.5409333333333334
2009-02-24 02:00:00,0.29813333333333336
2009-02-24 03:00:00,0.31936666666666663
2009-02-24 04:00:00,0.2952333333333333
2009-02-24 05:00:00,0.28426666666666667
2009-02-24 06:00:00,0.9211333333333334
2009-02-24 07:00:00,1.8843666666666665
2009-02-24 08:00:00,3.147066666666667
2009-02-24 09:00:00,1.8770666666666667
2009-02-24 10:00:00,1.3850333333333333
2009-02-24 11:00:00,1.5588333333333333
2009-02-24 12:00:00,1.4611666666666667
2009-02-24 13:00:00,1.4692333333333332
2009-02-24 14:00:00,1.3403333333333334
2009-02-24 15:00:00,1.3832
2009-02-24 16:00:00,1.3585333333333334
2009-02-24 17:00:00,1.3519333333333334
2009-02-24 18:00:00,1.5399333333333334
2009-02-24 19:00:00,1.6865666666666668
2009-02-24 20:00:00,1.3029
2009-02-24 21:00:00,2.1134333333333335
2009-02-24 22:00:00,0.49910000000000004
2009-02-24 23:00:00,0.33843333333333336
2009-02-25 00:00:00,0.3001
2009-02-25 01:00:00,0.32603333333333334
2009-02-25 02:00:00,0.32116666666666666
2009-02-25 03:00:00,0.3017
2009-02-25 04:00:00,0.33916666666666667
2009-02-25 05:00:00,0.9439666666666666
2009-02-25 06:00:00,1.2971000000000001
2009-02-25 07:00:00,2.0989999999999998
2009-02-25 08:00:00,1.8831333333333333
2009-02-25 09:00:00,0.9522666666666667
2009-02-25 10:00:00,1.089
2009-02-25 11:00:00,1.3251333333333333
2009-02-25 12:00:00,1.3469666666666666
2009-02-25 13:00:00,0.319
2009-02-25 14:00:00,0.27513333333333334
2009-02-25 15:00:00,0.31016666666666665
2009-02-25 16:00:00,0.26993333333333336
2009-02-25 17:00:00,0.2982666666666667
2009-02-25 18:00:00,0.2746
2009-02-25 19:00:00,0.9784333333333334
2009-02-25 20:00:00,1.6952333333333334
2009-02-25 21:00:00,1.7182666666666668
2009-02-25 22:00:00,0.5334666666666668
2009-02-25 23:00:00,0.3001666666666667
2009-02-26 00:00:00,0.26513333333333333
2009-02-26 01:00:00,0.29533333333333334
2009-02-26 02:00:00,0.28543333333333337
2009-02-26 03:00:00,0.7701333333333333
2009-02-26 04:00:00,0.3922
2009-02-26 05:00:00,0.2677
2009-02-26 06:00:00,0.8549666666666667
2009-02-26 07:00:00,1.5148000000000001
2009-02-26 08:00:00,1.4164999999999999
2009-02-26 09:00:00,1.3208333333333333
2009-02-26 10:00:00,1.3376666666666668
2009-02-26 11:00:00,1.2990666666666668
2009-02-26 12:00:00,1.1114666666666666
2009-02-26 13:00:00,0.2922
2009-02-26 14:00:00,0.27240000000000003
2009-02-26 15:00:00,0.30239999999999995
2009-02-26 16:00:00,0.27566666666666667
2009-02-26 17:00:00,0.6840333333333334
2009-02-26 18:00:00,1.6876333333333333
2009-02-26 19:00:00,1.9260333333333333
2009-02-26 20:00:00,0.5292666666666667
2009-02-26 21:00:00,1.3751
2009-02-26 22:00:00,0.37546666666666667
2009-02-26 23:00:00,0.4294333333333333
2009-02-27 00:00:00,0.48636666666666667
2009-02-27 01:00:00,1.1106333333333334
2009-02-27 02:00:00,0.5007
2009-02-27 03:00:00,0.4639666666666667
2009-02-27 04:00:00,0.27270000000000005
2009-02-27 05:00:00,0.3057666666666667
2009-02-27 06:00:00,0.4401333333333334
2009-02-27 07:00:00,1.9826000000000001
2009-02-27 08:00:00,1.2467333333333335
2009-02-27 09:00:00,0.5897333333333333
2009-02-27 10:00:00,0.8890666666666667
2009-02-27 11:00:00,1.6543999999999999
2009-02-27 12:00:00,1.9835
2009-02-27 13:00:00,2.0255
2009-02-27 14:00:00,2.0291333333333332
2009-02-27 15:00:00,2.5434666666666668
2009-02-27 16:00:00,2.137
2009-02-27 17:00:00,1.9187666666666667
2009-02-27 18:00:00,1.7623
2009-02-27 19:00:00,1.9628333333333332
2009-02-27 20:00:00,2.6073999999999997
2009-02-27 21:00:00,2.5361333333333334
2009-02-27 22:00:00,1.8705
2009-02-27 23:00:00,0.49596666666666667
2009-02-28 00:00:00,0.41059999999999997
2009-02-28 01:00:00,0.3773666666666667
2009-02-28 02:00:00,0.37666666666666665
2009-02-28 03:00:00,0.40086666666666665
2009-02-28 04:00:00,0.377
2009-02-28 05:00:00,0.36433333333333334
2009-02-28 06:00:00,0.8638999999999999
2009-02-28 07:00:00,0.8598666666666667
2009-02-28 08:00:00,0.5303
2009-02-28 09:00:00,1.7003333333333333
2009-02-28 10:00:00,1.3193333333333332
2009-02-28 11:00:00,2.0918666666666668
2009-02-28 12:00:00,1.6829
2009-02-28 13:00:00,1.5843333333333334
2009-02-28 14:00:00,0.5562666666666666
2009-02-28 15:00:00,0.3685
2009-02-28 16:00:00,1.1752333333333334
2009-02-28 17:00:00,2.7699
2009-02-28 18:00:00,3.1953666666666667
2009-02-28 19:00:00,2.7373
2009-02-28 20:00:00,0.7025
2009-02-28 21:00:00,0.9952666666666666
2009-02-28 22:00:00,0.4516
2009-02-28 23:00:00,1.2875666666666667
2009-03-01 00:00:00,0.5600666666666666
2009-03-01 01:00:00,0.36983333333333335
2009-03-01 02:00:00,0.31970000000000004
2009-03-01 03:00:00,0.36386666666666667
2009-03-01 04:00:00,0.3246333333333334
2009-03-01 05:00:00,0.32380000000000003
2009-03-01 06:00:00,0.3407
2009-03-01 07:00:00,0.7921
2009-03-01 08:00:00,0.9467333333333333
2009-03-01 09:00:00,3.2769
2009-03-01 10:00:00,3.7329333333333334
2009-03-01 11:00:00,2.7387666666666663
2009-03-01 12:00:00,3.2165666666666666
2009-03-01 13:00:00,1.7253333333333332
2009-03-01 14:00:00,2.0552333333333332
2009-03-01 15:00:00,4.092610169491525
2009-03-01 16:00:00,4.3942
2009-03-01 17:00:00,1.3540333333333334
2009-03-01 18:00:00,1.6993666666666667
2009-03-01 19:00:00,1.7948333333333333
2009-03-01 20:00:00,3.3943
2009-03-01 21:00:00,2.4389
2009-03-01 22:00:00,0.5611333333333334
2009-03-01 23:00:00,0.37876666666666664
2009-03-02 00:00:00,0.35096666666666665
2009-03-02 01:00:00,0.33576666666666666
2009-03-02 02:00:00,0.35233333333333333
2009-03-02 03:00:00,0.8287
2009-03-02 04:00:00,0.34886666666666666
2009-03-02 05:00:00,0.33490000000000003
2009-03-02 06:00:00,0.7596666666666666
2009-03-02 07:00:00,2.203033333333333
2009-03-02 08:00:00,1.4174666666666667
2009-03-02 09:00:00,1.4470333333333334
2009-03-02 10:00:00,1.6137666666666668
2009-03-02 11:00:00,0.9443333333333332
2009-03-02 12:00:00,0.7537333333333333
2009-03-02 13:00:00,0.7188666666666667
2009-03-02 14:00:00,0.6749333333333334
2009-03-02 15:00:00,1.5749666666666668
2009-03-02 16:00:00,1.9743666666666668
2009-03-02 17:00:00,0.6303666666666667
2009-03-02 18:00:00,0.5396
2009-03-02 19:00:00,1.6762333333333332
2009-03-02 20:00:00,2.7013666666666665
2009-03-02 21:00:00,1.5148000000000001
2009-03-02 22:00:00,0.5556
2009-03-02 23:00:00,0.3723666666666666
2009-03-03 00:00:00,0.31829999999999997
2009-03-03 01:00:00,0.3262333333333334
2009-03-03 02:00:00,0.9930666666666667
2009-03-03 03:00:00,0.3312666666666667
2009-03-03 04:00:00,0.34626666666666667
2009-03-03 05:00:00,0.31706666666666666
2009-03-03 06:00:00,1.3875666666666668
2009-03-03 07:00:00,2.806833333333333
2009-03-03 08:00:00,2.3451333333333335
2009-03-03 09:00:00,2.087466666666667
2009-03-03 10:00:00,1.4437666666666666
2009-03-03 11:00:00,1.5928333333333333
2009-03-03 12:00:00,1.6114333333333333
2009-03-03 13:00:00,1.5129666666666666
2009-03-03 14:00:00,1.5792666666666666
2009-03-03 15:00:00,1.4306333333333332
2009-03-03 16:00:00,1.3958666666666666
2009-03-03 17:00:00,0.8155666666666667
2009-03-03 18:00:00,0.6811
2009-03-03 19:00:00,1.3511333333333333
2009-03-03 20:00:00,2.2727999999999997
2009-03-03 21:00:00,2.105433333333333
2009-03-03 22:00:00,1.4289999999999998
2009-03-03 23:00:00,0.33486666666666665
2009-03-04 00:00:00,1.0519
2009-03-04 01:00:00,0.3374666666666667
2009-03-04 02:00:00,0.32093333333333335
2009-03-04 03:00:00,0.3400666666666667
2009-03-04 04:00:00,0.3282
2009-03-04 05:00:00,0.3099
2009-03-04 06:00:00,0.9533
2009-03-04 07:00:00,2.8036666666666665
2009-03-04 08:00:00,1.4788666666666666
2009-03-04 09:00:00,1.5012666666666665
2009-03-04 10:00:00,1.5192666666666668
2009-03-04 11:00:00,1.8434333333333333
2009-03-04 12:00:00,0.7074666666666667
2009-03-04 13:00:00,0.9743333333333334
2009-03-04 14:00:00,1.3534666666666666
2009-03-04 15:00:00,1.8961666666666666
2009-03-04 16:00:00,0.4314
2009-03-04 17:00:00,0.9040666666666667
2009-03-04 18:00:00,2.683
2009-03-04 19:00:00,2.048766666666667
2009-03-04 20:00:00,1.5395
2009-03-04 21:00:00,2.4241
2009-03-04 22:00:00,1.9937666666666667
2009-03-04 23:00:00,0.9578666666666666
2009-03-05 00:00:00,0.4176
2009-03-05 01:00:00,0.4107333333333333
2009-03-05 02:00:00,0.3952
2009-03-05 03:00:00,0.39039999999999997
2009-03-05 04:00:00,0.38466666666666666
2009-03-05 05:00:00,1.0068666666666666
2009-03-05 06:00:00,0.8334333333333334
2009-03-05 07:00:00,2.3745
2009-03-05 08:00:00,1.5645
2009-03-05 09:00:00,1.4418666666666666
2009-03-05 10:00:00,1.4211333333333334
2009-03-05 11:00:00,1.4225666666666668
2009-03-05 12:00:00,1.4671999999999998
2009-03-05 13:00:00,1.4214666666666667
2009-03-05 14:00:00,0.6144333333333333
2009-03-05 15:00:00,0.3867333333333333
2009-03-05 16:00:00,0.3577333333333333
2009-03-05 17:00:00,0.5093666666666666
2009-03-05 18:00:00,1.1836333333333333
2009-03-05 19:00:00,2.1023
2009-03-05 20:00:00,2.3348
2009-03-05 21:00:00,0.6645
2009-03-05 22:00:00,0.48793333333333333
2009-03-05 23:00:00,0.4366333333333333
2009-03-06 00:00:00,0.376
2009-03-06 01:00:00,0.4013666666666667
2009-03-06 02:00:00,0.3564
2009-03-06 03:00:00,0.5739333333333333
2009-03-06 04:00:00,1.0168666666666666
2009-03-06 05:00:00,0.3607333333333333
2009-03-06 06:00:00,1.2648000000000001
2009-03-06 07:00:00,2.2362666666666664
2009-03-06 08:00:00,1.6051333333333335
2009-03-06 09:00:00,1.4646666666666666
2009-03-06 10:00:00,1.432
2009-03-06 11:00:00,1.1702666666666666
2009-03-06 12:00:00,0.7618333333333334
2009-03-06 13:00:00,0.7294999999999999
2009-03-06 14:00:00,1.4431333333333332
2009-03-06 15:00:00,1.6556666666666666
2009-03-06 16:00:00,1.5981333333333334
2009-03-06 17:00:00,1.3999
2009-03-06 18:00:00,1.2133666666666667
2009-03-06 19:00:00,1.8071333333333333
2009-03-06 20:00:00,3.3756666666666666
2009-03-06 21:00:00,2.1808
2009-03-06 22:00:00,0.9637
2009-03-06 23:00:00,0.3373
2009-03-07 00:00:00,0.3204666666666667
2009-03-07 01:00:00,0.8671666666666666
2009-03-07 02:00:00,0.3252666666666667
2009-03-07 03:00:00,0.31989999999999996
2009-03-07 04:00:00,0.3501333333333333
2009-03-07 05:00:00,0.321
2009-03-07 06:00:00,1.1004333333333334
2009-03-07 07:00:00,1.8947
2009-03-07 08:00:00,1.7064333333333332
2009-03-07 09:00:00,1.4064333333333332
2009-03-07 10:00:00,1.3530000000000002
2009-03-07 11:00:00,0.5915666666666667
2009-03-07 12:00:00,1.0741
2009-03-07 13:00:00,0.9749666666666666
2009-03-07 14:00:00,1.537
2009-03-07 15:00:00,1.5075
2009-03-07 16:00:00,1.4951333333333332
2009-03-07 17:00:00,2.6376333333333335
2009-03-07 18:00:00,2.670733333333333
2009-03-07 19:00:00,2.4568999999999996
2009-03-07 20:00:00,1.5681
2009-03-07 21:00:00,0.8716666666666667
2009-03-07 22:00:00,0.4503333333333333
2009-03-07 23:00:00,0.47386666666666666
2009-03-08 00:00:00,0.4268
2009-03-08 01:00:00,0.565
2009-03-08 02:00:00,0.36433333333333334
2009-03-08 03:00:00,0.28059999999999996
2009-03-08 04:00:00,0.8966999999999999
2009-03-08 05:00:00,0.5722666666666666
2009-03-08 06:00:00,0.30673333333333336
2009-03-08 07:00:00,0.42550000000000004
2009-03-08 08:00:00,0.4414666666666667
2009-03-08 09:00:00,2.079466666666667
2009-03-08 10:00:00,2.8723
2009-03-08 11:00:00,4.053433333333333
2009-03-08 12:00:00,3.3931666666666667
2009-03-08 13:00:00,1.6431
2009-03-08 14:00:00,2.283266666666667
2009-03-08 15:00:00,1.9161
2009-03-08 16:00:00,2.1593666666666667
2009-03-08 17:00:00,2.4196
2009-03-08 18:00:00,3.4147666666666665
2009-03-08 19:00:00,1.6009
2009-03-08 20:00:00,1.0950666666666666
2009-03-08 21:00:00,3.8504666666666667
2009-03-08 22:00:00,1.8629333333333333
2009-03-08 23:00:00,0.3627666666666667
2009-03-09 00:00:00,0.3443
2009-03-09 01:00:00,0.3106333333333334
2009-03-09 02:00:00,0.31216666666666665
2009-03-09 03:00:00,0.3017333333333333
2009-03-09 04:00:00,0.29173333333333334
2009-03-09 05:00:00,0.7072666666666667
2009-03-09 06:00:00,0.9916333333333333
2009-03-09 07:00:00,2.1738333333333335
2009-03-09 08:00:00,1.3641
2009-03-09 09:00:00,1.3426
2009-03-09 10:00:00,1.4124666666666668
2009-03-09 11:00:00,1.6074
2009-03-09 12:00:00,1.7532
2009-03-09 13:00:00,1.7511333333333332
2009-03-09 14:00:00,2.494666666666667
2009-03-09 15:00:00,0.5736
2009-03-09 16:00:00,0.3899666666666667
2009-03-09 17:00:00,0.6258666666666667
2009-03-09 18:00:00,0.5822
2009-03-09 19:00:00,1.8045333333333333
2009-03-09 20:00:00,2.5635
2009-03-09 21:00:00,2.4189333333333334
2009-03-09 22:00:00,0.8909666666666667
2009-03-09 23:00:00,1.0841666666666667
2009-03-10 00:00:00,0.32953333333333334
2009-03-10 01:00:00,0.3599333333333333
2009-03-10 02:00:00,0.3293
2009-03-10 03:00:00,1.0853
2009-03-10 04:00:00,0.35109999999999997
2009-03-10 05:00:00,0.33003333333333335
2009-03-10 06:00:00,1.1380000000000001
2009-03-10 07:00:00,2.953733333333333
2009-03-10 08:00:00,1.8040666666666667
2009-03-10 09:00:00,1.6681
2009-03-10 10:00:00,1.8621
2009-03-10 11:00:00,1.4443
2009-03-10 12:00:00,1.5675999999999999
2009-03-10 13:00:00,1.5293333333333334
2009-03-10 14:00:00,1.5345666666666666
2009-03-10 15:00:00,1.5052999999999999
2009-03-10 16:00:00,0.5203
2009-03-10 17:00:00,0.5698333333333333
2009-03-10 18:00:00,1.0417
2009-03-10 19:00:00,1.6924
2009-03-10 20:00:00,1.4278000000000002
2009-03-10 21:00:00,1.8602666666666667
2009-03-10 22:00:00,1.7976999999999999
2009-03-10 23:00:00,1.9012
2009-03-11 00:00:00,1.0856666666666668
2009-03-11 01:00:00,0.9606
2009-03-11 02:00:00,1.0282666666666667
2009-03-11 03:00:00,1.0139
2009-03-11 04:00:00,0.8597
2009-03-11 05:00:00,1.0074
2009-03-11 06:00:00,1.7674999999999998
2009-03-11 07:00:00,2.9073333333333333
2009-03-11 08:00:00,2.1470333333333333
2009-03-11 09:00:00,2.0944333333333334
2009-03-11 10:00:00,1.6746
2009-03-11 11:00:00,3.2493
2009-03-11 12:00:00,1.7041333333333335
2009-03-11 13:00:00,1.3946333333333334
2009-03-11 14:00:00,3.3269333333333333
2009-03-11 15:00:00,2.0052333333333334
2009-03-11 16:00:00,0.7413000000000001
2009-03-11 17:00:00,1.9602666666666666
2009-03-11 18:00:00,1.7541333333333333
2009-03-11 19:00:00,0.9487666666666666
2009-03-11 20:00:00,1.4867666666666668
2009-03-11 21:00:00,3.5505333333333335
2009-03-11 22:00:00,1.0709666666666666
2009-03-11 23:00:00,0.359
2009-03-12 00:00:00,0.2924333333333333
2009-03-12 01:00:00,0.3047
2009-03-12 02:00:00,0.2955
2009-03-12 03:00:00,0.31189999999999996
2009-03-12 04:00:00,0.27253333333333335
2009-03-12 05:00:00,0.9213
2009-03-12 06:00:00,1.5734
2009-03-12 07:00:00,3.1751333333333336
2009-03-12 08:00:00,1.9252
2009-03-12 09:00:00,1.8315333333333332
2009-03-12 10:00:00,1.8476
2009-03-12 11:00:00,1.9549999999999998
2009-03-12 12:00:00,1.5045333333333335
2009-03-12 13:00:00,1.7165333333333335
2009-03-12 14:00:00,1.9021333333333332
2009-03-12 15:00:00,1.8432666666666668
2009-03-12 16:00:00,1.7479666666666667
2009-03-12 17:00:00,1.1817666666666669
2009-03-12 18:00:00,0.6629666666666666
2009-03-12 19:00:00,1.7610333333333332
2009-03-12 20:00:00,1.9321333333333333
2009-03-12 21:00:00,1.6847333333333334
2009-03-12 22:00:00,0.5319
2009-03-12 23:00:00,0.27913333333333334
2009-03-13 00:00:00,0.28146666666666664
2009-03-13 01:00:00,0.31346666666666667
2009-03-13 02:00:00,0.27740000000000004
2009-03-13 03:00:00,0.6608666666666667
2009-03-13 04:00:00,0.6715
2009-03-13 05:00:00,0.2839
2009-03-13 06:00:00,1.3753333333333333
2009-03-13 07:00:00,2.242366666666667
2009-03-13 08:00:00,1.4423
2009-03-13 09:00:00,1.3267333333333333
2009-03-13 10:00:00,1.3391333333333333
2009-03-13 11:00:00,1.2999
2009-03-13 12:00:00,0.29486666666666667
2009-03-13 13:00:00,0.6316
2009-03-13 14:00:00,0.8527
2009-03-13 15:00:00,0.4214333333333334
2009-03-13 16:00:00,0.9707666666666667
2009-03-13 17:00:00,1.4001
2009-03-13 18:00:00,1.4935666666666667
2009-03-13 19:00:00,1.2812333333333332
2009-03-13 20:00:00,1.7801333333333333
2009-03-13 21:00:00,1.5892333333333333
2009-03-13 22:00:00,1.5498333333333332
2009-03-13 23:00:00,0.31216666666666665
2009-03-14 00:00:00,0.284
2009-03-14 01:00:00,0.2960333333333333
2009-03-14 02:00:00,0.2673666666666667
2009-03-14 03:00:00,0.27723333333333333
2009-03-14 04:00:00,0.305
2009-03-14 05:00:00,0.8215666666666667
2009-03-14 06:00:00,0.3917333333333334
2009-03-14 07:00:00,1.9280333333333333
2009-03-14 08:00:00,1.9052
2009-03-14 09:00:00,1.5211000000000001
2009-03-14 10:00:00,2.071833333333333
2009-03-14 11:00:00,1.7817333333333332
2009-03-14 12:00:00,1.5255333333333332
2009-03-14 13:00:00,1.4439
2009-03-14 14:00:00,1.4385666666666665
2009-03-14 15:00:00,1.4100333333333335
2009-03-14 16:00:00,1.1172333333333333
2009-03-14 17:00:00,1.0828
2009-03-14 18:00:00,2.4899666666666667
2009-03-14 19:00:00,2.54
2009-03-14 20:00:00,2.4898666666666665
2009-03-14 21:00:00,2.5671000000000004
2009-03-14 22:00:00,2.9716
2009-03-14 23:00:00,2.8897
2009-03-15 00:00:00,1.6889333333333334
2009-03-15 01:00:00,1.5384333333333333
2009-03-15 02:00:00,1.4987
2009-03-15 03:00:00,0.35736666666666667
2009-03-15 04:00:00,0.2800333333333333
2009-03-15 05:00:00,0.2949333333333334
2009-03-15 06:00:00,0.2679
2009-03-15 07:00:00,0.3731333333333334
2009-03-15 08:00:00,1.6611333333333331
2009-03-15 09:00:00,3.3291
2009-03-15 10:00:00,1.5265
2009-03-15 11:00:00,1.2747
2009-03-15 12:00:00,1.6182666666666667
2009-03-15 13:00:00,0.8112333333333334
2009-03-15 14:00:00,2.6345666666666667
2009-03-15 15:00:00,1.3711666666666666
2009-03-15 16:00:00,0.4827333333333333
2009-03-15 17:00:00,1.4289666666666667
2009-03-15 18:00:00,0.5940333333333334
2009-03-15 19:00:00,2.2331999999999996
2009-03-15 20:00:00,1.5635666666666665
2009-03-15 21:00:00,1.5210000000000001
2009-03-15 22:00:00,2.7487
2009-03-15 23:00:00,1.2694
2009-03-16 00:00:00,0.36943333333333334
2009-03-16 01:00:00,0.31216666666666665
2009-03-16 02:00:00,0.29083333333333333
2009-03-16 03:00:00,0.29923333333333335
2009-03-16 04:00:00,0.27686666666666665
2009-03-16 05:00:00,0.264
2009-03-16 06:00:00,1.6374666666666668
2009-03-16 07:00:00,1.9503333333333333
2009-03-16 08:00:00,1.3629666666666667
2009-03-16 09:00:00,1.3513666666666666
2009-03-16 10:00:00,1.3597
2009-03-16 11:00:00,1.3736
2009-03-16 12:00:00,1.3517333333333332
2009-03-16 13:00:00,1.0194666666666667
2009-03-16 14:00:00,0.2663
2009-03-16 15:00:00,0.2776666666666667
2009-03-16 16:00:00,0.31553333333333333
2009-03-16 17:00:00,0.29786666666666667
2009-03-16 18:00:00,0.3187333333333333
2009-03-16 19:00:00,0.9918
2009-03-16 20:00:00,1.7002
2009-03-16 21:00:00,2.869389830508475
2009-03-16 22:00:00,1.6568666666666667
2009-03-16 23:00:00,0.3798333333333333
2009-03-17 00:00:00,0.30240000000000006
2009-03-17 01:00:00,0.3151
2009-03-17 02:00:00,0.9843333333333334
2009-03-17 03:00:00,0.26376666666666665
2009-03-17 04:00:00,0.3048666666666667
2009-03-17 05:00:00,0.2747
2009-03-17 06:00:00,0.6872666666666666
2009-03-17 07:00:00,1.7857333333333334
2009-03-17 08:00:00,2.1597
2009-03-17 09:00:00,1.6120333333333332
2009-03-17 10:00:00,1.9627333333333332
2009-03-17 11:00:00,1.7051
2009-03-17 12:00:00,1.4688
2009-03-17 13:00:00,1.4798666666666667
2009-03-17 14:00:00,1.5333333333333334
2009-03-17 15:00:00,1.4693
2009-03-17 16:00:00,1.2746333333333333
2009-03-17 17:00:00,0.39476666666666665
2009-03-17 18:00:00,0.4103
2009-03-17 19:00:00,2.3256333333333337
2009-03-17 20:00:00,3.8746666666666667
2009-03-17 21:00:00,2.7364333333333333
2009-03-17 22:00:00,2.2280333333333333
2009-03-17 23:00:00,0.645
2009-03-18 00:00:00,0.3221333333333333
2009-03-18 01:00:00,0.5601333333333333
2009-03-18 02:00:00,0.7177333333333333
2009-03-18 03:00:00,0.31543333333333334
2009-03-18 04:00:00,0.26976666666666665
2009-03-18 05:00:00,0.3032333333333333
2009-03-18 06:00:00,1.1255666666666668
2009-03-18 07:00:00,1.8550666666666666
2009-03-18 08:00:00,1.3858
2009-03-18 09:00:00,1.3394000000000001
2009-03-18 10:00:00,1.4265333333333332
2009-03-18 11:00:00,1.5092999999999999
2009-03-18 12:00:00,1.5359
2009-03-18 13:00:00,1.4208666666666665
2009-03-18 14:00:00,1.4108666666666667
2009-03-18 15:00:00,0.7281
2009-03-18 16:00:00,0.38089999999999996
2009-03-18 17:00:00,0.39886666666666665
2009-03-18 18:00:00,0.33846666666666664
2009-03-18 19:00:00,1.0045333333333333
2009-03-18 20:00:00,1.0276333333333334
2009-03-18 21:00:00,2.5472333333333332
2009-03-18 22:00:00,1.9756
2009-03-18 23:00:00,0.27893333333333337
2009-03-19 00:00:00,0.3107333333333333
2009-03-19 01:00:00,0.2673666666666667
2009-03-19 02:00:00,0.3107
2009-03-19 03:00:00,0.29036666666666666
2009-03-19 04:00:00,0.27120000000000005
2009-03-19 05:00:00,0.48473333333333335
2009-03-19 06:00:00,1.2836333333333334
2009-03-19 07:00:00,1.8778666666666666
2009-03-19 08:00:00,1.3601666666666667
2009-03-19 09:00:00,1.3388
2009-03-19 10:00:00,1.3480999999999999
2009-03-19 11:00:00,1.3181666666666667
2009-03-19 12:00:00,1.3547
2009-03-19 13:00:00,1.3470666666666666
2009-03-19 14:00:00,1.3564
2009-03-19 15:00:00,0.3387
2009-03-19 16:00:00,0.2688
2009-03-19 17:00:00,0.2966666666666667
2009-03-19 18:00:00,0.38036666666666663
2009-03-19 19:00:00,1.0973666666666666
2009-03-19 20:00:00,0.6631333333333332
2009-03-19 21:00:00,0.6315333333333334
2009-03-19 22:00:00,0.7225
2009-03-19 23:00:00,0.9398
2009-03-20 00:00:00,1.0659333333333334
2009-03-20 01:00:00,0.302
2009-03-20 02:00:00,0.2722333333333333
2009-03-20 03:00:00,0.29793333333333333
2009-03-20 04:00:00,0.2767
2009-03-20 05:00:00,0.29473333333333335
2009-03-20 06:00:00,0.6952666666666667
2009-03-20 07:00:00,1.8853
2009-03-20 08:00:00,1.4026666666666665
2009-03-20 09:00:00,1.3369
2009-03-20 10:00:00,1.3806666666666667
2009-03-20 11:00:00,1.3480333333333334
2009-03-20 12:00:00,1.3608666666666667
2009-03-20 13:00:00,1.1711
2009-03-20 14:00:00,0.40016666666666667
2009-03-20 15:00:00,0.3031333333333333
2009-03-20 16:00:00,0.34793333333333337
2009-03-20 17:00:00,1.4697666666666664
2009-03-20 18:00:00,0.3215
2009-03-20 19:00:00,3.1276333333333333
2009-03-20 20:00:00,2.241133333333333
2009-03-20 21:00:00,1.5201333333333333
2009-03-20 22:00:00,0.6531333333333333
2009-03-20 23:00:00,0.9235666666666666
2009-03-21 00:00:00,0.28043333333333337
2009-03-21 01:00:00,0.2951333333333333
2009-03-21 02:00:00,0.2660666666666667
2009-03-21 03:00:00,0.30063333333333336
2009-03-21 04:00:00,0.28190000000000004
2009-03-21 05:00:00,0.27090000000000003
2009-03-21 06:00:00,0.3063333333333333
2009-03-21 07:00:00,1.3204333333333333
2009-03-21 08:00:00,2.7467333333333332
2009-03-21 09:00:00,1.5446
2009-03-21 10:00:00,1.8894
2009-03-21 11:00:00,0.7334666666666666
2009-03-21 12:00:00,0.9841
2009-03-21 13:00:00,1.1217333333333335
2009-03-21 14:00:00,0.5018666666666667
2009-03-21 15:00:00,0.4669333333333333
2009-03-21 16:00:00,1.6865333333333334
2009-03-21 17:00:00,2.9262333333333337
2009-03-21 18:00:00,2.7129666666666665
2009-03-21 19:00:00,3.594
2009-03-21 20:00:00,2.9764666666666666
2009-03-21 21:00:00,2.6153
2009-03-21 22:00:00,1.4191
2009-03-21 23:00:00,0.9257666666666666
2009-03-22 00:00:00,0.39913333333333334
2009-03-22 01:00:00,0.2928
2009-03-22 02:00:00,0.2763666666666667
2009-03-22 03:00:00,0.3157666666666667
2009-03-22 04:00:00,0.4565
2009-03-22 05:00:00,0.6347666666666666
2009-03-22 06:00:00,0.2783333333333333
2009-03-22 07:00:00,0.7300666666666668
2009-03-22 08:00:00,0.3629
2009-03-22 09:00:00,0.5275
2009-03-22 10:00:00,0.5509000000000001
2009-03-22 11:00:00,0.35363333333333336
2009-03-22 12:00:00,2.9002666666666665
2009-03-22 13:00:00,2.1496666666666666
2009-03-22 14:00:00,2.061366666666667
2009-03-22 15:00:00,2.3623666666666665
2009-03-22 16:00:00,3.0285333333333333
2009-03-22 17:00:00,2.483633333333333
2009-03-22 18:00:00,1.5782333333333334
2009-03-22 19:00:00,1.6128666666666667
2009-03-22 20:00:00,1.5977333333333334
2009-03-22 21:00:00,1.7200333333333333
2009-03-22 22:00:00,1.0205666666666666
2009-03-22 23:00:00,0.4589
2009-03-23 00:00:00,0.46336666666666665
2009-03-23 01:00:00,0.44743333333333335
2009-03-23 02:00:00,0.47556666666666664
2009-03-23 03:00:00,0.4313666666666667
2009-03-23 04:00:00,0.4372
2009-03-23 05:00:00,0.4704666666666667
2009-03-23 06:00:00,1.5587000000000002
2009-03-23 07:00:00,2.627866666666667
2009-03-23 08:00:00,1.5143
2009-03-23 09:00:00,1.5055
2009-03-23 10:00:00,0.9190666666666666
2009-03-23 11:00:00,0.5889666666666666
2009-03-23 12:00:00,0.41796666666666665
2009-03-23 13:00:00,0.3558
2009-03-23 14:00:00,0.3695333333333333
2009-03-23 15:00:00,0.38373333333333337
2009-03-23 16:00:00,0.317
2009-03-23 17:00:00,0.4563333333333333
2009-03-23 18:00:00,1.3452
2009-03-23 19:00:00,1.7753333333333332
2009-03-23 20:00:00,2.294233333333333
2009-03-23 21:00:00,1.2457
2009-03-23 22:00:00,0.8592333333333334
2009-03-23 23:00:00,0.34763333333333335
2009-03-24 00:00:00,0.3532666666666666
2009-03-24 01:00:00,0.3767
2009-03-24 02:00:00,0.34746666666666665
2009-03-24 03:00:00,0.35806666666666664
2009-03-24 04:00:00,0.5906
2009-03-24 05:00:00,0.7295333333333333
2009-03-24 06:00:00,1.2933666666666668
2009-03-24 07:00:00,2.4899666666666667
2009-03-24 08:00:00,1.6719
2009-03-24 09:00:00,1.4031333333333333
2009-03-24 10:00:00,1.7891000000000001
2009-03-24 11:00:00,1.6305
2009-03-24 12:00:00,1.3880333333333332
2009-03-24 13:00:00,1.2815333333333332
2009-03-24 14:00:00,0.33830000000000005
2009-03-24 15:00:00,0.3204666666666667
2009-03-24 16:00:00,0.3609
2009-03-24 17:00:00,0.38566666666666666
2009-03-24 18:00:00,0.49163333333333337
2009-03-24 19:00:00,3.7412
2009-03-24 20:00:00,2.3009333333333335
2009-03-24 21:00:00,1.9125333333333332
2009-03-24 22:00:00,1.7975666666666668
2009-03-24 23:00:00,0.3428333333333333
2009-03-25 00:00:00,0.33536666666666665
2009-03-25 01:00:00,0.27143333333333336
2009-03-25 02:00:00,0.32270000000000004
2009-03-25 03:00:00,0.2843
2009-03-25 04:00:00,0.3173666666666667
2009-03-25 05:00:00,0.3608333333333333
2009-03-25 06:00:00,1.7405
2009-03-25 07:00:00,2.1299333333333332
2009-03-25 08:00:00,1.9876666666666667
2009-03-25 09:00:00,1.8873666666666666
2009-03-25 10:00:00,1.4234333333333333
2009-03-25 11:00:00,2.0339666666666667
2009-03-25 12:00:00,1.2708666666666666
2009-03-25 13:00:00,1.5262
2009-03-25 14:00:00,1.5241
2009-03-25 15:00:00,0.9084333333333333
2009-03-25 16:00:00,0.42023333333333335
2009-03-25 17:00:00,0.31556666666666666
2009-03-25 18:00:00,0.6858000000000001
2009-03-25 19:00:00,2.4113666666666664
2009-03-25 20:00:00,2.9165666666666668
2009-03-25 21:00:00,1.7366333333333335
2009-03-25 22:00:00,2.155333333333333
2009-03-25 23:00:00,1.6802666666666668
2009-03-26 00:00:00,0.27626666666666666
2009-03-26 01:00:00,0.29359999999999997
2009-03-26 02:00:00,0.2957666666666666
2009-03-26 03:00:00,0.2765
2009-03-26 04:00:00,0.31096666666666667
2009-03-26 05:00:00,0.2688333333333333
2009-03-26 06:00:00,1.3176666666666668
2009-03-26 07:00:00,1.9842666666666666
2009-03-26 08:00:00,1.3699333333333332
2009-03-26 09:00:00,1.3738
2009-03-26 10:00:00,1.3356
2009-03-26 11:00:00,1.3341
2009-03-26 12:00:00,1.0803
2009-03-26 13:00:00,0.27143333333333336
2009-03-26 14:00:00,0.30196666666666666
2009-03-26 15:00:00,0.2861333333333333
2009-03-26 16:00:00,0.28013333333333335
2009-03-26 17:00:00,0.43806666666666666
2009-03-26 18:00:00,0.4191333333333333
2009-03-26 19:00:00,1.0595666666666665
2009-03-26 20:00:00,2.6075
2009-03-26 21:00:00,1.3908999999999998
2009-03-26 22:00:00,0.5713666666666666
2009-03-26 23:00:00,1.0395999999999999
2009-03-27 00:00:00,0.39366666666666666
2009-03-27 01:00:00,0.3782666666666667
2009-03-27 02:00:00,0.37723333333333336
2009-03-27 03:00:00,0.3826
2009-03-27 04:00:00,0.3773666666666667
2009-03-27 05:00:00,0.3705
2009-03-27 06:00:00,1.2512666666666665
2009-03-27 07:00:00,2.478533333333333
2009-03-27 08:00:00,1.7396
2009-03-27 09:00:00,1.9663666666666666
2009-03-27 10:00:00,1.4212666666666667
2009-03-27 11:00:00,1.4234666666666667
2009-03-27 12:00:00,1.4438
2009-03-27 13:00:00,1.1387333333333334
2009-03-27 14:00:00,0.5363666666666667
2009-03-27 15:00:00,0.3642
2009-03-27 16:00:00,0.5945666666666667
2009-03-27 17:00:00,1.6872666666666667
2009-03-27 18:00:00,1.7323666666666668
2009-03-27 19:00:00,1.8700666666666668
2009-03-27 20:00:00,2.9014333333333338
2009-03-27 21:00:00,2.3388666666666666
2009-03-27 22:00:00,1.0519666666666667
2009-03-27 23:00:00,0.3456666666666667
2009-03-28 00:00:00,0.33990000000000004
2009-03-28 01:00:00,0.9359333333333333
2009-03-28 02:00:00,0.3347
2009-03-28 03:00:00,0.3521
2009-03-28 04:00:00,0.3167
2009-03-28 05:00:00,0.3272333333333333
2009-03-28 06:00:00,0.7200000000000001
2009-03-28 07:00:00,1.9053333333333333
2009-03-28 08:00:00,1.9279333333333333
2009-03-28 09:00:00,1.4643666666666666
2009-03-28 10:00:00,1.9968666666666666
2009-03-28 11:00:00,1.2955666666666665
2009-03-28 12:00:00,2.564
2009-03-28 13:00:00,1.6202666666666667
2009-03-28 14:00:00,0.8089333333333334
2009-03-28 15:00:00,1.0293333333333332
2009-03-28 16:00:00,1.2013666666666665
2009-03-28 17:00:00,2.2076
2009-03-28 18:00:00,4.3750333333333336
2009-03-28 19:00:00,2.8585333333333334
2009-03-28 20:00:00,2.2274666666666665
2009-03-28 21:00:00,1.5022333333333333
2009-03-28 22:00:00,2.3856666666666664
2009-03-28 23:00:00,2.985866666666667
2009-03-29 00:00:00,1.5793666666666666
2009-03-29 01:00:00,1.3142333333333334
2009-03-29 02:00:00,1.1252666666666669
2009-03-29 03:00:00,1.1203666666666665
2009-03-29 04:00:00,1.1575333333333333
2009-03-29 05:00:00,1.1032333333333333
2009-03-29 06:00:00,1.1206666666666665
2009-03-29 07:00:00,1.1501666666666668
2009-03-29 08:00:00,1.8677333333333335
2009-03-29 09:00:00,1.448
2009-03-29 10:00:00,1.8777000000000001
2009-03-29 11:00:00,0.5844
2009-03-29 12:00:00,1.3099333333333334
2009-03-29 13:00:00,1.6003
2009-03-29 14:00:00,2.819733333333333
2009-03-29 15:00:00,2.569166666666667
2009-03-29 16:00:00,1.9120666666666668
2009-03-29 17:00:00,1.4905333333333333
2009-03-29 18:00:00,1.5891
2009-03-29 19:00:00,1.7694
2009-03-29 20:00:00,2.0983666666666667
2009-03-29 21:00:00,3.2785
2009-03-29 22:00:00,0.6232333333333333
2009-03-29 23:00:00,0.43516666666666665
2009-03-30 00:00:00,0.3516
2009-03-30 01:00:00,0.32730000000000004
2009-03-30 02:00:00,0.36943333333333334
2009-03-30 03:00:00,0.32876666666666665
2009-03-30 04:00:00,0.9584666666666667
2009-03-30 05:00:00,0.3343666666666667
2009-03-30 06:00:00,0.7187666666666667
2009-03-30 07:00:00,2.3738333333333332
2009-03-30 08:00:00,1.5044
2009-03-30 09:00:00,1.4029666666666667
2009-03-30 10:00:00,1.4086333333333334
2009-03-30 11:00:00,1.3745666666666667
2009-03-30 12:00:00,1.4201666666666668
2009-03-30 13:00:00,1.4157000000000002
2009-03-30 14:00:00,0.7206333333333333
2009-03-30 15:00:00,0.35553333333333337
2009-03-30 16:00:00,0.3378333333333333
2009-03-30 17:00:00,0.40476666666666666
2009-03-30 18:00:00,0.6621333333333334
2009-03-30 19:00:00,1.2072
2009-03-30 20:00:00,2.1454
2009-03-30 21:00:00,2.803933333333333
2009-03-30 22:00:00,1.3173
2009-03-30 23:00:00,0.3805
2009-03-31 00:00:00,0.34653333333333336
2009-03-31 01:00:00,0.3693666666666667
2009-03-31 02:00:00,0.34809999999999997
2009-03-31 03:00:00,0.34336666666666665
2009-03-31 04:00:00,0.3613
2009-03-31 05:00:00,0.43776666666666664
2009-03-31 06:00:00,1.6487333333333334
2009-03-31 07:00:00,2.0425999999999997
2009-03-31 08:00:00,1.4817666666666665
2009-03-31 09:00:00,1.7318666666666664
2009-03-31 10:00:00,1.5601333333333334
2009-03-31 11:00:00,1.5061
2009-03-31 12:00:00,1.4093000000000002
2009-03-31 13:00:00,2.393533333333333
2009-03-31 14:00:00,2.2642333333333338
2009-03-31 15:00:00,1.9852333333333334
2009-03-31 16:00:00,1.4422333333333335
2009-03-31 17:00:00,0.8092
2009-03-31 18:00:00,0.29710000000000003
2009-03-31 19:00:00,1.0325666666666666
2009-03-31 20:00:00,3.5067
2009-03-31 21:00:00,2.0393
2009-03-31 22:00:00,0.6354333333333333
2009-03-31 23:00:00,0.39890000000000003
