timestamp,temperature,humidity,cloud_cover,shortwave_radiation,dni,diffuse_radiation,wind_speed
2009-01-01T00:00,-0.8,95,94,0.0,0.0,0.0,6.6
2009-01-01T01:00,-1.3,95,25,0.0,0.0,0.0,7.6
2009-01-01T02:00,-1.9,96,13,0.0,0.0,0.0,6.7
2009-01-01T03:00,-1.7,95,44,0.0,0.0,0.0,2.3
2009-01-01T04:00,-2.8,96,71,0.0,0.0,0.0,1.8
2009-01-01T05:00,-2.7,96,82,0.0,0.0,0.0,3.8
2009-01-01T06:00,-2.3,96,98,0.0,0.0,0.0,5.8
2009-01-01T07:00,-1.4,95,94,0.0,0.0,0.0,7.5
2009-01-01T08:00,-1.2,94,91,0.0,0.0,0.0,8.0
2009-01-01T09:00,-0.5,93,89,0.0,0.0,0.0,7.1
2009-01-01T10:00,-0.5,93,83,0.0,0.0,0.0,8.0
2009-01-01T11:00,-0.1,92,80,29.0,78.8,22.0,8.6
2009-01-01T12:00,0.6,89,95,66.0,46.0,57.0,8.9
2009-01-01T13:00,1.5,87,100,142.0,202.6,87.0,8.7
2009-01-01T14:00,2.1,85,100,163.0,178.1,108.0,8.9
2009-01-01T15:00,2.5,84,100,143.0,127.9,104.0,9.1
2009-01-01T16:00,2.6,84,100,88.0,30.7,80.0,9.5
2009-01-01T17:00,2.5,84,99,54.0,22.4,50.0,9.4
2009-01-01T18:00,2.0,86,99,15.0,0.0,15.0,9.2
2009-01-01T19:00,1.6,88,95,0.0,0.0,0.0,10.0
2009-01-01T20:00,1.1,87,97,0.0,0.0,0.0,10.2
2009-01-01T21:00,-0.1,88,96,0.0,0.0,0.0,10.2
2009-01-01T22:00,-0.7,88,94,0.0,0.0,0.0,10.7
2009-01-01T23:00,-1.1,87,87,0.0,0.0,0.0,10.2
2009-01-02T00:00,-1.3,86,85,0.0,0.0,0.0,8.3
2009-01-02T01:00,-1.6,86,87,0.0,0.0,0.0,7.4
2009-01-02T02:00,-1.9,86,86,0.0,0.0,0.0,7.6
2009-01-02T03:00,-2.3,86,83,0.0,0.0,0.0,7.8
2009-01-02T04:00,-2.6,86,93,0.0,0.0,0.0,8.6
2009-01-02T05:00,-2.6,85,96,0.0,0.0,0.0,9.5
2009-01-02T06:00,-2.7,85,93,0.0,0.0,0.0,9.7
2009-01-02T07:00,-2.7,84,86,0.0,0.0,0.0,10.2
2009-01-02T08:00,-2.7,83,82,0.0,0.0,0.0,10.0
2009-01-02T09:00,-2.4,86,88,0.0,0.0,0.0,10.5
2009-01-02T10:00,-2.4,86,84,0.0,0.0,0.0,11.1
2009-01-02T11:00,-2.2,85,84,37.0,145.8,24.0,11.4
2009-01-02T12:00,-1.5,82,93,82.0,117.1,59.0,12.7
2009-01-02T13:00,-0.9,80,86,116.0,165.2,71.0,12.6
2009-01-02T14:00,-0.0,76,72,160.0,212.8,94.0,13.0
2009-01-02T15:00,0.5,72,62,181.0,345.6,75.0,14.3
2009-01-02T16:00,1.0,68,49,163.0,331.4,76.0,14.5
2009-01-02T17:00,0.8,71,18,119.0,343.4,57.0,12.8
2009-01-02T18:00,-0.2,75,31,35.0,214.4,18.0,13.0
2009-01-02T19:00,-0.6,79,58,0.0,0.0,0.0,14.3
2009-01-02T20:00,-0.5,82,61,0.0,0.0,0.0,14.8
2009-01-02T21:00,-0.7,92,69,0.0,0.0,0.0,15.0
2009-01-02T22:00,-0.7,94,79,0.0,0.0,0.0,15.0
2009-01-02T23:00,-0.3,92,66,0.0,0.0,0.0,16.1
2009-01-03T00:00,-0.3,91,87,0.0,0.0,0.0,16.3
2009-01-03T01:00,-0.2,88,92,0.0,0.0,0.0,16.4
2009-01-03T02:00,-0.2,86,92,0.0,0.0,0.0,16.6
2009-01-03T03:00,-0.2,84,91,0.0,0.0,0.0,16.8
2009-01-03T04:00,-0.4,83,75,0.0,0.0,0.0,16.1
2009-01-03T05:00,-0.5,82,89,0.0,0.0,0.0,16.1
2009-01-03T06:00,-0.6,80,88,0.0,0.0,0.0,16.3
2009-01-03T07:00,-0.7,78,88,0.0,0.0,0.0,16.5
2009-01-03T08:00,-1.0,77,91,0.0,0.0,0.0,15.9
2009-01-03T09:00,-1.1,81,88,0.0,0.0,0.0,15.9
2009-01-03T10:00,-1.0,79,74,0.0,0.0,0.0,15.7
2009-01-03T11:00,-0.8,78,65,34.0,122.9,23.0,14.5
2009-01-03T12:00,-0.5,74,50,95.0,152.1,65.0,14.3
2009-01-03T13:00,-0.2,70,27,162.0,259.5,91.0,16.4
2009-01-03T14:00,0.2,67,34,222.0,311.3,125.0,16.9
2009-01-03T15:00,0.4,66,16,247.0,457.1,106.0,16.4
2009-01-03T16:00,0.3,66,6,206.0,423.3,94.0,16.6
2009-01-03T17:00,-0.2,69,10,137.0,453.8,54.0,13.8
2009-01-03T18:00,-1.4,73,25,44.0,285.4,21.0,11.8
2009-01-03T19:00,-2.6,78,12,0.0,0.0,0.0,10.7
2009-01-03T20:00,-3.3,81,8,0.0,0.0,0.0,10.0
2009-01-03T21:00,-2.9,87,5,0.0,0.0,0.0,10.0
2009-01-03T22:00,-3.2,88,1,0.0,0.0,0.0,9.4
2009-01-03T23:00,-3.5,88,0,0.0,0.0,0.0,8.9
2009-01-04T00:00,-3.8,88,0,0.0,0.0,0.0,8.4
2009-01-04T01:00,-4.2,89,0,0.0,0.0,0.0,7.4
2009-01-04T02:00,-4.7,89,0,0.0,0.0,0.0,6.1
2009-01-04T03:00,-5.2,89,0,0.0,0.0,0.0,5.9
2009-01-04T04:00,-5.6,89,1,0.0,0.0,0.0,5.3
2009-01-04T05:00,-5.8,89,30,0.0,0.0,0.0,5.4
2009-01-04T06:00,-5.9,89,75,0.0,0.0,0.0,5.7
2009-01-04T07:00,-6.0,89,1,0.0,0.0,0.0,5.0
2009-01-04T08:00,-6.0,89,16,0.0,0.0,0.0,5.6
2009-01-04T09:00,-6.3,92,78,0.0,0.0,0.0,6.0
2009-01-04T10:00,-6.1,91,98,1.0,0.0,1.0,6.4
2009-01-04T11:00,-4.7,91,100,53.0,211.4,34.0,4.1
2009-01-04T12:00,-3.1,84,99,146.0,363.5,74.0,1.4
2009-01-04T13:00,-1.9,78,100,190.0,232.9,126.0,1.3
2009-01-04T14:00,-0.8,73,100,230.0,303.4,135.0,1.8
2009-01-04T15:00,-0.3,70,100,228.0,296.4,136.0,2.1
2009-01-04T16:00,-0.2,70,100,170.0,153.7,129.0,2.9
2009-01-04T17:00,-0.5,73,100,102.0,97.1,84.0,3.3
2009-01-04T18:00,-1.3,77,100,33.0,61.0,28.0,5.2
2009-01-04T19:00,-2.3,82,100,0.0,0.0,0.0,5.4
2009-01-04T20:00,-3.0,86,100,0.0,0.0,0.0,6.0
2009-01-04T21:00,-3.5,89,100,0.0,0.0,0.0,5.8
2009-01-04T22:00,-3.6,88,97,0.0,0.0,0.0,4.9
2009-01-04T23:00,-3.2,86,94,0.0,0.0,0.0,7.1
2009-01-05T00:00,-2.7,83,90,0.0,0.0,0.0,9.7
2009-01-05T01:00,-2.4,80,93,0.0,0.0,0.0,10.1
2009-01-05T02:00,-2.1,79,99,0.0,0.0,0.0,10.1
2009-01-05T03:00,-1.9,78,100,0.0,0.0,0.0,10.0
2009-01-05T04:00,-1.8,77,100,0.0,0.0,0.0,10.1
2009-01-05T05:00,-1.8,76,100,0.0,0.0,0.0,10.6
2009-01-05T06:00,-1.6,75,99,0.0,0.0,0.0,10.8
2009-01-05T07:00,-1.6,75,100,0.0,0.0,0.0,10.0
2009-01-05T08:00,-1.6,77,100,0.0,0.0,0.0,10.0
2009-01-05T09:00,-1.5,83,99,0.0,0.0,0.0,9.4
2009-01-05T10:00,-1.3,86,97,0.0,0.0,0.0,9.1
2009-01-05T11:00,-1.0,87,100,13.0,0.0,13.0,8.9
2009-01-05T12:00,-0.3,87,100,44.0,5.0,43.0,6.2
2009-01-05T13:00,0.4,86,99,73.0,0.0,73.0,5.9
2009-01-05T14:00,1.0,86,99,108.0,31.8,98.0,5.4
2009-01-05T15:00,1.1,87,100,81.0,3.2,80.0,3.6
2009-01-05T16:00,0.9,91,99,59.0,0.0,59.0,2.6
2009-01-05T17:00,0.5,95,99,32.0,0.0,32.0,6.0
2009-01-05T18:00,0.1,97,97,10.0,0.0,10.0,9.6
2009-01-05T19:00,-0.4,97,97,0.0,0.0,0.0,12.3
2009-01-05T20:00,-0.7,96,91,0.0,0.0,0.0,14.0
2009-01-05T21:00,-1.7,89,91,0.0,0.0,0.0,14.0
2009-01-05T22:00,-1.9,87,93,0.0,0.0,0.0,13.9
2009-01-05T23:00,-2.0,86,90,0.0,0.0,0.0,12.6
2009-01-06T00:00,-2.0,86,95,0.0,0.0,0.0,11.0
2009-01-06T01:00,-1.9,87,94,0.0,0.0,0.0,10.9
2009-01-06T02:00,-1.7,88,94,0.0,0.0,0.0,11.7
2009-01-06T03:00,-1.6,87,92,0.0,0.0,0.0,12.5
2009-01-06T04:00,-1.8,85,97,0.0,0.0,0.0,14.1
2009-01-06T05:00,-2.2,82,88,0.0,0.0,0.0,16.4
2009-01-06T06:00,-3.1,80,81,0.0,0.0,0.0,16.7
2009-01-06T07:00,-4.2,81,59,0.0,0.0,0.0,16.9
2009-01-06T08:00,-5.0,82,62,0.0,0.0,0.0,17.1
2009-01-06T09:00,-4.4,79,90,0.0,0.0,0.0,16.9
2009-01-06T10:00,-4.6,77,93,1.0,0.0,1.0,17.8
2009-01-06T11:00,-4.5,72,100,26.0,11.0,25.0,18.9
2009-01-06T12:00,-4.2,69,95,86.0,45.0,77.0,16.4
2009-01-06T13:00,-4.0,67,87,132.0,75.6,111.0,16.1
2009-01-06T14:00,-3.6,62,93,225.0,369.5,108.0,15.9
2009-01-06T15:00,-3.2,61,99,263.0,524.6,98.0,16.1
2009-01-06T16:00,-3.3,60,97,206.0,397.8,98.0,16.5
2009-01-06T17:00,-3.4,61,100,140.0,414.9,61.0,16.7
2009-01-06T18:00,-3.9,65,92,43.0,188.8,27.0,14.7
2009-01-06T19:00,-4.4,67,64,0.0,0.0,0.0,12.6
2009-01-06T20:00,-5.0,69,28,0.0,0.0,0.0,13.6
2009-01-06T21:00,-5.8,75,15,0.0,0.0,0.0,13.6
2009-01-06T22:00,-6.6,76,6,0.0,0.0,0.0,13.3
2009-01-06T23:00,-7.5,75,0,0.0,0.0,0.0,11.8
2009-01-07T00:00,-8.1,75,1,0.0,0.0,0.0,10.0
2009-01-07T01:00,-8.6,75,0,0.0,0.0,0.0,9.3
2009-01-07T02:00,-9.0,75,0,0.0,0.0,0.0,9.4
2009-01-07T03:00,-9.3,74,0,0.0,0.0,0.0,11.5
2009-01-07T04:00,-9.6,74,0,0.0,0.0,0.0,12.3
2009-01-07T05:00,-9.8,74,0,0.0,0.0,0.0,11.9
2009-01-07T06:00,-10.0,73,0,0.0,0.0,0.0,10.2
2009-01-07T07:00,-10.1,72,0,0.0,0.0,0.0,9.5
2009-01-07T08:00,-10.2,71,2,0.0,0.0,0.0,9.5
2009-01-07T09:00,-10.5,79,0,0.0,0.0,0.0,8.0
2009-01-07T10:00,-10.3,77,0,1.0,0.0,1.0,7.3
2009-01-07T11:00,-9.1,72,10,63.0,393.6,27.0,8.7
2009-01-07T12:00,-6.9,62,15,171.0,580.7,54.0,9.9
2009-01-07T13:00,-4.6,55,12,257.0,680.4,67.0,10.9
2009-01-07T14:00,-2.8,54,29,299.0,703.1,75.0,11.4
2009-01-07T15:00,-1.7,57,34,286.0,640.8,83.0,11.8
2009-01-07T16:00,-1.0,61,22,244.0,646.1,67.0,12.0
2009-01-07T17:00,-1.2,66,65,154.0,523.1,53.0,10.1
2009-01-07T18:00,-1.9,73,93,43.0,243.5,22.0,10.1
2009-01-07T19:00,-1.9,77,100,0.0,0.0,0.0,10.8
2009-01-07T20:00,-1.5,80,93,0.0,0.0,0.0,11.3
2009-01-07T21:00,-1.5,84,94,0.0,0.0,0.0,10.7
2009-01-07T22:00,-1.4,88,99,0.0,0.0,0.0,10.1
2009-01-07T23:00,-1.2,91,100,0.0,0.0,0.0,10.4
2009-01-08T00:00,-1.0,94,96,0.0,0.0,0.0,10.8
2009-01-08T01:00,-0.7,95,84,0.0,0.0,0.0,11.5
2009-01-08T02:00,-0.5,96,88,0.0,0.0,0.0,12.0
2009-01-08T03:00,-0.7,96,97,0.0,0.0,0.0,13.2
2009-01-08T04:00,-0.6,97,100,0.0,0.0,0.0,14.0
2009-01-08T05:00,-0.4,97,87,0.0,0.0,0.0,13.5
2009-01-08T06:00,-0.3,96,75,0.0,0.0,0.0,13.7
2009-01-08T07:00,-0.5,96,94,0.0,0.0,0.0,14.3
2009-01-08T08:00,-1.1,95,82,0.0,0.0,0.0,14.3
2009-01-08T09:00,-1.9,96,72,0.0,0.0,0.0,14.0
2009-01-08T10:00,-2.5,95,62,1.0,0.0,1.0,13.6
2009-01-08T11:00,-2.5,88,67,39.0,152.0,25.0,13.8
2009-01-08T12:00,-2.4,82,49,89.0,118.3,65.0,14.8
2009-01-08T13:00,-1.9,76,10,157.0,128.1,121.0,16.6
2009-01-08T14:00,-1.3,70,7,214.0,252.6,133.0,16.5
2009-01-08T15:00,-0.6,64,14,300.0,695.7,78.0,16.3
2009-01-08T16:00,-0.5,62,16,243.0,607.5,75.0,16.3
2009-01-08T17:00,-1.0,66,17,145.0,398.3,67.0,14.3
2009-01-08T18:00,-2.3,71,14,53.0,319.0,25.0,12.1
2009-01-08T19:00,-3.4,74,9,0.0,0.0,0.0,11.1
2009-01-08T20:00,-4.2,76,4,0.0,0.0,0.0,11.0
2009-01-08T21:00,-4.3,80,2,0.0,0.0,0.0,10.5
2009-01-08T22:00,-4.6,78,0,0.0,0.0,0.0,10.0
2009-01-08T23:00,-5.0,76,0,0.0,0.0,0.0,9.6
2009-01-09T00:00,-5.3,76,0,0.0,0.0,0.0,8.9
2009-01-09T01:00,-5.6,75,0,0.0,0.0,0.0,7.7
2009-01-09T02:00,-5.8,76,0,0.0,0.0,0.0,7.0
2009-01-09T03:00,-6.1,76,0,0.0,0.0,0.0,7.1
2009-01-09T04:00,-6.3,77,0,0.0,0.0,0.0,7.5
2009-01-09T05:00,-6.6,78,0,0.0,0.0,0.0,7.7
2009-01-09T06:00,-6.9,80,0,0.0,0.0,0.0,8.0
2009-01-09T07:00,-7.0,80,0,0.0,0.0,0.0,7.9
2009-01-09T08:00,-7.2,81,0,0.0,0.0,0.0,7.6
2009-01-09T09:00,-7.7,87,0,0.0,0.0,0.0,7.9
2009-01-09T10:00,-7.9,88,0,1.0,0.0,1.0,8.0
2009-01-09T11:00,-7.1,84,0,62.0,366.1,28.0,4.4
2009-01-09T12:00,-5.6,78,0,169.0,557.9,55.0,5.0
2009-01-09T13:00,-4.0,73,0,255.0,664.8,67.0,4.8
2009-01-09T14:00,-2.7,69,0,301.0,706.4,73.0,5.1
2009-01-09T15:00,-1.8,67,0,299.0,706.0,72.0,4.8
2009-01-09T16:00,-1.3,66,0,250.0,659.0,66.0,5.9
2009-01-09T17:00,-1.5,68,0,162.0,548.7,53.0,4.8
2009-01-09T18:00,-2.6,74,0,56.0,347.0,25.0,8.7
2009-01-09T19:00,-3.8,79,0,1.0,0.0,1.0,8.9
2009-01-09T20:00,-4.7,82,0,0.0,0.0,0.0,8.7
2009-01-09T21:00,-5.5,87,0,0.0,0.0,0.0,9.2
2009-01-09T22:00,-6.0,88,0,0.0,0.0,0.0,9.3
2009-01-09T23:00,-6.5,89,0,0.0,0.0,0.0,8.4
2009-01-10T00:00,-6.9,90,0,0.0,0.0,0.0,7.7
2009-01-10T01:00,-7.1,90,0,0.0,0.0,0.0,8.0
2009-01-10T02:00,-7.4,91,0,0.0,0.0,0.0,8.1
2009-01-10T03:00,-7.5,91,0,0.0,0.0,0.0,8.2
2009-01-10T04:00,-7.7,91,0,0.0,0.0,0.0,7.7
2009-01-10T05:00,-7.9,92,0,0.0,0.0,0.0,6.8
2009-01-10T06:00,-8.1,92,2,0.0,0.0,0.0,4.9
2009-01-10T07:00,-8.2,92,0,0.0,0.0,0.0,3.6
2009-01-10T08:00,-8.5,92,5,0.0,0.0,0.0,2.7
2009-01-10T09:00,-8.8,94,5,0.0,0.0,0.0,2.6
2009-01-10T10:00,-9.0,94,0,1.0,0.0,1.0,3.6
2009-01-10T11:00,-8.0,92,31,51.0,170.1,35.0,2.2
2009-01-10T12:00,-6.6,89,99,135.0,276.8,78.0,1.8
2009-01-10T13:00,-4.6,83,45,203.0,316.1,113.0,2.6
2009-01-10T14:00,-2.5,77,5,281.0,556.9,100.0,1.8
2009-01-10T15:00,-0.9,72,0,300.0,703.6,72.0,1.5
2009-01-10T16:00,-0.2,70,0,252.0,659.7,66.0,3.0
2009-01-10T17:00,-0.2,72,0,164.0,550.8,53.0,4.1
2009-01-10T18:00,-1.1,77,0,58.0,351.9,26.0,9.2
2009-01-10T19:00,-2.9,86,0,1.0,0.0,1.0,9.8
2009-01-10T20:00,-4.3,89,2,0.0,0.0,0.0,3.8
2009-01-10T21:00,-3.3,84,40,0.0,0.0,0.0,4.3
2009-01-10T22:00,-5.2,90,16,0.0,0.0,0.0,7.9
2009-01-10T23:00,-4.1,88,14,0.0,0.0,0.0,5.1
2009-01-11T00:00,-6.0,91,56,0.0,0.0,0.0,7.9
2009-01-11T01:00,-6.1,92,70,0.0,0.0,0.0,9.0
2009-01-11T02:00,-6.1,91,55,0.0,0.0,0.0,8.6
2009-01-11T03:00,-6.1,92,2,0.0,0.0,0.0,8.0
2009-01-11T04:00,-6.2,92,0,0.0,0.0,0.0,7.6
2009-01-11T05:00,-6.4,92,0,0.0,0.0,0.0,9.4
2009-01-11T06:00,-6.6,92,0,0.0,0.0,0.0,7.9
2009-01-11T07:00,-6.5,92,0,0.0,0.0,0.0,7.2
2009-01-11T08:00,-6.4,91,0,0.0,0.0,0.0,7.6
2009-01-11T09:00,-6.6,92,0,0.0,0.0,0.0,8.4
2009-01-11T10:00,-6.3,90,0,1.0,0.0,1.0,8.6
2009-01-11T11:00,-4.8,88,1,64.0,366.5,29.0,10.4
2009-01-11T12:00,-2.0,78,2,171.0,558.5,55.0,9.5
2009-01-11T13:00,0.8,68,2,260.0,673.0,67.0,9.8
2009-01-11T14:00,2.9,61,32,305.0,711.8,72.0,10.5
2009-01-11T15:00,4.2,58,60,303.0,697.9,75.0,10.8
2009-01-11T16:00,4.7,58,77,255.0,656.7,68.0,11.3
2009-01-11T17:00,3.9,61,68,164.0,528.1,56.0,10.8
2009-01-11T18:00,2.0,69,41,61.0,356.4,28.0,10.8
2009-01-11T19:00,0.2,76,5,1.0,0.0,1.0,11.7
2009-01-11T20:00,-0.7,80,5,0.0,0.0,0.0,11.8
2009-01-11T21:00,-1.1,82,20,0.0,0.0,0.0,11.5
2009-01-11T22:00,-1.5,83,81,0.0,0.0,0.0,11.3
2009-01-11T23:00,-1.8,84,98,0.0,0.0,0.0,11.5
2009-01-12T00:00,-1.9,85,91,0.0,0.0,0.0,13.3
2009-01-12T01:00,-1.8,85,87,0.0,0.0,0.0,13.0
2009-01-12T02:00,-1.8,85,94,0.0,0.0,0.0,13.6
2009-01-12T03:00,-1.6,84,99,0.0,0.0,0.0,14.3
2009-01-12T04:00,-1.4,82,98,0.0,0.0,0.0,14.3
2009-01-12T05:00,-1.3,82,98,0.0,0.0,0.0,14.3
2009-01-12T06:00,-1.2,82,98,0.0,0.0,0.0,14.6
2009-01-12T07:00,-1.0,83,96,0.0,0.0,0.0,15.3
2009-01-12T08:00,-0.9,84,96,0.0,0.0,0.0,15.7
2009-01-12T09:00,-1.1,89,94,0.0,0.0,0.0,16.4
2009-01-12T10:00,-1.1,89,97,1.0,0.0,1.0,16.8
2009-01-12T11:00,-0.2,86,95,51.0,123.6,39.0,18.6
2009-01-12T12:00,1.5,80,80,153.0,367.4,76.0,19.8
2009-01-12T13:00,3.2,74,64,242.0,543.3,85.0,19.4
2009-01-12T14:00,4.4,72,63,276.0,491.1,114.0,19.6
2009-01-12T15:00,5.0,71,88,253.0,382.5,127.0,18.2
2009-01-12T16:00,4.9,72,100,174.0,152.9,130.0,18.5
2009-01-12T17:00,4.4,74,100,107.0,81.9,90.0,18.4
2009-01-12T18:00,3.3,80,98,47.0,137.6,34.0,17.9
2009-01-12T19:00,2.8,82,97,1.0,0.0,1.0,19.0
2009-01-12T20:00,2.6,83,98,0.0,0.0,0.0,19.7
2009-01-12T21:00,3.2,78,88,0.0,0.0,0.0,19.5
2009-01-12T22:00,3.5,75,95,0.0,0.0,0.0,20.0
2009-01-12T23:00,3.6,74,97,0.0,0.0,0.0,20.3
2009-01-13T00:00,3.3,77,100,0.0,0.0,0.0,21.4
2009-01-13T01:00,3.2,78,100,0.0,0.0,0.0,20.6
2009-01-13T02:00,3.1,77,100,0.0,0.0,0.0,19.2
2009-01-13T03:00,3.1,78,100,0.0,0.0,0.0,17.9
2009-01-13T04:00,2.8,82,100,0.0,0.0,0.0,16.9
2009-01-13T05:00,2.7,82,100,0.0,0.0,0.0,17.1
2009-01-13T06:00,2.7,82,100,0.0,0.0,0.0,17.7
2009-01-13T07:00,2.5,83,100,0.0,0.0,0.0,17.4
2009-01-13T08:00,2.3,84,99,0.0,0.0,0.0,16.2
2009-01-13T09:00,2.6,88,99,0.0,0.0,0.0,15.8
2009-01-13T10:00,2.4,89,100,0.0,0.0,0.0,15.3
2009-01-13T11:00,2.4,88,100,12.0,0.0,12.0,14.8
2009-01-13T12:00,2.6,88,100,41.0,0.0,41.0,13.5
2009-01-13T13:00,3.0,86,100,73.0,20.6,67.0,13.8
2009-01-13T14:00,3.8,84,100,100.0,36.1,88.0,13.3
2009-01-13T15:00,4.0,85,100,73.0,9.0,70.0,13.1
2009-01-13T16:00,4.0,87,100,50.0,6.9,48.0,12.1
2009-01-13T17:00,3.9,90,100,27.0,0.0,27.0,11.3
2009-01-13T18:00,3.8,91,100,12.0,0.0,12.0,10.9
2009-01-13T19:00,3.6,93,100,1.0,0.0,1.0,10.7
2009-01-13T20:00,3.5,94,100,0.0,0.0,0.0,10.3
2009-01-13T21:00,3.1,94,100,0.0,0.0,0.0,10.0
2009-01-13T22:00,3.1,95,100,0.0,0.0,0.0,10.0
2009-01-13T23:00,3.2,97,98,0.0,0.0,0.0,9.7
2009-01-14T00:00,2.8,98,88,0.0,0.0,0.0,9.4
2009-01-14T01:00,2.4,98,96,0.0,0.0,0.0,9.0
2009-01-14T02:00,2.0,99,100,0.0,0.0,0.0,9.0
2009-01-14T03:00,1.7,99,100,0.0,0.0,0.0,9.6
2009-01-14T04:00,1.5,98,100,0.0,0.0,0.0,10.3
2009-01-14T05:00,1.0,98,100,0.0,0.0,0.0,9.8
2009-01-14T06:00,0.3,97,100,0.0,0.0,0.0,9.2
2009-01-14T07:00,-0.0,97,100,0.0,0.0,0.0,9.2
2009-01-14T08:00,0.0,97,100,0.0,0.0,0.0,8.7
2009-01-14T09:00,1.3,100,100,0.0,0.0,0.0,9.7
2009-01-14T10:00,1.5,99,100,1.0,0.0,1.0,9.4
2009-01-14T11:00,1.8,99,100,16.0,0.0,16.0,9.5
2009-01-14T12:00,2.5,94,100,53.0,9.4,51.0,9.0
2009-01-14T13:00,3.3,92,100,114.0,91.9,87.0,8.4
2009-01-14T14:00,4.2,89,100,158.0,161.1,104.0,8.4
2009-01-14T15:00,4.9,82,100,146.0,134.2,101.0,8.7
2009-01-14T16:00,5.4,77,100,140.0,132.6,101.0,7.6
2009-01-14T17:00,5.3,79,92,94.0,65.4,80.0,4.3
2009-01-14T18:00,4.0,87,91,39.0,108.8,28.0,4.2
2009-01-14T19:00,2.4,91,88,2.0,0.0,2.0,4.1
2009-01-14T20:00,1.0,93,66,0.0,0.0,0.0,5.2
2009-01-14T21:00,0.8,96,70,0.0,0.0,0.0,6.2
2009-01-14T22:00,0.6,96,63,0.0,0.0,0.0,7.0
2009-01-14T23:00,0.3,96,57,0.0,0.0,0.0,7.8
2009-01-15T00:00,0.1,95,52,0.0,0.0,0.0,8.6
2009-01-15T01:00,-0.1,95,57,0.0,0.0,0.0,9.2
2009-01-15T02:00,0.2,95,70,0.0,0.0,0.0,9.6
2009-01-15T03:00,0.3,94,74,0.0,0.0,0.0,10.0
2009-01-15T04:00,0.5,94,76,0.0,0.0,0.0,10.4
2009-01-15T05:00,0.5,94,75,0.0,0.0,0.0,10.2
2009-01-15T06:00,0.1,95,78,0.0,0.0,0.0,10.7
2009-01-15T07:00,-0.1,96,75,0.0,0.0,0.0,10.8
2009-01-15T08:00,-0.1,96,71,0.0,0.0,0.0,11.8
2009-01-15T09:00,0.4,96,86,0.0,0.0,0.0,11.7
2009-01-15T10:00,0.2,96,92,1.0,0.0,1.0,11.8
2009-01-15T11:00,1.1,96,95,45.0,204.7,24.0,14.0
2009-01-15T12:00,1.5,94,74,114.0,222.2,66.0,12.3
2009-01-15T13:00,1.9,89,35,144.0,182.2,90.0,12.7
2009-01-15T14:00,2.2,87,61,201.0,207.0,131.0,12.5
2009-01-15T15:00,2.6,85,99,246.0,366.4,122.0,13.0
2009-01-15T16:00,2.6,84,99,201.0,252.2,126.0,13.4
2009-01-15T17:00,2.3,85,97,138.0,262.0,81.0,12.3
2009-01-15T18:00,1.5,90,99,44.0,38.2,40.0,12.6
2009-01-15T19:00,0.9,94,100,2.0,0.0,2.0,12.8
2009-01-15T20:00,0.8,94,98,0.0,0.0,0.0,14.1
2009-01-15T21:00,1.1,93,92,0.0,0.0,0.0,14.8
2009-01-15T22:00,0.8,93,83,0.0,0.0,0.0,14.9
2009-01-15T23:00,0.5,93,83,0.0,0.0,0.0,13.2
2009-01-16T00:00,0.3,93,97,0.0,0.0,0.0,12.2
2009-01-16T01:00,0.2,93,98,0.0,0.0,0.0,13.0
2009-01-16T02:00,-0.0,93,97,0.0,0.0,0.0,11.9
2009-01-16T03:00,-0.4,94,99,0.0,0.0,0.0,10.8
2009-01-16T04:00,-0.8,93,92,0.0,0.0,0.0,11.0
2009-01-16T05:00,-1.0,93,98,0.0,0.0,0.0,10.5
2009-01-16T06:00,-1.1,92,84,0.0,0.0,0.0,9.9
2009-01-16T07:00,-1.3,92,62,0.0,0.0,0.0,10.0
2009-01-16T08:00,-1.5,92,79,0.0,0.0,0.0,10.5
2009-01-16T09:00,-1.3,91,97,0.0,0.0,0.0,11.2
2009-01-16T10:00,-1.1,91,98,2.0,0.0,2.0,12.2
2009-01-16T11:00,0.1,89,98,57.0,152.9,41.0,13.6
2009-01-16T12:00,2.0,85,96,140.0,238.1,88.0,13.0
2009-01-16T13:00,3.5,82,98,158.0,210.6,95.0,12.9
2009-01-16T14:00,3.9,83,96,98.0,108.5,61.0,12.7
2009-01-16T15:00,4.3,84,99,86.0,73.2,61.0,13.1
2009-01-16T16:00,4.2,87,100,36.0,0.0,36.0,12.7
2009-01-16T17:00,4.5,87,100,41.0,0.0,41.0,12.9
2009-01-16T18:00,4.3,90,100,24.0,0.0,24.0,12.0
2009-01-16T19:00,4.1,92,100,1.0,0.0,1.0,11.5
2009-01-16T20:00,4.0,94,100,0.0,0.0,0.0,11.8
2009-01-16T21:00,4.4,94,100,0.0,0.0,0.0,11.8
2009-01-16T22:00,4.3,95,99,0.0,0.0,0.0,11.4
2009-01-16T23:00,4.3,95,99,0.0,0.0,0.0,11.5
2009-01-17T00:00,4.2,96,100,0.0,0.0,0.0,10.5
2009-01-17T01:00,4.2,96,100,0.0,0.0,0.0,11.7
2009-01-17T02:00,4.2,97,100,0.0,0.0,0.0,12.1
2009-01-17T03:00,4.3,97,100,0.0,0.0,0.0,12.5
2009-01-17T04:00,4.3,97,100,0.0,0.0,0.0,12.1
2009-01-17T05:00,4.4,97,100,0.0,0.0,0.0,13.4
2009-01-17T06:00,4.6,97,100,0.0,0.0,0.0,14.9
2009-01-17T07:00,4.8,96,100,0.0,0.0,0.0,16.2
2009-01-17T08:00,5.1,96,100,0.0,0.0,0.0,18.0
2009-01-17T09:00,5.1,96,99,0.0,0.0,0.0,18.9
2009-01-17T10:00,5.3,95,98,1.0,0.0,1.0,20.0
2009-01-17T11:00,5.8,94,99,23.0,0.0,23.0,22.1
2009-01-17T12:00,6.2,93,100,55.0,36.2,47.0,20.8
2009-01-17T13:00,6.6,92,100,91.0,53.0,75.0,21.3
2009-01-17T14:00,6.7,91,100,65.0,2.9,64.0,21.1
2009-01-17T15:00,7.1,91,100,78.0,8.7,75.0,20.9
2009-01-17T16:00,7.5,91,99,89.0,26.3,81.0,17.1
2009-01-17T17:00,7.5,91,88,68.0,48.9,57.0,16.6
2009-01-17T18:00,7.3,91,100,29.0,17.9,27.0,17.1
2009-01-17T19:00,7.2,92,100,1.0,0.0,1.0,16.1
2009-01-17T20:00,7.3,92,100,0.0,0.0,0.0,18.0
2009-01-17T21:00,7.2,93,100,0.0,0.0,0.0,20.7
2009-01-17T22:00,7.3,93,100,0.0,0.0,0.0,24.0
2009-01-17T23:00,7.4,92,100,0.0,0.0,0.0,26.7
2009-01-18T00:00,7.5,91,100,0.0,0.0,0.0,26.0
2009-01-18T01:00,7.5,91,100,0.0,0.0,0.0,28.4
2009-01-18T02:00,7.1,91,100,0.0,0.0,0.0,30.8
2009-01-18T03:00,7.1,89,99,0.0,0.0,0.0,31.5
2009-01-18T04:00,7.1,87,99,0.0,0.0,0.0,30.6
2009-01-18T05:00,7.2,86,98,0.0,0.0,0.0,30.9
2009-01-18T06:00,7.3,85,100,0.0,0.0,0.0,32.3
2009-01-18T07:00,7.0,89,100,0.0,0.0,0.0,34.2
2009-01-18T08:00,7.1,89,100,0.0,0.0,0.0,35.8
2009-01-18T09:00,6.8,90,100,0.0,0.0,0.0,32.1
2009-01-18T10:00,7.0,90,99,1.0,0.0,1.0,30.1
2009-01-18T11:00,7.4,90,100,19.0,0.0,19.0,30.1
2009-01-18T12:00,7.2,87,94,47.0,0.0,47.0,22.9
2009-01-18T13:00,6.7,84,99,149.0,170.6,97.0,24.6
2009-01-18T14:00,7.2,79,97,209.0,244.6,124.0,24.8
2009-01-18T15:00,6.9,76,67,190.0,206.6,118.0,25.5
2009-01-18T16:00,6.8,75,30,220.0,425.4,89.0,25.8
2009-01-18T17:00,6.4,75,11,145.0,245.1,89.0,23.9
2009-01-18T18:00,5.8,74,31,70.0,311.6,34.0,21.2
2009-01-18T19:00,5.1,75,69,3.0,19.1,2.0,20.4
2009-01-18T20:00,4.6,77,42,0.0,0.0,0.0,19.6
2009-01-18T21:00,4.9,79,55,0.0,0.0,0.0,18.2
2009-01-18T22:00,4.4,83,98,0.0,0.0,0.0,18.1
2009-01-18T23:00,4.4,84,100,0.0,0.0,0.0,18.2
2009-01-19T00:00,4.5,84,100,0.0,0.0,0.0,18.9
2009-01-19T01:00,4.6,85,100,0.0,0.0,0.0,19.1
2009-01-19T02:00,4.8,87,100,0.0,0.0,0.0,20.6
2009-01-19T03:00,5.0,89,100,0.0,0.0,0.0,20.7
2009-01-19T04:00,5.1,92,100,0.0,0.0,0.0,21.2
2009-01-19T05:00,5.5,93,100,0.0,0.0,0.0,23.7
2009-01-19T06:00,5.9,94,100,0.0,0.0,0.0,28.0
2009-01-19T07:00,6.0,93,100,0.0,0.0,0.0,29.4
2009-01-19T08:00,6.6,89,100,0.0,0.0,0.0,33.9
2009-01-19T09:00,8.0,91,100,0.0,0.0,0.0,35.2
2009-01-19T10:00,9.3,89,86,0.0,0.0,0.0,36.4
2009-01-19T11:00,9.7,86,79,29.0,9.0,28.0,36.7
2009-01-19T12:00,9.6,81,54,122.0,260.6,63.0,30.3
2009-01-19T13:00,9.8,77,29,224.0,467.6,80.0,28.4
2009-01-19T14:00,10.2,72,35,274.0,521.6,91.0,29.5
2009-01-19T15:00,10.4,70,52,256.0,451.6,97.0,28.5
2009-01-19T16:00,10.3,70,39,232.0,503.8,75.0,33.5
2009-01-19T17:00,9.8,71,97,128.0,241.1,72.0,32.9
2009-01-19T18:00,8.6,76,72,31.0,75.4,22.0,28.3
2009-01-19T19:00,7.6,78,47,2.0,0.0,2.0,27.4
2009-01-19T20:00,6.2,79,99,0.0,0.0,0.0,29.1
2009-01-19T21:00,6.0,73,60,0.0,0.0,0.0,26.9
2009-01-19T22:00,5.2,72,8,0.0,0.0,0.0,26.3
2009-01-19T23:00,4.5,76,25,0.0,0.0,0.0,25.7
2009-01-20T00:00,4.0,80,38,0.0,0.0,0.0,23.9
2009-01-20T01:00,3.4,81,7,0.0,0.0,0.0,21.0
2009-01-20T02:00,2.7,82,0,0.0,0.0,0.0,17.9
2009-01-20T03:00,2.2,82,1,0.0,0.0,0.0,18.5
2009-01-20T04:00,1.8,82,3,0.0,0.0,0.0,20.6
2009-01-20T05:00,1.6,83,5,0.0,0.0,0.0,19.6
2009-01-20T06:00,1.4,84,7,0.0,0.0,0.0,18.4
2009-01-20T07:00,1.2,87,27,0.0,0.0,0.0,17.5
2009-01-20T08:00,1.1,90,27,0.0,0.0,0.0,16.1
2009-01-20T09:00,0.5,90,35,0.0,0.0,0.0,13.7
2009-01-20T10:00,0.3,91,60,4.0,19.1,3.0,12.4
2009-01-20T11:00,1.2,91,32,77.0,385.2,33.0,13.1
2009-01-20T12:00,3.0,86,97,174.0,506.0,58.0,14.8
2009-01-20T13:00,4.3,80,100,234.0,382.5,115.0,17.1
2009-01-20T14:00,4.6,80,100,181.0,84.7,151.0,18.2
2009-01-20T15:00,4.9,78,100,185.0,75.9,158.0,17.0
2009-01-20T16:00,5.2,77,98,108.0,19.0,102.0,18.1
2009-01-20T17:00,5.2,78,91,63.0,4.2,62.0,16.2
2009-01-20T18:00,4.9,80,75,42.0,97.4,30.0,14.2
2009-01-20T19:00,3.7,85,63,4.0,19.1,3.0,12.0
2009-01-20T20:00,3.0,88,44,0.0,0.0,0.0,10.3
2009-01-20T21:00,2.6,90,45,0.0,0.0,0.0,9.7
2009-01-20T22:00,2.0,92,40,0.0,0.0,0.0,9.8
2009-01-20T23:00,1.5,93,42,0.0,0.0,0.0,10.0
2009-01-21T00:00,0.9,94,24,0.0,0.0,0.0,9.7
2009-01-21T01:00,0.4,94,15,0.0,0.0,0.0,10.0
2009-01-21T02:00,-0.2,95,12,0.0,0.0,0.0,9.7
2009-01-21T03:00,-0.4,95,14,0.0,0.0,0.0,9.1
2009-01-21T04:00,-0.7,95,15,0.0,0.0,0.0,7.7
2009-01-21T05:00,-1.0,95,12,0.0,0.0,0.0,7.0
2009-01-21T06:00,-1.6,96,9,0.0,0.0,0.0,7.8
2009-01-21T07:00,-1.9,96,15,0.0,0.0,0.0,8.1
2009-01-21T08:00,-1.9,96,23,0.0,0.0,0.0,8.7
2009-01-21T09:00,-1.8,97,35,0.0,0.0,0.0,8.9
2009-01-21T10:00,-1.5,97,71,3.0,19.1,2.0,9.4
2009-01-21T11:00,0.0,96,98,60.0,213.9,35.0,10.4
2009-01-21T12:00,1.4,92,100,119.0,120.6,91.0,10.6
2009-01-21T13:00,2.6,89,98,166.0,82.7,140.0,12.0
2009-01-21T14:00,3.2,86,99,165.0,95.0,131.0,12.5
2009-01-21T15:00,3.8,83,100,157.0,50.1,139.0,12.7
2009-01-21T16:00,4.4,77,100,178.0,181.6,120.0,13.8
2009-01-21T17:00,4.5,76,100,104.0,99.9,80.0,12.0
2009-01-21T18:00,4.3,77,99,37.0,23.6,34.0,11.4
2009-01-21T19:00,3.8,79,95,3.0,0.0,3.0,11.1
2009-01-21T20:00,3.5,81,95,0.0,0.0,0.0,11.8
2009-01-21T21:00,3.1,85,88,0.0,0.0,0.0,13.0
2009-01-21T22:00,2.8,86,96,0.0,0.0,0.0,14.2
2009-01-21T23:00,2.6,87,99,0.0,0.0,0.0,15.1
2009-01-22T00:00,2.6,86,100,0.0,0.0,0.0,17.3
2009-01-22T01:00,2.6,85,100,0.0,0.0,0.0,19.5
2009-01-22T02:00,2.6,85,100,0.0,0.0,0.0,21.2
2009-01-22T03:00,2.8,85,100,0.0,0.0,0.0,22.0
2009-01-22T04:00,2.7,89,100,0.0,0.0,0.0,23.4
2009-01-22T05:00,2.6,92,100,0.0,0.0,0.0,25.6
2009-01-22T06:00,2.7,93,100,0.0,0.0,0.0,28.2
2009-01-22T07:00,3.1,93,100,0.0,0.0,0.0,29.3
2009-01-22T08:00,3.7,92,100,0.0,0.0,0.0,30.3
2009-01-22T09:00,4.4,92,100,0.0,0.0,0.0,30.6
2009-01-22T10:00,4.8,92,100,1.0,0.0,1.0,31.0
2009-01-22T11:00,5.3,91,100,6.0,0.0,6.0,33.4
2009-01-22T12:00,5.5,91,100,12.0,0.0,12.0,31.8
2009-01-22T13:00,5.6,92,100,31.0,0.0,31.0,30.9
2009-01-22T14:00,5.6,92,100,32.0,0.0,32.0,29.5
2009-01-22T15:00,5.9,94,100,47.0,0.0,47.0,27.1
2009-01-22T16:00,6.4,94,100,21.0,0.0,21.0,23.6
2009-01-22T17:00,7.1,94,100,38.0,4.1,37.0,22.7
2009-01-22T18:00,7.4,94,100,12.0,0.0,12.0,19.5
2009-01-22T19:00,7.3,94,100,1.0,0.0,1.0,18.4
2009-01-22T20:00,7.1,95,100,0.0,0.0,0.0,17.4
2009-01-22T21:00,7.0,97,100,0.0,0.0,0.0,18.3
2009-01-22T22:00,6.9,98,100,0.0,0.0,0.0,18.8
2009-01-22T23:00,6.9,99,100,0.0,0.0,0.0,19.8
2009-01-23T00:00,7.1,98,100,0.0,0.0,0.0,20.9
2009-01-23T01:00,7.4,97,100,0.0,0.0,0.0,23.4
2009-01-23T02:00,7.6,95,100,0.0,0.0,0.0,26.6
2009-01-23T03:00,7.4,97,100,0.0,0.0,0.0,28.4
2009-01-23T04:00,7.7,98,100,0.0,0.0,0.0,29.2
2009-01-23T05:00,8.7,97,100,0.0,0.0,0.0,27.0
2009-01-23T06:00,9.8,93,100,0.0,0.0,0.0,26.6
2009-01-23T07:00,10.5,92,98,0.0,0.0,0.0,28.1
2009-01-23T08:00,10.7,90,96,0.0,0.0,0.0,29.0
2009-01-23T09:00,10.9,90,91,0.0,0.0,0.0,32.3
2009-01-23T10:00,10.5,90,89,2.0,0.0,2.0,31.8
2009-01-23T11:00,10.7,89,95,15.0,8.2,14.0,32.7
2009-01-23T12:00,9.9,86,87,77.0,83.8,57.0,37.7
2009-01-23T13:00,8.3,85,64,45.0,28.0,36.0,37.5
2009-01-23T14:00,7.6,79,86,221.0,377.9,83.0,40.0
2009-01-23T15:00,7.5,76,85,241.0,386.6,99.0,37.7
2009-01-23T16:00,7.3,72,62,228.0,387.9,101.0,36.2
2009-01-23T17:00,7.0,71,33,188.0,503.5,63.0,36.3
2009-01-23T18:00,6.3,69,38,87.0,377.1,36.0,32.6
2009-01-23T19:00,5.7,68,9,7.0,38.2,5.0,25.5
2009-01-23T20:00,5.1,69,1,0.0,0.0,0.0,22.0
2009-01-23T21:00,4.5,73,35,0.0,0.0,0.0,19.2
2009-01-23T22:00,4.1,75,77,0.0,0.0,0.0,16.4
2009-01-23T23:00,3.3,79,100,0.0,0.0,0.0,12.2
2009-01-24T00:00,2.8,83,100,0.0,0.0,0.0,10.7
2009-01-24T01:00,2.5,85,100,0.0,0.0,0.0,10.0
2009-01-24T02:00,2.3,87,100,0.0,0.0,0.0,7.6
2009-01-24T03:00,2.2,88,100,0.0,0.0,0.0,9.1
2009-01-24T04:00,2.0,89,100,0.0,0.0,0.0,6.4
2009-01-24T05:00,1.8,91,100,0.0,0.0,0.0,6.6
2009-01-24T06:00,1.7,92,100,0.0,0.0,0.0,8.2
2009-01-24T07:00,1.7,92,100,0.0,0.0,0.0,10.3
2009-01-24T08:00,1.7,92,100,0.0,0.0,0.0,11.3
2009-01-24T09:00,2.0,94,99,0.0,0.0,0.0,12.2
2009-01-24T10:00,2.0,94,100,2.0,0.0,2.0,14.0
2009-01-24T11:00,2.4,93,100,32.0,0.0,32.0,16.5
2009-01-24T12:00,3.2,90,100,91.0,4.1,90.0,20.1
2009-01-24T13:00,4.3,86,99,155.0,73.9,131.0,21.5
2009-01-24T14:00,5.1,82,100,170.0,67.8,145.0,20.9
2009-01-24T15:00,5.4,79,100,137.0,35.0,124.0,22.0
2009-01-24T16:00,5.7,77,100,141.0,30.2,131.0,18.2
2009-01-24T17:00,5.7,77,100,99.0,15.8,95.0,13.9
2009-01-24T18:00,5.3,78,100,66.0,64.6,57.0,9.7
2009-01-24T19:00,4.1,83,99,8.0,0.0,8.0,7.9
2009-01-24T20:00,3.3,87,54,0.0,0.0,0.0,11.3
2009-01-24T21:00,2.8,87,18,0.0,0.0,0.0,9.4
2009-01-24T22:00,2.0,91,0,0.0,0.0,0.0,8.9
2009-01-24T23:00,1.3,92,0,0.0,0.0,0.0,9.8
2009-01-25T00:00,0.8,93,0,0.0,0.0,0.0,10.6
2009-01-25T01:00,0.4,93,0,0.0,0.0,0.0,10.8
2009-01-25T02:00,0.1,93,1,0.0,0.0,0.0,12.5
2009-01-25T03:00,-0.0,94,2,0.0,0.0,0.0,14.3
2009-01-25T04:00,0.2,94,19,0.0,0.0,0.0,15.5
2009-01-25T05:00,0.3,95,49,0.0,0.0,0.0,17.1
2009-01-25T06:00,0.3,95,93,0.0,0.0,0.0,19.1
2009-01-25T07:00,0.6,94,97,0.0,0.0,0.0,20.6
2009-01-25T08:00,1.0,93,99,0.0,0.0,0.0,21.3
2009-01-25T09:00,1.2,93,100,0.0,0.0,0.0,21.2
2009-01-25T10:00,1.3,93,100,5.0,19.1,4.0,21.0
2009-01-25T11:00,2.0,90,99,58.0,85.5,47.0,20.4
2009-01-25T12:00,2.8,88,94,115.0,106.0,89.0,19.7
2009-01-25T13:00,4.0,83,81,203.0,231.4,127.0,21.7
2009-01-25T14:00,5.2,78,89,201.0,265.5,102.0,22.7
2009-01-25T15:00,6.3,74,95,216.0,258.4,119.0,20.1
2009-01-25T16:00,6.8,72,98,158.0,157.9,105.0,19.1
2009-01-25T17:00,6.9,72,99,134.0,124.7,102.0,19.5
2009-01-25T18:00,6.3,73,98,43.0,48.8,36.0,18.4
2009-01-25T19:00,5.6,74,99,5.0,0.0,5.0,16.3
2009-01-25T20:00,5.4,73,100,0.0,0.0,0.0,15.5
2009-01-25T21:00,5.0,73,100,0.0,0.0,0.0,15.0
2009-01-25T22:00,4.9,76,100,0.0,0.0,0.0,14.3
2009-01-25T23:00,4.9,82,100,0.0,0.0,0.0,13.2
2009-01-26T00:00,4.9,87,100,0.0,0.0,0.0,12.3
2009-01-26T01:00,5.0,92,100,0.0,0.0,0.0,11.5
2009-01-26T02:00,5.0,94,100,0.0,0.0,0.0,11.6
2009-01-26T03:00,4.9,95,100,0.0,0.0,0.0,11.5
2009-01-26T04:00,4.9,95,100,0.0,0.0,0.0,10.5
2009-01-26T05:00,4.7,96,100,0.0,0.0,0.0,9.4
2009-01-26T06:00,4.2,97,100,0.0,0.0,0.0,8.9
2009-01-26T07:00,3.5,97,100,0.0,0.0,0.0,8.0
2009-01-26T08:00,3.3,97,100,0.0,0.0,0.0,7.0
2009-01-26T09:00,3.5,97,100,0.0,0.0,0.0,6.0
2009-01-26T10:00,3.5,97,100,3.0,0.0,3.0,6.0
2009-01-26T11:00,3.7,96,100,34.0,0.0,34.0,7.1
2009-01-26T12:00,3.8,94,100,76.0,8.0,74.0,7.4
2009-01-26T13:00,4.0,90,100,91.0,0.0,91.0,7.1
2009-01-26T14:00,4.8,86,100,166.0,106.1,126.0,6.4
2009-01-26T15:00,5.3,84,100,142.0,52.7,122.0,5.1
2009-01-26T16:00,5.7,81,100,114.0,26.5,105.0,3.9
2009-01-26T17:00,5.8,80,100,80.0,15.3,76.0,2.5
2009-01-26T18:00,5.7,82,100,33.0,0.0,33.0,1.3
2009-01-26T19:00,5.2,84,100,4.0,0.0,4.0,3.2
2009-01-26T20:00,4.5,89,98,0.0,0.0,0.0,5.0
2009-01-26T21:00,4.4,90,94,0.0,0.0,0.0,5.4
2009-01-26T22:00,4.2,92,86,0.0,0.0,0.0,3.9
2009-01-26T23:00,3.9,94,94,0.0,0.0,0.0,4.1
2009-01-27T00:00,3.7,94,100,0.0,0.0,0.0,4.6
2009-01-27T01:00,3.7,94,100,0.0,0.0,0.0,4.2
2009-01-27T02:00,3.6,92,100,0.0,0.0,0.0,5.0
2009-01-27T03:00,3.6,90,93,0.0,0.0,0.0,5.2
2009-01-27T04:00,3.2,90,100,0.0,0.0,0.0,5.2
2009-01-27T05:00,3.2,89,98,0.0,0.0,0.0,6.0
2009-01-27T06:00,2.9,89,91,0.0,0.0,0.0,6.1
2009-01-27T07:00,2.8,89,80,0.0,0.0,0.0,6.9
2009-01-27T08:00,2.6,89,84,0.0,0.0,0.0,6.4
2009-01-27T09:00,2.3,92,94,0.0,0.0,0.0,7.6
2009-01-27T10:00,2.6,91,94,4.0,19.1,3.0,10.3
2009-01-27T11:00,3.3,89,91,41.0,44.4,35.0,10.8
2009-01-27T12:00,4.1,87,95,98.0,126.9,66.0,11.6
2009-01-27T13:00,5.1,79,100,152.0,208.3,82.0,11.2
2009-01-27T14:00,5.4,77,100,112.0,28.9,101.0,10.5
2009-01-27T15:00,6.1,70,100,174.0,192.9,100.0,9.8
2009-01-27T16:00,6.1,71,100,107.0,43.6,92.0,9.4
2009-01-27T17:00,5.9,76,99,61.0,33.9,52.0,9.4
2009-01-27T18:00,5.5,80,96,39.0,39.5,33.0,7.7
2009-01-27T19:00,4.7,83,95,6.0,17.2,5.0,7.1
2009-01-27T20:00,4.1,86,73,0.0,0.0,0.0,7.0
2009-01-27T21:00,3.7,89,78,0.0,0.0,0.0,6.9
2009-01-27T22:00,3.1,91,88,0.0,0.0,0.0,6.2
2009-01-27T23:00,2.5,94,76,0.0,0.0,0.0,6.2
2009-01-28T00:00,1.7,96,89,0.0,0.0,0.0,7.9
2009-01-28T01:00,2.0,94,90,0.0,0.0,0.0,6.1
2009-01-28T02:00,1.9,95,91,0.0,0.0,0.0,5.9
2009-01-28T03:00,1.3,96,94,0.0,0.0,0.0,5.4
2009-01-28T04:00,0.5,98,94,0.0,0.0,0.0,4.0
2009-01-28T05:00,-0.1,98,93,0.0,0.0,0.0,5.0
2009-01-28T06:00,-0.2,98,88,0.0,0.0,0.0,4.3
2009-01-28T07:00,-0.3,98,92,0.0,0.0,0.0,3.6
2009-01-28T08:00,-0.7,98,94,0.0,0.0,0.0,5.4
2009-01-28T09:00,-0.4,97,96,0.0,0.0,0.0,5.5
2009-01-28T10:00,-0.2,97,100,5.0,19.1,4.0,5.4
2009-01-28T11:00,1.3,93,98,53.0,79.4,42.0,5.1
2009-01-28T12:00,2.0,89,100,106.0,117.3,76.0,6.9
2009-01-28T13:00,2.7,84,100,154.0,91.2,123.0,7.9
2009-01-28T14:00,3.2,81,100,189.0,88.3,155.0,8.0
2009-01-28T15:00,3.7,78,100,229.0,167.6,164.0,7.3
2009-01-28T16:00,3.9,76,100,189.0,120.5,147.0,6.8
2009-01-28T17:00,3.9,76,100,135.0,81.6,113.0,6.9
2009-01-28T18:00,3.6,76,100,60.0,12.8,58.0,7.2
2009-01-28T19:00,2.9,80,100,8.0,0.0,8.0,5.6
2009-01-28T20:00,2.5,82,100,0.0,0.0,0.0,5.7
2009-01-28T21:00,2.0,85,100,0.0,0.0,0.0,6.0
2009-01-28T22:00,1.6,86,100,0.0,0.0,0.0,6.0
2009-01-28T23:00,1.5,85,100,0.0,0.0,0.0,6.7
2009-01-29T00:00,1.5,83,98,0.0,0.0,0.0,8.0
2009-01-29T01:00,1.2,83,98,0.0,0.0,0.0,7.5
2009-01-29T02:00,0.7,85,97,0.0,0.0,0.0,6.3
2009-01-29T03:00,0.3,86,92,0.0,0.0,0.0,5.9
2009-01-29T04:00,0.1,86,92,0.0,0.0,0.0,5.2
2009-01-29T05:00,-0.2,87,80,0.0,0.0,0.0,6.5
2009-01-29T06:00,-0.6,88,67,0.0,0.0,0.0,8.6
2009-01-29T07:00,-1.0,89,62,0.0,0.0,0.0,9.7
2009-01-29T08:00,-1.5,91,27,0.0,0.0,0.0,9.8
2009-01-29T09:00,-1.9,95,46,0.0,0.0,0.0,10.2
2009-01-29T10:00,-1.9,95,68,8.0,38.2,6.0,10.6
2009-01-29T11:00,-1.2,93,100,74.0,183.2,48.0,12.1
2009-01-29T12:00,-0.6,90,100,116.0,96.3,91.0,10.0
2009-01-29T13:00,0.2,87,100,181.0,98.9,147.0,9.5
2009-01-29T14:00,1.2,83,100,250.0,182.5,179.0,8.8
2009-01-29T15:00,2.0,81,100,284.0,311.1,162.0,8.1
2009-01-29T16:00,2.7,77,93,286.0,442.1,130.0,10.5
2009-01-29T17:00,2.9,76,52,219.0,500.3,82.0,12.1
2009-01-29T18:00,2.1,80,36,115.0,405.0,50.0,7.1
2009-01-29T19:00,1.0,84,16,17.0,127.8,9.0,7.7
2009-01-29T20:00,-0.1,89,7,0.0,0.0,0.0,7.6
2009-01-29T21:00,-0.8,90,0,0.0,0.0,0.0,8.3
2009-01-29T22:00,-1.2,90,0,0.0,0.0,0.0,9.6
2009-01-29T23:00,-1.4,90,0,0.0,0.0,0.0,8.7
2009-01-30T00:00,-1.8,91,0,0.0,0.0,0.0,7.9
2009-01-30T01:00,-2.2,91,0,0.0,0.0,0.0,8.0
2009-01-30T02:00,-2.2,91,0,0.0,0.0,0.0,9.7
2009-01-30T03:00,-2.2,91,0,0.0,0.0,0.0,10.0
2009-01-30T04:00,-2.2,91,0,0.0,0.0,0.0,8.9
2009-01-30T05:00,-2.3,91,0,0.0,0.0,0.0,10.1
2009-01-30T06:00,-2.4,91,0,0.0,0.0,0.0,11.1
2009-01-30T07:00,-2.5,91,0,0.0,0.0,0.0,10.0
2009-01-30T08:00,-2.5,91,0,0.0,0.0,0.0,9.5
2009-01-30T09:00,-2.8,92,2,0.0,0.0,0.0,12.0
2009-01-30T10:00,-2.6,91,0,11.0,74.2,7.0,14.6
2009-01-30T11:00,-1.3,89,3,106.0,453.8,40.0,14.6
2009-01-30T12:00,0.6,83,7,228.0,626.5,63.0,16.0
2009-01-30T13:00,2.3,78,8,325.0,724.3,73.0,16.2
2009-01-30T14:00,3.6,74,46,379.0,762.7,79.0,16.3
2009-01-30T15:00,4.5,71,69,383.0,766.7,79.0,16.6
2009-01-30T16:00,5.0,70,50,337.0,736.2,74.0,17.5
2009-01-30T17:00,4.9,72,77,245.0,643.4,66.0,17.1
2009-01-30T18:00,3.8,76,81,118.0,394.5,53.0,14.5
2009-01-30T19:00,2.3,82,74,17.0,77.1,12.0,15.4
2009-01-30T20:00,1.5,85,83,0.0,0.0,0.0,16.8
2009-01-30T21:00,1.3,84,97,0.0,0.0,0.0,17.8
2009-01-30T22:00,1.3,83,100,0.0,0.0,0.0,17.9
2009-01-30T23:00,1.0,83,100,0.0,0.0,0.0,17.9
2009-01-31T00:00,0.7,83,100,0.0,0.0,0.0,16.8
2009-01-31T01:00,0.5,83,100,0.0,0.0,0.0,17.5
2009-01-31T02:00,0.4,81,100,0.0,0.0,0.0,18.2
2009-01-31T03:00,0.3,80,100,0.0,0.0,0.0,18.5
2009-01-31T04:00,0.1,79,100,0.0,0.0,0.0,18.7
2009-01-31T05:00,-0.1,78,100,0.0,0.0,0.0,19.1
2009-01-31T06:00,-0.3,77,93,0.0,0.0,0.0,18.4
2009-01-31T07:00,-0.6,77,97,0.0,0.0,0.0,17.8
2009-01-31T08:00,-0.9,77,96,0.0,0.0,0.0,17.7
2009-01-31T09:00,-1.0,84,95,0.0,0.0,0.0,17.7
2009-01-31T10:00,-0.9,83,97,11.0,71.7,7.0,17.7
2009-01-31T11:00,0.3,79,99,106.0,389.1,48.0,17.7
2009-01-31T12:00,1.9,73,98,222.0,516.4,84.0,19.1
2009-01-31T13:00,3.6,68,100,318.0,630.6,96.0,18.9
2009-01-31T14:00,4.9,64,99,372.0,671.5,105.0,18.7
2009-01-31T15:00,5.8,62,100,376.0,686.0,101.0,18.8
2009-01-31T16:00,6.0,61,95,322.0,600.0,105.0,18.7
2009-01-31T17:00,5.7,62,50,242.0,580.3,78.0,18.0
2009-01-31T18:00,4.4,64,59,130.0,496.8,46.0,17.7
2009-01-31T19:00,2.7,67,58,21.0,149.1,11.0,18.4
2009-01-31T20:00,1.5,69,72,0.0,0.0,0.0,19.4
2009-01-31T21:00,-0.0,74,62,0.0,0.0,0.0,19.1
2009-01-31T22:00,-0.6,75,45,0.0,0.0,0.0,18.7
2009-01-31T23:00,-1.2,75,28,0.0,0.0,0.0,18.4
2009-02-01T00:00,-1.6,76,15,0.0,0.0,0.0,17.4
2009-02-01T01:00,-2.0,76,17,0.0,0.0,0.0,16.8
2009-02-01T02:00,-2.3,76,5,0.0,0.0,0.0,16.9
2009-02-01T03:00,-2.5,75,1,0.0,0.0,0.0,17.0
2009-02-01T04:00,-2.7,75,1,0.0,0.0,0.0,16.4
2009-02-01T05:00,-2.9,75,1,0.0,0.0,0.0,16.3
2009-02-01T06:00,-3.0,74,1,0.0,0.0,0.0,16.7
2009-02-01T07:00,-3.0,74,1,0.0,0.0,0.0,17.2
2009-02-01T08:00,-3.0,74,3,0.0,0.0,0.0,17.4
2009-02-01T09:00,-3.0,77,1,0.0,0.0,0.0,17.6
2009-02-01T10:00,-2.8,76,0,13.0,104.1,7.0,18.5
2009-02-01T11:00,-1.7,74,1,117.0,490.8,42.0,18.8
2009-02-01T12:00,-0.4,70,32,244.0,667.3,63.0,25.9
2009-02-01T13:00,1.0,61,69,341.0,746.7,75.0,23.1
2009-02-01T14:00,1.5,62,96,362.0,584.6,127.0,21.6
2009-02-01T15:00,2.0,60,100,373.0,634.0,116.0,21.6
2009-02-01T16:00,1.9,59,96,254.0,237.6,167.0,22.1
2009-02-01T17:00,1.5,59,100,150.0,121.9,115.0,21.6
2009-02-01T18:00,1.2,60,91,83.0,69.2,71.0,18.5
2009-02-01T19:00,0.5,60,76,14.0,57.7,10.0,16.9
2009-02-01T20:00,-0.0,61,75,0.0,0.0,0.0,16.1
2009-02-01T21:00,-0.6,63,76,0.0,0.0,0.0,15.3
2009-02-01T22:00,-0.6,62,94,0.0,0.0,0.0,14.8
2009-02-01T23:00,-0.5,61,87,0.0,0.0,0.0,15.3
2009-02-02T00:00,-0.5,61,92,0.0,0.0,0.0,15.6
2009-02-02T01:00,-0.9,63,85,0.0,0.0,0.0,15.8
2009-02-02T02:00,-1.0,65,97,0.0,0.0,0.0,15.8
2009-02-02T03:00,-1.0,66,97,0.0,0.0,0.0,14.0
2009-02-02T04:00,-1.1,69,95,0.0,0.0,0.0,13.7
2009-02-02T05:00,-1.3,74,99,0.0,0.0,0.0,13.2
2009-02-02T06:00,-1.4,79,99,0.0,0.0,0.0,12.5
2009-02-02T07:00,-1.4,84,100,0.0,0.0,0.0,11.7
2009-02-02T08:00,-1.3,89,100,0.0,0.0,0.0,10.2
2009-02-02T09:00,-1.0,93,100,0.0,0.0,0.0,8.9
2009-02-02T10:00,-0.4,95,100,3.0,0.0,3.0,7.8
2009-02-02T11:00,0.6,95,100,18.0,0.0,18.0,7.3
2009-02-02T12:00,1.8,93,100,39.0,0.0,39.0,8.9
2009-02-02T13:00,3.2,90,100,67.0,0.0,67.0,12.8
2009-02-02T14:00,4.0,89,100,71.0,0.0,71.0,12.8
2009-02-02T15:00,4.7,88,100,97.0,0.0,97.0,12.0
2009-02-02T16:00,5.0,89,100,98.0,2.7,97.0,10.8
2009-02-02T17:00,5.0,90,100,61.0,0.0,61.0,8.7
2009-02-02T18:00,4.9,91,100,27.0,0.0,27.0,7.2
2009-02-02T19:00,4.7,93,100,5.0,0.0,5.0,6.5
2009-02-02T20:00,4.0,96,100,0.0,0.0,0.0,9.7
2009-02-02T21:00,2.3,98,100,0.0,0.0,0.0,12.5
2009-02-02T22:00,0.8,96,99,0.0,0.0,0.0,13.1
2009-02-02T23:00,-0.3,93,90,0.0,0.0,0.0,11.1
2009-02-03T00:00,-1.3,93,56,0.0,0.0,0.0,11.4
2009-02-03T01:00,-2.0,94,57,0.0,0.0,0.0,9.9
2009-02-03T02:00,-2.6,94,72,0.0,0.0,0.0,9.0
2009-02-03T03:00,-2.8,94,59,0.0,0.0,0.0,8.2
2009-02-03T04:00,-3.0,93,61,0.0,0.0,0.0,7.4
2009-02-03T05:00,-3.6,93,91,0.0,0.0,0.0,7.4
2009-02-03T06:00,-3.9,93,88,0.0,0.0,0.0,7.7
2009-02-03T07:00,-4.0,93,82,0.0,0.0,0.0,7.8
2009-02-03T08:00,-4.3,93,50,0.0,0.0,0.0,7.5
2009-02-03T09:00,-4.2,93,59,0.0,0.0,0.0,6.7
2009-02-03T10:00,-4.0,93,72,13.0,81.1,8.0,6.7
2009-02-03T11:00,-2.8,91,80,96.0,317.4,45.0,6.1
2009-02-03T12:00,-1.0,87,78,195.0,361.2,94.0,6.1
2009-02-03T13:00,0.4,81,68,301.0,501.4,118.0,6.6
2009-02-03T14:00,1.5,73,72,363.0,593.6,119.0,5.8
2009-02-03T15:00,2.3,65,74,371.0,636.8,107.0,5.6
2009-02-03T16:00,2.7,58,55,331.0,562.0,120.0,5.7
2009-02-03T17:00,2.6,56,44,250.0,540.1,90.0,6.2
2009-02-03T18:00,2.1,61,10,142.0,487.9,53.0,4.7
2009-02-03T19:00,0.5,68,0,28.0,189.3,14.0,9.0
2009-02-03T20:00,-1.9,79,0,0.0,0.0,0.0,8.7
2009-02-03T21:00,-3.5,85,0,0.0,0.0,0.0,8.8
2009-02-03T22:00,-4.1,85,0,0.0,0.0,0.0,9.3
2009-02-03T23:00,-4.2,85,4,0.0,0.0,0.0,9.4
2009-02-04T00:00,-4.4,86,70,0.0,0.0,0.0,9.3
2009-02-04T01:00,-4.6,87,93,0.0,0.0,0.0,8.8
2009-02-04T02:00,-4.6,88,94,0.0,0.0,0.0,7.3
2009-02-04T03:00,-4.4,88,94,0.0,0.0,0.0,6.2
2009-02-04T04:00,-4.2,88,82,0.0,0.0,0.0,6.1
2009-02-04T05:00,-4.5,88,71,0.0,0.0,0.0,6.6
2009-02-04T06:00,-4.8,89,19,0.0,0.0,0.0,8.2
2009-02-04T07:00,-4.3,89,57,0.0,0.0,0.0,7.3
2009-02-04T08:00,-4.1,90,97,0.0,0.0,0.0,6.6
2009-02-04T09:00,-3.9,93,98,0.0,0.0,0.0,7.8
2009-02-04T10:00,-3.2,95,100,13.0,15.7,12.0,8.9
2009-02-04T11:00,-2.0,93,100,80.0,72.8,68.0,10.0
2009-02-04T12:00,-0.5,87,100,132.0,56.3,116.0,11.3
2009-02-04T13:00,0.7,82,99,202.0,89.3,169.0,12.5
2009-02-04T14:00,1.9,76,100,228.0,98.6,187.0,13.1
2009-02-04T15:00,3.1,74,97,284.0,269.5,171.0,13.9
2009-02-04T16:00,3.7,75,99,196.0,99.9,158.0,14.5
2009-02-04T17:00,3.6,79,95,104.0,46.5,90.0,11.9
2009-02-04T18:00,3.2,83,81,84.0,165.8,53.0,10.7
2009-02-04T19:00,2.5,88,39,21.0,144.2,10.0,10.8
2009-02-04T20:00,1.6,91,18,0.0,0.0,0.0,11.4
2009-02-04T21:00,1.6,92,91,0.0,0.0,0.0,12.2
2009-02-04T22:00,1.5,91,99,0.0,0.0,0.0,12.5
2009-02-04T23:00,1.7,91,99,0.0,0.0,0.0,13.5
2009-02-05T00:00,2.0,90,99,0.0,0.0,0.0,14.6
2009-02-05T01:00,2.1,90,97,0.0,0.0,0.0,15.1
2009-02-05T02:00,2.4,90,99,0.0,0.0,0.0,14.6
2009-02-05T03:00,2.9,89,99,0.0,0.0,0.0,13.4
2009-02-05T04:00,3.4,89,100,0.0,0.0,0.0,14.5
2009-02-05T05:00,3.6,88,100,0.0,0.0,0.0,17.7
2009-02-05T06:00,4.2,87,100,0.0,0.0,0.0,18.4
2009-02-05T07:00,4.2,88,96,0.0,0.0,0.0,18.4
2009-02-05T08:00,4.0,89,82,0.0,0.0,0.0,18.3
2009-02-05T09:00,3.7,89,93,0.0,0.0,0.0,18.8
2009-02-05T10:00,3.8,89,93,14.0,60.7,10.0,19.1
2009-02-05T11:00,4.9,88,86,85.0,153.8,59.0,19.6
2009-02-05T12:00,6.3,87,83,183.0,232.3,116.0,17.4
2009-02-05T13:00,7.3,84,88,222.0,155.0,164.0,20.3
2009-02-05T14:00,8.1,80,99,246.0,157.0,180.0,26.9
2009-02-05T15:00,8.6,77,99,224.0,257.0,115.0,22.9
2009-02-05T16:00,8.5,77,95,105.0,13.0,100.0,21.3
2009-02-05T17:00,8.5,77,98,90.0,13.1,86.0,17.8
2009-02-05T18:00,7.9,80,98,95.0,281.8,41.0,11.0
2009-02-05T19:00,6.7,85,75,25.0,152.5,13.0,8.7
2009-02-05T20:00,5.5,89,60,0.0,0.0,0.0,10.2
2009-02-05T21:00,4.8,89,49,0.0,0.0,0.0,10.4
2009-02-05T22:00,4.1,90,74,0.0,0.0,0.0,10.0
2009-02-05T23:00,3.6,91,83,0.0,0.0,0.0,10.1
2009-02-06T00:00,3.1,92,71,0.0,0.0,0.0,8.9
2009-02-06T01:00,2.9,91,18,0.0,0.0,0.0,10.3
2009-02-06T02:00,2.5,91,5,0.0,0.0,0.0,11.1
2009-02-06T03:00,2.3,91,22,0.0,0.0,0.0,11.4
2009-02-06T04:00,2.0,90,62,0.0,0.0,0.0,12.3
2009-02-06T05:00,1.9,90,50,0.0,0.0,0.0,12.7
2009-02-06T06:00,1.9,89,26,0.0,0.0,0.0,12.9
2009-02-06T07:00,1.8,89,25,0.0,0.0,0.0,12.8
2009-02-06T08:00,1.8,89,33,0.0,0.0,0.0,12.8
2009-02-06T09:00,1.4,89,40,0.0,0.0,0.0,12.6
2009-02-06T10:00,1.6,89,34,20.0,132.2,11.0,13.6
2009-02-06T11:00,3.3,88,2,128.0,461.5,48.0,14.6
2009-02-06T12:00,5.6,82,3,255.0,645.2,66.0,12.9
2009-02-06T13:00,7.4,78,8,352.0,712.6,82.0,14.1
2009-02-06T14:00,8.6,73,30,381.0,667.8,97.0,16.3
2009-02-06T15:00,9.4,65,41,345.0,508.1,127.0,17.2
2009-02-06T16:00,9.7,62,39,229.0,223.1,142.0,16.5
2009-02-06T17:00,9.2,66,64,112.0,96.6,82.0,13.2
2009-02-06T18:00,8.6,71,46,79.0,188.5,42.0,9.0
2009-02-06T19:00,6.9,78,74,19.0,86.3,12.0,7.2
2009-02-06T20:00,5.4,85,93,0.0,0.0,0.0,7.2
2009-02-06T21:00,5.0,87,97,0.0,0.0,0.0,7.8
2009-02-06T22:00,3.8,92,98,0.0,0.0,0.0,8.7
2009-02-06T23:00,2.8,93,98,0.0,0.0,0.0,7.3
2009-02-07T00:00,1.6,95,98,0.0,0.0,0.0,7.9
2009-02-07T01:00,0.7,96,93,0.0,0.0,0.0,7.8
2009-02-07T02:00,-0.0,97,87,0.0,0.0,0.0,8.2
2009-02-07T03:00,-0.3,97,96,0.0,0.0,0.0,7.7
2009-02-07T04:00,-0.6,97,100,0.0,0.0,0.0,6.6
2009-02-07T05:00,-1.1,97,100,0.0,0.0,0.0,7.1
2009-02-07T06:00,-1.4,97,94,0.0,0.0,0.0,6.6
2009-02-07T07:00,-1.2,97,69,0.0,0.0,0.0,7.6
2009-02-07T08:00,-0.8,97,62,0.0,0.0,0.0,8.4
2009-02-07T09:00,-0.4,97,56,0.0,0.0,0.0,8.6
2009-02-07T10:00,0.5,97,77,16.0,85.3,10.0,11.4
2009-02-07T11:00,1.5,96,100,66.0,112.5,46.0,14.8
2009-02-07T12:00,2.1,95,90,100.0,50.4,85.0,18.5
2009-02-07T13:00,2.4,95,92,121.0,62.6,97.0,22.2
2009-02-07T14:00,2.1,97,97,96.0,11.6,91.0,23.3
2009-02-07T15:00,2.1,96,100,93.0,11.5,88.0,22.2
2009-02-07T16:00,1.7,95,99,76.0,0.0,76.0,23.0
2009-02-07T17:00,1.5,92,98,68.0,3.2,67.0,21.0
2009-02-07T18:00,1.3,85,95,42.0,0.0,42.0,19.6
2009-02-07T19:00,1.4,82,100,15.0,12.0,14.0,18.4
2009-02-07T20:00,1.2,83,100,0.0,0.0,0.0,15.9
2009-02-07T21:00,0.9,83,98,0.0,0.0,0.0,13.8
2009-02-07T22:00,0.3,86,79,0.0,0.0,0.0,11.7
2009-02-07T23:00,-0.5,89,23,0.0,0.0,0.0,10.1
2009-02-08T00:00,-1.4,90,11,0.0,0.0,0.0,9.2
2009-02-08T01:00,-1.9,90,30,0.0,0.0,0.0,9.5
2009-02-08T02:00,-1.8,90,54,0.0,0.0,0.0,9.7
2009-02-08T03:00,-1.4,91,87,0.0,0.0,0.0,10.2
2009-02-08T04:00,-0.9,90,86,0.0,0.0,0.0,9.1
2009-02-08T05:00,-0.6,89,87,0.0,0.0,0.0,7.6
2009-02-08T06:00,-0.7,89,96,0.0,0.0,0.0,8.6
2009-02-08T07:00,-0.7,89,98,0.0,0.0,0.0,9.0
2009-02-08T08:00,-0.8,90,98,0.0,0.0,0.0,9.4
2009-02-08T09:00,0.2,91,99,0.0,0.0,0.0,9.5
2009-02-08T10:00,0.6,90,100,11.0,55.1,7.0,10.3
2009-02-08T11:00,1.4,88,100,43.0,5.5,42.0,9.8
2009-02-08T12:00,2.4,83,100,126.0,33.1,116.0,10.2
2009-02-08T13:00,3.4,76,99,208.0,59.2,185.0,12.5
2009-02-08T14:00,4.1,65,98,285.0,183.8,205.0,15.3
2009-02-08T15:00,4.5,58,94,252.0,132.1,194.0,16.3
2009-02-08T16:00,4.9,54,95,229.0,132.6,176.0,16.8
2009-02-08T17:00,4.7,55,90,159.0,99.9,127.0,16.0
2009-02-08T18:00,4.2,59,88,87.0,87.5,69.0,14.6
2009-02-08T19:00,3.3,64,69,28.0,104.7,19.0,12.6
2009-02-08T20:00,2.4,69,48,0.0,0.0,0.0,11.6
2009-02-08T21:00,1.9,78,68,0.0,0.0,0.0,13.2
2009-02-08T22:00,1.3,82,94,0.0,0.0,0.0,13.7
2009-02-08T23:00,1.1,85,99,0.0,0.0,0.0,15.9
2009-02-09T00:00,1.0,88,85,0.0,0.0,0.0,15.9
2009-02-09T01:00,0.7,90,86,0.0,0.0,0.0,17.1
2009-02-09T02:00,0.8,92,100,0.0,0.0,0.0,18.1
2009-02-09T03:00,1.0,94,100,0.0,0.0,0.0,17.9
2009-02-09T04:00,1.5,94,100,0.0,0.0,0.0,15.7
2009-02-09T05:00,2.0,95,100,0.0,0.0,0.0,14.2
2009-02-09T06:00,2.4,95,100,0.0,0.0,0.0,13.8
2009-02-09T07:00,2.7,96,100,0.0,0.0,0.0,13.6
2009-02-09T08:00,2.8,96,100,0.0,0.0,0.0,12.9
2009-02-09T09:00,3.1,96,100,0.0,0.0,0.0,11.7
2009-02-09T10:00,3.2,96,100,10.0,0.0,10.0,11.6
2009-02-09T11:00,3.9,95,100,63.0,5.4,62.0,13.5
2009-02-09T12:00,4.9,87,100,109.0,32.6,99.0,18.2
2009-02-09T13:00,5.4,83,100,130.0,7.6,127.0,19.4
2009-02-09T14:00,4.9,87,100,90.0,0.0,90.0,23.1
2009-02-09T15:00,4.3,90,100,76.0,0.0,76.0,25.2
2009-02-09T16:00,4.3,92,100,28.0,0.0,28.0,26.0
2009-02-09T17:00,5.3,93,100,12.0,0.0,12.0,25.6
2009-02-09T18:00,7.0,95,100,10.0,0.0,10.0,25.7
2009-02-09T19:00,9.0,93,100,5.0,0.0,5.0,27.7
2009-02-09T20:00,10.0,91,100,0.0,0.0,0.0,29.4
2009-02-09T21:00,10.0,92,100,0.0,0.0,0.0,30.5
2009-02-09T22:00,10.2,86,100,0.0,0.0,0.0,33.5
2009-02-09T23:00,10.3,82,98,0.0,0.0,0.0,34.1
2009-02-10T00:00,10.2,80,66,0.0,0.0,0.0,36.6
2009-02-10T01:00,10.1,79,28,0.0,0.0,0.0,39.1
2009-02-10T02:00,10.1,77,56,0.0,0.0,0.0,42.1
2009-02-10T03:00,9.5,79,84,0.0,0.0,0.0,43.0
2009-02-10T04:00,9.1,82,100,0.0,0.0,0.0,41.2
2009-02-10T05:00,8.7,86,100,0.0,0.0,0.0,39.0
2009-02-10T06:00,8.8,88,100,0.0,0.0,0.0,36.5
2009-02-10T07:00,6.9,91,100,0.0,0.0,0.0,44.7
2009-02-10T08:00,4.2,85,100,0.0,0.0,0.0,44.6
2009-02-10T09:00,4.4,84,100,0.0,0.0,0.0,42.8
2009-02-10T10:00,4.8,82,100,6.0,0.0,6.0,40.4
2009-02-10T11:00,5.0,81,100,35.0,0.0,35.0,37.3
2009-02-10T12:00,5.3,80,100,123.0,22.4,116.0,29.7
2009-02-10T13:00,5.6,80,100,218.0,115.4,172.0,28.8
2009-02-10T14:00,6.2,79,100,311.0,249.3,200.0,29.8
2009-02-10T15:00,5.2,81,99,245.0,118.0,192.0,27.0
2009-02-10T16:00,5.0,87,98,192.0,190.3,114.0,27.8
2009-02-10T17:00,5.1,88,77,170.0,181.8,110.0,24.6
2009-02-10T18:00,4.2,85,53,135.0,302.0,70.0,26.0
2009-02-10T19:00,3.9,82,21,42.0,242.1,20.0,22.1
2009-02-10T20:00,3.3,80,11,0.0,0.0,0.0,18.8
2009-02-10T21:00,2.8,81,29,0.0,0.0,0.0,17.9
2009-02-10T22:00,2.3,81,32,0.0,0.0,0.0,17.4
2009-02-10T23:00,1.8,83,44,0.0,0.0,0.0,16.5
2009-02-11T00:00,1.4,85,43,0.0,0.0,0.0,17.1
2009-02-11T01:00,0.9,87,45,0.0,0.0,0.0,15.4
2009-02-11T02:00,0.5,89,35,0.0,0.0,0.0,13.0
2009-02-11T03:00,0.2,91,39,0.0,0.0,0.0,11.3
2009-02-11T04:00,-0.1,92,35,0.0,0.0,0.0,9.5
2009-02-11T05:00,-0.3,93,12,0.0,0.0,0.0,8.8
2009-02-11T06:00,-0.8,94,24,0.0,0.0,0.0,8.5
2009-02-11T07:00,-1.2,95,32,0.0,0.0,0.0,8.0
2009-02-11T08:00,-1.8,95,40,0.0,0.0,0.0,7.6
2009-02-11T09:00,-1.5,97,44,0.0,0.0,0.0,6.8
2009-02-11T10:00,-0.9,97,55,23.0,125.3,13.0,8.5
2009-02-11T11:00,1.8,94,59,109.0,224.1,65.0,8.0
2009-02-11T12:00,3.2,84,66,188.0,340.8,80.0,10.0
2009-02-11T13:00,4.5,73,77,331.0,550.1,109.0,9.8
2009-02-11T14:00,5.3,67,75,258.0,131.0,199.0,10.6
2009-02-11T15:00,5.7,64,73,213.0,57.2,187.0,12.9
2009-02-11T16:00,5.7,66,81,169.0,98.8,128.0,14.9
2009-02-11T17:00,6.0,63,68,186.0,289.5,89.0,12.4
2009-02-11T18:00,5.7,65,49,93.0,122.7,66.0,9.8
2009-02-11T19:00,4.7,69,58,30.0,117.8,19.0,7.4
2009-02-11T20:00,3.4,75,75,0.0,0.0,0.0,8.3
2009-02-11T21:00,2.9,82,51,0.0,0.0,0.0,10.4
2009-02-11T22:00,2.4,85,39,0.0,0.0,0.0,12.4
2009-02-11T23:00,2.1,89,63,0.0,0.0,0.0,13.6
2009-02-12T00:00,2.0,92,53,0.0,0.0,0.0,16.0
2009-02-12T01:00,2.1,91,77,0.0,0.0,0.0,16.1
2009-02-12T02:00,1.8,92,98,0.0,0.0,0.0,16.8
2009-02-12T03:00,1.4,96,100,0.0,0.0,0.0,17.1
2009-02-12T04:00,1.3,97,95,0.0,0.0,0.0,16.2
2009-02-12T05:00,1.4,95,83,0.0,0.0,0.0,15.9
2009-02-12T06:00,1.0,93,59,0.0,0.0,0.0,15.8
2009-02-12T07:00,0.6,92,31,0.0,0.0,0.0,15.1
2009-02-12T08:00,0.2,91,25,0.0,0.0,0.0,14.2
2009-02-12T09:00,-0.5,92,38,0.0,0.0,0.0,13.2
2009-02-12T10:00,-0.3,93,36,29.0,170.1,15.0,13.3
2009-02-12T11:00,0.9,86,41,140.0,397.6,60.0,15.6
2009-02-12T12:00,2.0,83,66,245.0,441.1,103.0,14.5
2009-02-12T13:00,3.0,73,71,266.0,264.2,158.0,12.4
2009-02-12T14:00,3.8,63,84,352.0,478.4,134.0,12.2
2009-02-12T15:00,4.5,56,71,382.0,587.6,112.0,13.1
2009-02-12T16:00,4.8,55,95,342.0,535.6,117.0,14.9
2009-02-12T17:00,4.7,55,76,238.0,397.0,103.0,15.3
2009-02-12T18:00,4.1,61,70,133.0,249.0,77.0,13.8
2009-02-12T19:00,3.3,64,99,41.0,146.1,27.0,10.9
2009-02-12T20:00,2.2,70,99,0.0,0.0,0.0,10.0
2009-02-12T21:00,1.8,75,100,0.0,0.0,0.0,8.9
2009-02-12T22:00,1.0,79,100,0.0,0.0,0.0,8.9
2009-02-12T23:00,0.3,83,98,0.0,0.0,0.0,8.2
2009-02-13T00:00,0.2,85,100,0.0,0.0,0.0,8.3
2009-02-13T01:00,0.0,87,100,0.0,0.0,0.0,8.6
2009-02-13T02:00,0.0,89,100,0.0,0.0,0.0,8.6
2009-02-13T03:00,0.1,91,99,0.0,0.0,0.0,7.9
2009-02-13T04:00,0.2,92,100,0.0,0.0,0.0,8.2
2009-02-13T05:00,0.2,94,99,0.0,0.0,0.0,9.2
2009-02-13T06:00,0.3,93,100,0.0,0.0,0.0,10.7
2009-02-13T07:00,0.3,90,100,0.0,0.0,0.0,13.5
2009-02-13T08:00,0.4,88,100,0.0,0.0,0.0,15.7
2009-02-13T09:00,0.4,92,100,0.0,0.0,0.0,16.5
2009-02-13T10:00,0.5,92,100,6.0,0.0,6.0,16.0
2009-02-13T11:00,1.0,90,99,34.0,4.9,33.0,14.9
2009-02-13T12:00,1.5,91,100,53.0,0.0,53.0,8.7
2009-02-13T13:00,2.4,91,100,107.0,2.4,106.0,4.1
2009-02-13T14:00,3.3,89,100,126.0,6.5,123.0,4.6
2009-02-13T15:00,4.0,85,97,143.0,4.3,141.0,8.8
2009-02-13T16:00,4.2,82,100,120.0,9.4,116.0,11.9
2009-02-13T17:00,4.2,81,100,95.0,14.5,90.0,12.3
2009-02-13T18:00,3.8,83,94,50.0,0.0,50.0,10.6
2009-02-13T19:00,3.3,85,86,22.0,61.0,16.0,10.7
2009-02-13T20:00,2.6,88,83,0.0,0.0,0.0,10.9
2009-02-13T21:00,1.6,92,80,0.0,0.0,0.0,10.5
2009-02-13T22:00,1.3,93,71,0.0,0.0,0.0,10.6
2009-02-13T23:00,0.8,95,85,0.0,0.0,0.0,12.1
2009-02-14T00:00,0.7,94,98,0.0,0.0,0.0,12.6
2009-02-14T01:00,0.8,94,97,0.0,0.0,0.0,13.0
2009-02-14T02:00,0.6,93,69,0.0,0.0,0.0,13.0
2009-02-14T03:00,0.0,94,38,0.0,0.0,0.0,11.5
2009-02-14T04:00,-0.9,95,65,0.0,0.0,0.0,10.1
2009-02-14T05:00,-1.5,94,57,0.0,0.0,0.0,9.6
2009-02-14T06:00,-1.9,94,63,0.0,0.0,0.0,9.7
2009-02-14T07:00,-1.9,93,66,0.0,0.0,0.0,10.4
2009-02-14T08:00,-1.6,92,65,0.0,0.0,0.0,10.2
2009-02-14T09:00,-1.4,95,73,0.0,0.0,0.0,10.1
2009-02-14T10:00,-0.6,93,73,32.0,183.1,16.0,11.5
2009-02-14T11:00,0.3,84,70,134.0,336.4,63.0,14.8
2009-02-14T12:00,1.0,78,93,210.0,252.9,126.0,14.2
2009-02-14T13:00,1.5,74,78,245.0,150.3,182.0,12.8
2009-02-14T14:00,2.1,71,70,327.0,306.8,184.0,11.6
2009-02-14T15:00,2.7,68,62,375.0,472.4,153.0,10.6
2009-02-14T16:00,2.9,65,58,326.0,360.1,171.0,9.8
2009-02-14T17:00,2.8,64,56,232.0,314.2,122.0,9.6
2009-02-14T18:00,2.5,63,37,139.0,243.0,82.0,8.3
2009-02-14T19:00,1.7,68,32,44.0,158.7,28.0,6.5
2009-02-14T20:00,1.1,71,22,0.0,0.0,0.0,8.1
2009-02-14T21:00,0.2,81,25,0.0,0.0,0.0,8.9
2009-02-14T22:00,-1.4,85,52,0.0,0.0,0.0,8.9
2009-02-14T23:00,-2.4,86,62,0.0,0.0,0.0,9.0
2009-02-15T00:00,-2.8,86,82,0.0,0.0,0.0,8.4
2009-02-15T01:00,-2.9,86,87,0.0,0.0,0.0,7.4
2009-02-15T02:00,-2.7,86,91,0.0,0.0,0.0,6.4
2009-02-15T03:00,-2.5,86,98,0.0,0.0,0.0,5.5
2009-02-15T04:00,-1.6,84,99,0.0,0.0,0.0,3.6
2009-02-15T05:00,-1.8,85,98,0.0,0.0,0.0,3.1
2009-02-15T06:00,-1.8,85,99,0.0,0.0,0.0,3.5
2009-02-15T07:00,-2.0,86,99,0.0,0.0,0.0,4.3
2009-02-15T08:00,-2.1,87,99,0.0,0.0,0.0,4.0
2009-02-15T09:00,-2.1,92,94,0.0,0.0,0.0,3.7
2009-02-15T10:00,-1.9,92,93,33.0,77.8,26.0,2.1
2009-02-15T11:00,-0.5,88,89,113.0,101.8,91.0,1.8
2009-02-15T12:00,1.4,80,95,245.0,346.9,128.0,2.1
2009-02-15T13:00,2.9,72,97,355.0,516.1,136.0,3.1
2009-02-15T14:00,4.0,65,99,452.0,723.4,111.0,3.3
2009-02-15T15:00,4.5,60,100,463.0,772.3,96.0,3.6
2009-02-15T16:00,4.7,58,89,406.0,688.8,106.0,3.5
2009-02-15T17:00,4.6,57,86,305.0,588.5,96.0,4.8
2009-02-15T18:00,4.0,63,97,167.0,321.6,90.0,3.9
2009-02-15T19:00,2.9,67,98,48.0,67.7,41.0,8.0
2009-02-15T20:00,1.6,74,99,0.0,0.0,0.0,8.8
2009-02-15T21:00,0.8,76,94,0.0,0.0,0.0,6.9
2009-02-15T22:00,0.1,80,83,0.0,0.0,0.0,6.5
2009-02-15T23:00,-0.2,82,100,0.0,0.0,0.0,6.8
2009-02-16T00:00,0.2,81,99,0.0,0.0,0.0,8.0
2009-02-16T01:00,0.8,80,100,0.0,0.0,0.0,9.2
2009-02-16T02:00,1.1,82,100,0.0,0.0,0.0,10.2
2009-02-16T03:00,1.5,83,100,0.0,0.0,0.0,11.7
2009-02-16T04:00,1.9,85,100,0.0,0.0,0.0,12.5
2009-02-16T05:00,2.3,89,100,0.0,0.0,0.0,12.6
2009-02-16T06:00,2.7,92,100,0.0,0.0,0.0,12.4
2009-02-16T07:00,3.1,94,100,0.0,0.0,0.0,12.1
2009-02-16T08:00,3.3,96,100,0.0,0.0,0.0,10.9
2009-02-16T09:00,3.6,97,100,0.0,0.0,0.0,10.4
2009-02-16T10:00,4.1,97,100,11.0,0.0,11.0,11.3
2009-02-16T11:00,4.7,97,100,32.0,4.5,31.0,11.6
2009-02-16T12:00,5.4,94,100,57.0,0.0,57.0,10.2
2009-02-16T13:00,6.4,89,100,114.0,4.7,112.0,11.6
2009-02-16T14:00,8.0,73,100,233.0,199.3,138.0,12.4
2009-02-16T15:00,8.4,70,100,190.0,116.5,134.0,11.7
2009-02-16T16:00,8.6,71,100,156.0,108.9,108.0,11.0
2009-02-16T17:00,8.5,73,100,115.0,66.6,91.0,8.7
2009-02-16T18:00,8.3,74,100,81.0,57.3,67.0,6.9
2009-02-16T19:00,7.5,77,100,27.0,37.8,23.0,5.6
2009-02-16T20:00,6.7,80,100,0.0,0.0,0.0,6.6
2009-02-16T21:00,6.0,85,99,0.0,0.0,0.0,7.8
2009-02-16T22:00,5.8,87,100,0.0,0.0,0.0,9.5
2009-02-16T23:00,5.3,91,100,0.0,0.0,0.0,10.6
2009-02-17T00:00,5.0,94,100,0.0,0.0,0.0,11.5
2009-02-17T01:00,5.0,95,100,0.0,0.0,0.0,12.5
2009-02-17T02:00,5.1,95,100,0.0,0.0,0.0,13.1
2009-02-17T03:00,5.2,95,100,0.0,0.0,0.0,14.0
2009-02-17T04:00,5.1,96,100,0.0,0.0,0.0,14.3
2009-02-17T05:00,5.0,95,100,0.0,0.0,0.0,14.8
2009-02-17T06:00,4.8,95,97,0.0,0.0,0.0,14.8
2009-02-17T07:00,4.8,95,100,0.0,0.0,0.0,15.4
2009-02-17T08:00,4.7,95,100,0.0,0.0,0.0,16.1
2009-02-17T09:00,4.5,95,100,0.0,0.0,0.0,15.9
2009-02-17T10:00,5.0,95,100,8.0,0.0,8.0,16.3
2009-02-17T11:00,5.5,93,100,24.0,0.0,24.0,16.8
2009-02-17T12:00,6.3,90,100,63.0,0.0,63.0,15.0
2009-02-17T13:00,7.2,86,99,96.0,2.3,95.0,19.7
2009-02-17T14:00,7.7,84,100,97.0,0.0,97.0,23.5
2009-02-17T15:00,8.1,83,100,106.0,10.3,101.0,21.2
2009-02-17T16:00,8.2,83,100,78.0,2.2,77.0,20.4
2009-02-17T17:00,8.2,84,100,53.0,0.0,53.0,19.1
2009-02-17T18:00,8.0,85,100,38.0,0.0,38.0,18.7
2009-02-17T19:00,7.7,87,100,10.0,0.0,10.0,18.4
2009-02-17T20:00,7.6,88,100,0.0,0.0,0.0,18.0
2009-02-17T21:00,7.4,90,100,0.0,0.0,0.0,17.1
2009-02-17T22:00,7.3,91,100,0.0,0.0,0.0,16.4
2009-02-17T23:00,7.3,92,100,0.0,0.0,0.0,15.8
2009-02-18T00:00,7.2,94,100,0.0,0.0,0.0,14.8
2009-02-18T01:00,7.0,95,100,0.0,0.0,0.0,14.3
2009-02-18T02:00,6.8,96,100,0.0,0.0,0.0,13.5
2009-02-18T03:00,6.5,97,100,0.0,0.0,0.0,13.1
2009-02-18T04:00,6.2,97,100,0.0,0.0,0.0,13.0
2009-02-18T05:00,5.9,97,100,0.0,0.0,0.0,12.2
2009-02-18T06:00,5.6,98,100,0.0,0.0,0.0,11.2
2009-02-18T07:00,5.4,98,100,0.0,0.0,0.0,10.8
2009-02-18T08:00,5.2,98,100,0.0,0.0,0.0,10.8
2009-02-18T09:00,5.4,94,100,0.0,0.0,0.0,9.9
2009-02-18T10:00,5.3,92,100,8.0,0.0,8.0,8.9
2009-02-18T11:00,5.0,88,100,16.0,0.0,16.0,10.0
2009-02-18T12:00,4.9,85,100,57.0,2.8,56.0,9.7
2009-02-18T13:00,4.9,82,100,93.0,4.5,91.0,9.2
2009-02-18T14:00,5.0,80,100,119.0,12.3,113.0,8.9
2009-02-18T15:00,5.0,77,100,134.0,22.4,123.0,8.2
2009-02-18T16:00,5.3,74,100,167.0,88.7,127.0,7.7
2009-02-18T17:00,5.2,72,100,120.0,72.9,93.0,8.1
2009-02-18T18:00,5.0,72,100,80.0,47.3,68.0,8.2
2009-02-18T19:00,4.5,73,100,34.0,36.1,30.0,7.4
2009-02-18T20:00,3.6,76,99,1.0,0.0,1.0,6.9
2009-02-18T21:00,3.6,80,100,0.0,0.0,0.0,7.3
2009-02-18T22:00,3.1,79,98,0.0,0.0,0.0,7.0
2009-02-18T23:00,2.6,77,98,0.0,0.0,0.0,6.3
2009-02-19T00:00,2.3,75,98,0.0,0.0,0.0,6.1
2009-02-19T01:00,1.8,75,96,0.0,0.0,0.0,5.0
2009-02-19T02:00,1.6,75,93,0.0,0.0,0.0,4.0
2009-02-19T03:00,1.0,80,88,0.0,0.0,0.0,4.4
2009-02-19T04:00,0.5,83,85,0.0,0.0,0.0,4.0
2009-02-19T05:00,0.3,82,78,0.0,0.0,0.0,4.1
2009-02-19T06:00,-0.1,83,64,0.0,0.0,0.0,4.2
2009-02-19T07:00,-0.3,81,58,0.0,0.0,0.0,3.2
2009-02-19T08:00,-0.2,78,49,0.0,0.0,0.0,3.1
2009-02-19T09:00,-1.1,88,45,0.0,0.0,0.0,3.4
2009-02-19T10:00,-0.4,86,45,37.0,159.3,21.0,2.6
2009-02-19T11:00,1.1,77,41,138.0,321.3,62.0,1.5
2009-02-19T12:00,2.7,68,35,273.0,483.0,100.0,2.9
2009-02-19T13:00,3.7,63,12,378.0,603.7,109.0,1.9
2009-02-19T14:00,4.4,63,1,456.0,641.4,140.0,1.3
2009-02-19T15:00,5.2,62,8,485.0,769.7,103.0,1.8
2009-02-19T16:00,5.8,61,5,415.0,657.5,115.0,4.6
2009-02-19T17:00,6.1,61,10,290.0,423.8,131.0,5.8
2009-02-19T18:00,6.1,62,6,178.0,347.8,88.0,3.4
2009-02-19T19:00,5.4,64,9,75.0,383.2,31.0,1.9
2009-02-19T20:00,3.6,72,26,2.0,0.0,2.0,5.0
2009-02-19T21:00,2.2,75,51,0.0,0.0,0.0,5.1
2009-02-19T22:00,1.9,77,78,0.0,0.0,0.0,4.8
2009-02-19T23:00,2.2,78,79,0.0,0.0,0.0,5.2
2009-02-20T00:00,2.0,80,74,0.0,0.0,0.0,4.8
2009-02-20T01:00,1.5,86,56,0.0,0.0,0.0,6.5
2009-02-20T02:00,1.7,89,49,0.0,0.0,0.0,7.3
2009-02-20T03:00,1.1,93,38,0.0,0.0,0.0,6.3
2009-02-20T04:00,1.4,95,44,0.0,0.0,0.0,5.1
2009-02-20T05:00,2.0,96,69,0.0,0.0,0.0,4.5
2009-02-20T06:00,2.4,97,86,0.0,0.0,0.0,4.5
2009-02-20T07:00,2.7,97,96,0.0,0.0,0.0,4.4
2009-02-20T08:00,2.9,98,92,0.0,0.0,0.0,4.0
2009-02-20T09:00,2.7,97,96,0.0,0.0,0.0,3.7
2009-02-20T10:00,3.1,98,96,26.0,29.1,23.0,5.2
2009-02-20T11:00,5.3,92,97,110.0,45.5,99.0,4.0
2009-02-20T12:00,6.9,86,99,193.0,148.6,139.0,4.8
2009-02-20T13:00,7.5,82,100,167.0,64.3,138.0,5.4
2009-02-20T14:00,8.1,79,100,170.0,38.2,151.0,6.1
2009-02-20T15:00,8.2,79,100,142.0,31.9,126.0,7.1
2009-02-20T16:00,8.5,76,100,163.0,73.7,129.0,7.7
2009-02-20T17:00,8.8,74,100,168.0,107.8,127.0,8.3
2009-02-20T18:00,8.5,77,100,112.0,163.1,69.0,7.2
2009-02-20T19:00,7.6,81,100,38.0,67.0,30.0,5.5
2009-02-20T20:00,6.3,87,100,2.0,0.0,2.0,5.3
2009-02-20T21:00,5.9,91,100,0.0,0.0,0.0,5.0
2009-02-20T22:00,5.5,93,100,0.0,0.0,0.0,4.5
2009-02-20T23:00,5.3,94,100,0.0,0.0,0.0,4.6
2009-02-21T00:00,4.9,95,100,0.0,0.0,0.0,4.8
2009-02-21T01:00,4.5,96,100,0.0,0.0,0.0,5.5
2009-02-21T02:00,4.3,97,98,0.0,0.0,0.0,5.0
2009-02-21T03:00,4.0,97,97,0.0,0.0,0.0,4.8
2009-02-21T04:00,4.1,98,100,0.0,0.0,0.0,5.6
2009-02-21T05:00,4.1,98,99,0.0,0.0,0.0,5.0
2009-02-21T06:00,3.9,98,100,0.0,0.0,0.0,5.0
2009-02-21T07:00,3.6,99,99,0.0,0.0,0.0,5.6
2009-02-21T08:00,3.7,99,100,0.0,0.0,0.0,5.8
2009-02-21T09:00,3.7,99,100,0.0,0.0,0.0,5.0
2009-02-21T10:00,3.9,98,100,12.0,0.0,12.0,5.2
2009-02-21T11:00,4.3,96,100,26.0,4.0,25.0,4.7
2009-02-21T12:00,4.9,94,100,54.0,13.6,49.0,4.3
2009-02-21T13:00,5.4,91,100,68.0,2.2,67.0,5.1
2009-02-21T14:00,6.2,87,100,117.0,13.9,110.0,6.0
2009-02-21T15:00,7.0,81,100,156.0,27.6,142.0,5.9
2009-02-21T16:00,7.7,75,97,168.0,25.7,156.0,6.4
2009-02-21T17:00,7.9,72,94,140.0,33.7,127.0,7.9
2009-02-21T18:00,7.9,72,100,98.0,96.9,72.0,6.4
2009-02-21T19:00,7.5,75,97,40.0,48.4,34.0,4.4
2009-02-21T20:00,6.9,78,88,1.0,0.0,1.0,4.9
2009-02-21T21:00,6.3,84,83,0.0,0.0,0.0,5.9
2009-02-21T22:00,5.9,86,66,0.0,0.0,0.0,6.8
2009-02-21T23:00,5.2,90,43,0.0,0.0,0.0,7.9
2009-02-22T00:00,4.7,92,59,0.0,0.0,0.0,9.8
2009-02-22T01:00,4.1,94,43,0.0,0.0,0.0,10.0
2009-02-22T02:00,3.8,95,36,0.0,0.0,0.0,9.2
2009-02-22T03:00,3.5,96,68,0.0,0.0,0.0,9.7
2009-02-22T04:00,3.7,97,90,0.0,0.0,0.0,11.2
2009-02-22T05:00,3.9,97,100,0.0,0.0,0.0,12.6
2009-02-22T06:00,4.1,97,100,0.0,0.0,0.0,13.0
2009-02-22T07:00,4.4,97,100,0.0,0.0,0.0,13.8
2009-02-22T08:00,4.5,97,100,0.0,0.0,0.0,14.1
2009-02-22T09:00,4.6,94,100,0.0,0.0,0.0,13.3
2009-02-22T10:00,5.0,90,100,19.0,0.0,19.0,14.9
2009-02-22T11:00,5.6,86,100,72.0,7.9,70.0,17.1
2009-02-22T12:00,6.3,83,100,115.0,13.4,110.0,17.7
2009-02-22T13:00,6.9,82,100,138.0,8.7,134.0,16.3
2009-02-22T14:00,7.5,82,100,132.0,13.8,125.0,15.8
2009-02-22T15:00,7.6,83,100,85.0,0.0,85.0,15.8
2009-02-22T16:00,7.8,84,100,73.0,4.2,71.0,14.5
2009-02-22T17:00,7.9,85,100,65.0,17.9,58.0,13.8
2009-02-22T18:00,7.9,85,100,39.0,0.0,39.0,13.7
2009-02-22T19:00,7.7,87,100,16.0,0.0,16.0,12.1
2009-02-22T20:00,7.4,88,92,1.0,0.0,1.0,11.5
2009-02-22T21:00,7.3,88,98,0.0,0.0,0.0,11.1
2009-02-22T22:00,7.0,89,99,0.0,0.0,0.0,11.0
2009-02-22T23:00,6.6,91,99,0.0,0.0,0.0,10.6
2009-02-23T00:00,6.5,92,89,0.0,0.0,0.0,11.7
2009-02-23T01:00,6.3,93,99,0.0,0.0,0.0,11.9
2009-02-23T02:00,6.1,94,100,0.0,0.0,0.0,11.0
2009-02-23T03:00,6.0,95,100,0.0,0.0,0.0,9.5
2009-02-23T04:00,5.9,95,100,0.0,0.0,0.0,9.9
2009-02-23T05:00,5.7,95,100,0.0,0.0,0.0,10.8
2009-02-23T06:00,5.6,94,100,0.0,0.0,0.0,10.1
2009-02-23T07:00,5.5,94,100,0.0,0.0,0.0,9.7
2009-02-23T08:00,5.3,94,100,0.0,0.0,0.0,9.8
2009-02-23T09:00,5.2,93,100,1.0,0.0,1.0,10.6
2009-02-23T10:00,5.3,93,100,19.0,0.0,19.0,11.6
2009-02-23T11:00,5.5,94,100,47.0,3.9,46.0,14.1
2009-02-23T12:00,5.9,91,99,82.0,18.4,75.0,12.2
2009-02-23T13:00,6.3,87,100,100.0,0.0,100.0,11.7
2009-02-23T14:00,7.4,77,100,201.0,33.1,184.0,12.2
2009-02-23T15:00,8.1,72,100,253.0,106.3,198.0,13.8
2009-02-23T16:00,8.0,73,100,151.0,52.4,126.0,13.4
2009-02-23T17:00,7.9,75,100,132.0,75.9,102.0,12.5
2009-02-23T18:00,7.6,78,100,65.0,7.2,63.0,10.6
2009-02-23T19:00,7.2,78,100,26.0,15.0,24.0,9.9
2009-02-23T20:00,6.8,80,100,1.0,0.0,1.0,10.1
2009-02-23T21:00,6.5,83,99,0.0,0.0,0.0,10.7
2009-02-23T22:00,6.1,86,100,0.0,0.0,0.0,10.5
2009-02-23T23:00,5.9,87,97,0.0,0.0,0.0,9.6
2009-02-24T00:00,5.5,89,100,0.0,0.0,0.0,9.6
2009-02-24T01:00,5.4,91,98,0.0,0.0,0.0,9.4
2009-02-24T02:00,5.4,92,100,0.0,0.0,0.0,9.2
2009-02-24T03:00,5.2,93,99,0.0,0.0,0.0,9.5
2009-02-24T04:00,5.3,94,100,0.0,0.0,0.0,9.7
2009-02-24T05:00,5.4,94,100,0.0,0.0,0.0,10.0
2009-02-24T06:00,5.7,94,100,0.0,0.0,0.0,10.8
2009-02-24T07:00,5.9,94,100,0.0,0.0,0.0,10.9
2009-02-24T08:00,6.1,95,100,0.0,0.0,0.0,10.9
2009-02-24T09:00,6.0,96,100,0.0,0.0,0.0,10.6
2009-02-24T10:00,6.1,93,96,17.0,8.7,16.0,11.1
2009-02-24T11:00,6.3,85,97,66.0,45.6,54.0,12.1
2009-02-24T12:00,6.3,78,100,126.0,158.3,65.0,13.7
2009-02-24T13:00,6.5,73,97,194.0,116.3,139.0,14.0
2009-02-24T14:00,6.4,72,100,198.0,67.3,163.0,13.7
2009-02-24T15:00,6.6,69,100,264.0,93.7,215.0,12.6
2009-02-24T16:00,6.8,67,100,287.0,261.2,161.0,12.2
2009-02-24T17:00,6.7,66,96,262.0,259.7,158.0,11.3
2009-02-24T18:00,6.4,65,98,164.0,134.3,126.0,10.8
2009-02-24T19:00,5.9,67,90,65.0,72.4,55.0,9.0
2009-02-24T20:00,4.9,71,87,3.0,0.0,3.0,8.2
2009-02-24T21:00,4.6,73,88,0.0,0.0,0.0,7.9
2009-02-24T22:00,4.4,74,82,0.0,0.0,0.0,7.6
2009-02-24T23:00,3.8,78,82,0.0,0.0,0.0,6.1
2009-02-25T00:00,3.4,80,85,0.0,0.0,0.0,6.4
2009-02-25T01:00,3.3,82,89,0.0,0.0,0.0,6.0
2009-02-25T02:00,2.9,84,90,0.0,0.0,0.0,6.0
2009-02-25T03:00,2.4,88,92,0.0,0.0,0.0,4.9
2009-02-25T04:00,1.9,91,90,0.0,0.0,0.0,3.7
2009-02-25T05:00,1.8,92,85,0.0,0.0,0.0,3.1
2009-02-25T06:00,2.0,92,88,0.0,0.0,0.0,3.3
2009-02-25T07:00,1.7,93,80,0.0,0.0,0.0,3.5
2009-02-25T08:00,1.5,93,78,0.0,0.0,0.0,3.4
2009-02-25T09:00,1.6,95,83,1.0,0.0,1.0,3.7
2009-02-25T10:00,2.6,93,74,54.0,174.4,33.0,4.0
2009-02-25T11:00,4.1,77,95,135.0,212.0,78.0,1.6
2009-02-25T12:00,4.8,72,77,253.0,306.9,133.0,2.5
2009-02-25T13:00,5.4,70,59,317.0,278.0,184.0,1.1
2009-02-25T14:00,6.3,68,76,412.0,378.8,213.0,1.1
2009-02-25T15:00,7.1,66,42,474.0,584.7,165.0,2.0
2009-02-25T16:00,7.6,65,32,452.0,678.8,121.0,2.6
2009-02-25T17:00,7.9,64,62,366.0,663.3,97.0,3.3
2009-02-25T18:00,7.7,64,89,237.0,566.1,74.0,3.7
2009-02-25T19:00,7.2,67,90,94.0,336.3,46.0,5.4
2009-02-25T20:00,5.7,80,91,6.0,38.2,4.0,6.3
2009-02-25T21:00,5.2,78,93,0.0,0.0,0.0,5.4
2009-02-25T22:00,5.1,76,94,0.0,0.0,0.0,5.4
2009-02-25T23:00,4.7,78,96,0.0,0.0,0.0,5.2
2009-02-26T00:00,4.3,79,93,0.0,0.0,0.0,2.9
2009-02-26T01:00,2.2,87,46,0.0,0.0,0.0,4.8
2009-02-26T02:00,0.5,92,4,0.0,0.0,0.0,7.2
2009-02-26T03:00,-0.1,94,29,0.0,0.0,0.0,8.4
2009-02-26T04:00,-0.5,94,57,0.0,0.0,0.0,7.9
2009-02-26T05:00,-0.2,93,49,0.0,0.0,0.0,5.9
2009-02-26T06:00,0.1,93,77,0.0,0.0,0.0,6.8
2009-02-26T07:00,0.5,93,98,0.0,0.0,0.0,7.6
2009-02-26T08:00,0.9,92,99,0.0,0.0,0.0,8.0
2009-02-26T09:00,2.2,94,99,2.0,0.0,2.0,8.4
2009-02-26T10:00,3.5,93,100,43.0,31.8,39.0,9.7
2009-02-26T11:00,5.2,89,100,87.0,47.4,74.0,9.8
2009-02-26T12:00,6.4,86,100,126.0,17.6,119.0,11.2
2009-02-26T13:00,7.6,83,100,209.0,53.7,183.0,11.2
2009-02-26T14:00,8.4,75,100,229.0,81.0,186.0,12.0
2009-02-26T15:00,8.4,72,100,145.0,9.4,140.0,11.9
2009-02-26T16:00,8.8,70,100,187.0,113.6,131.0,13.0
2009-02-26T17:00,8.6,72,99,107.0,29.2,95.0,11.7
2009-02-26T18:00,8.5,74,100,67.0,0.0,67.0,10.8
2009-02-26T19:00,8.0,75,99,31.0,0.0,31.0,10.5
2009-02-26T20:00,7.5,77,98,2.0,0.0,2.0,10.9
2009-02-26T21:00,6.6,82,96,0.0,0.0,0.0,11.5
2009-02-26T22:00,6.1,85,98,0.0,0.0,0.0,12.4
2009-02-26T23:00,5.5,88,96,0.0,0.0,0.0,10.2
2009-02-27T00:00,4.8,91,95,0.0,0.0,0.0,9.6
2009-02-27T01:00,4.2,93,94,0.0,0.0,0.0,9.1
2009-02-27T02:00,3.9,95,73,0.0,0.0,0.0,9.4
2009-02-27T03:00,3.6,96,73,0.0,0.0,0.0,9.0
2009-02-27T04:00,4.0,96,80,0.0,0.0,0.0,9.4
2009-02-27T05:00,4.0,96,68,0.0,0.0,0.0,9.1
2009-02-27T06:00,3.9,96,49,0.0,0.0,0.0,9.3
2009-02-27T07:00,3.6,96,25,0.0,0.0,0.0,8.8
2009-02-27T08:00,3.3,97,34,0.0,0.0,0.0,9.0
2009-02-27T09:00,2.5,97,64,3.0,19.1,2.0,9.9
2009-02-27T10:00,3.4,94,87,60.0,182.4,36.0,10.8
2009-02-27T11:00,5.3,88,94,163.0,289.1,82.0,9.6
2009-02-27T12:00,6.7,86,100,196.0,87.0,161.0,8.2
2009-02-27T13:00,7.6,85,100,202.0,55.1,175.0,9.2
2009-02-27T14:00,8.5,82,100,264.0,89.5,216.0,9.6
2009-02-27T15:00,9.2,80,100,266.0,92.7,216.0,9.8
2009-02-27T16:00,9.5,79,100,221.0,58.2,192.0,10.1
2009-02-27T17:00,9.6,77,100,148.0,33.7,134.0,9.8
2009-02-27T18:00,9.6,77,100,88.0,33.6,78.0,8.7
2009-02-27T19:00,9.3,80,90,40.0,0.0,40.0,4.0
2009-02-27T20:00,8.6,83,91,4.0,0.0,4.0,6.1
2009-02-27T21:00,7.6,90,89,0.0,0.0,0.0,4.7
2009-02-27T22:00,7.9,84,77,0.0,0.0,0.0,1.1
2009-02-27T23:00,7.8,85,83,0.0,0.0,0.0,1.6
2009-02-28T00:00,7.3,87,84,0.0,0.0,0.0,3.3
2009-02-28T01:00,6.7,90,79,0.0,0.0,0.0,4.7
2009-02-28T02:00,5.4,94,74,0.0,0.0,0.0,5.8
2009-02-28T03:00,4.8,96,63,0.0,0.0,0.0,5.2
2009-02-28T04:00,4.2,98,61,0.0,0.0,0.0,5.6
2009-02-28T05:00,3.7,99,59,0.0,0.0,0.0,5.6
2009-02-28T06:00,3.5,99,58,0.0,0.0,0.0,6.1
2009-02-28T07:00,3.5,99,62,0.0,0.0,0.0,6.8
2009-02-28T08:00,3.6,98,56,0.0,0.0,0.0,6.0
2009-02-28T09:00,3.6,99,67,3.0,0.0,3.0,5.4
2009-02-28T10:00,5.1,96,72,64.0,189.4,38.0,6.4
2009-02-28T11:00,6.5,89,71,138.0,223.8,74.0,7.9
2009-02-28T12:00,7.7,83,52,272.0,389.5,113.0,9.6
2009-02-28T13:00,9.1,78,10,387.0,443.9,167.0,8.8
2009-02-28T14:00,10.5,74,14,485.0,625.2,146.0,9.0
2009-02-28T15:00,11.7,71,24,505.0,732.2,106.0,9.4
2009-02-28T16:00,12.5,69,21,475.0,762.6,91.0,10.0
2009-02-28T17:00,12.8,69,37,371.0,646.2,99.0,11.0
2009-02-28T18:00,12.6,70,29,231.0,456.0,93.0,10.6
2009-02-28T19:00,11.3,77,19,97.0,280.6,53.0,7.6
2009-02-28T20:00,9.5,85,21,8.0,36.0,6.0,10.0
2009-02-28T21:00,8.8,86,11,0.0,0.0,0.0,11.4
2009-02-28T22:00,8.0,90,29,0.0,0.0,0.0,11.8
2009-02-28T23:00,7.4,91,32,0.0,0.0,0.0,10.8
2009-03-01T00:00,6.8,93,10,0.0,0.0,0.0,8.0
2009-03-01T01:00,6.1,94,7,0.0,0.0,0.0,7.2
2009-03-01T02:00,5.3,96,10,0.0,0.0,0.0,8.6
2009-03-01T03:00,4.5,97,22,0.0,0.0,0.0,8.4
2009-03-01T04:00,4.0,97,19,0.0,0.0,0.0,6.4
2009-03-01T05:00,3.4,97,62,0.0,0.0,0.0,6.0
2009-03-01T06:00,3.0,97,89,0.0,0.0,0.0,5.9
2009-03-01T07:00,3.1,95,96,0.0,0.0,0.0,7.3
2009-03-01T08:00,3.8,94,99,0.0,0.0,0.0,10.1
2009-03-01T09:00,4.5,95,98,4.0,0.0,4.0,12.1
2009-03-01T10:00,6.2,91,100,58.0,28.0,54.0,13.7
2009-03-01T11:00,7.9,87,100,123.0,41.1,111.0,13.7
2009-03-01T12:00,9.3,82,99,196.0,48.3,176.0,13.4
2009-03-01T13:00,10.3,79,100,254.0,57.8,225.0,13.0
2009-03-01T14:00,11.2,76,100,304.0,78.5,261.0,12.5
2009-03-01T15:00,12.0,71,100,301.0,85.4,254.0,12.5
2009-03-01T16:00,12.1,70,100,246.0,53.1,219.0,13.0
2009-03-01T17:00,12.1,70,100,206.0,58.7,181.0,13.3
2009-03-01T18:00,11.5,74,100,110.0,42.3,97.0,10.8
2009-03-01T19:00,10.7,77,99,44.0,6.2,43.0,9.6
2009-03-01T20:00,9.8,80,100,5.0,0.0,5.0,8.4
2009-03-01T21:00,8.8,87,100,0.0,0.0,0.0,8.3
2009-03-01T22:00,8.3,88,100,0.0,0.0,0.0,10.0
2009-03-01T23:00,7.7,89,100,0.0,0.0,0.0,12.3
2009-03-02T00:00,7.2,88,100,0.0,0.0,0.0,12.7
2009-03-02T01:00,6.8,88,100,0.0,0.0,0.0,11.2
2009-03-02T02:00,6.4,90,100,0.0,0.0,0.0,10.0
2009-03-02T03:00,6.3,90,100,0.0,0.0,0.0,9.7
2009-03-02T04:00,6.2,91,100,0.0,0.0,0.0,10.4
2009-03-02T05:00,6.2,91,100,0.0,0.0,0.0,10.4
2009-03-02T06:00,6.1,91,99,0.0,0.0,0.0,10.5
2009-03-02T07:00,6.1,91,99,0.0,0.0,0.0,10.8
2009-03-02T08:00,6.0,90,100,0.0,0.0,0.0,10.5
2009-03-02T09:00,5.8,94,99,3.0,0.0,3.0,11.0
2009-03-02T10:00,5.9,93,96,39.0,20.2,36.0,12.0
2009-03-02T11:00,6.8,87,95,127.0,117.6,92.0,14.0
2009-03-02T12:00,7.9,82,86,254.0,273.9,139.0,13.0
2009-03-02T13:00,8.7,77,62,298.0,329.3,131.0,11.6
2009-03-02T14:00,9.4,71,37,372.0,428.2,135.0,11.5
2009-03-02T15:00,9.9,65,35,437.0,554.0,129.0,12.2
2009-03-02T16:00,10.3,59,36,457.0,674.9,110.0,12.2
2009-03-02T17:00,10.4,56,36,393.0,707.5,88.0,12.3
2009-03-02T18:00,10.0,55,38,242.0,534.6,75.0,11.8
2009-03-02T19:00,9.0,58,45,102.0,367.1,41.0,8.5
2009-03-02T20:00,7.7,63,52,10.0,49.9,7.0,7.9
2009-03-02T21:00,6.8,69,43,0.0,0.0,0.0,7.2
2009-03-02T22:00,5.9,75,27,0.0,0.0,0.0,7.0
2009-03-02T23:00,4.8,81,19,0.0,0.0,0.0,7.5
2009-03-03T00:00,3.6,88,9,0.0,0.0,0.0,8.0
2009-03-03T01:00,2.6,90,15,0.0,0.0,0.0,7.3
2009-03-03T02:00,1.8,92,30,0.0,0.0,0.0,8.6
2009-03-03T03:00,1.2,93,26,0.0,0.0,0.0,8.3
2009-03-03T04:00,0.6,94,32,0.0,0.0,0.0,7.9
2009-03-03T05:00,0.1,95,49,0.0,0.0,0.0,7.5
2009-03-03T06:00,-0.3,95,35,0.0,0.0,0.0,6.7
2009-03-03T07:00,-0.3,95,39,0.0,0.0,0.0,5.9
2009-03-03T08:00,-0.6,95,30,0.0,0.0,0.0,6.1
2009-03-03T09:00,-0.3,97,17,7.0,37.2,5.0,8.0
2009-03-03T10:00,2.1,93,19,98.0,355.9,43.0,10.0
2009-03-03T11:00,5.1,83,16,253.0,596.5,72.0,10.6
2009-03-03T12:00,7.3,73,14,389.0,700.1,91.0,10.9
2009-03-03T13:00,8.7,63,28,479.0,762.4,88.0,16.1
2009-03-03T14:00,9.3,56,49,430.0,493.6,154.0,18.6
2009-03-03T15:00,9.7,52,70,332.0,194.1,223.0,20.2
2009-03-03T16:00,9.7,53,74,261.0,96.2,211.0,21.6
2009-03-03T17:00,9.7,54,59,290.0,330.1,146.0,21.0
2009-03-03T18:00,9.2,56,53,196.0,293.1,103.0,19.5
2009-03-03T19:00,8.4,59,50,93.0,245.8,51.0,18.5
2009-03-03T20:00,7.2,63,91,9.0,48.0,6.0,18.7
2009-03-03T21:00,6.8,65,95,0.0,0.0,0.0,20.4
2009-03-03T22:00,6.3,65,100,0.0,0.0,0.0,22.0
2009-03-03T23:00,6.0,64,100,0.0,0.0,0.0,24.3
2009-03-04T00:00,6.1,63,100,0.0,0.0,0.0,25.9
2009-03-04T01:00,6.0,64,100,0.0,0.0,0.0,27.8
2009-03-04T02:00,5.9,65,99,0.0,0.0,0.0,29.5
2009-03-04T03:00,5.7,63,100,0.0,0.0,0.0,31.1
2009-03-04T04:00,5.5,61,100,0.0,0.0,0.0,30.7
2009-03-04T05:00,5.2,62,100,0.0,0.0,0.0,30.3
2009-03-04T06:00,5.0,65,100,0.0,0.0,0.0,31.4
2009-03-04T07:00,4.5,72,100,0.0,0.0,0.0,30.6
2009-03-04T08:00,3.8,84,100,0.0,0.0,0.0,29.5
2009-03-04T09:00,4.0,88,100,1.0,0.0,1.0,28.2
2009-03-04T10:00,3.7,92,100,16.0,0.0,16.0,26.8
2009-03-04T11:00,3.4,96,100,24.0,0.0,24.0,25.9
2009-03-04T12:00,3.3,94,100,52.0,0.0,52.0,24.3
2009-03-04T13:00,4.0,91,100,109.0,0.0,109.0,18.4
2009-03-04T14:00,5.4,82,98,189.0,23.0,176.0,15.9
2009-03-04T15:00,7.0,74,92,370.0,377.5,156.0,13.2
2009-03-04T16:00,7.7,73,98,383.0,497.4,122.0,11.3
2009-03-04T17:00,7.9,72,98,303.0,308.2,167.0,10.3
2009-03-04T18:00,7.3,73,98,209.0,226.6,136.0,10.5
2009-03-04T19:00,6.0,79,91,59.0,11.4,57.0,9.3
2009-03-04T20:00,4.4,84,80,10.0,15.4,9.0,8.8
2009-03-04T21:00,3.6,87,38,0.0,0.0,0.0,6.1
2009-03-04T22:00,2.5,90,17,0.0,0.0,0.0,7.6
2009-03-04T23:00,1.5,93,74,0.0,0.0,0.0,8.6
2009-03-05T00:00,0.8,93,75,0.0,0.0,0.0,10.2
2009-03-05T01:00,0.3,93,80,0.0,0.0,0.0,9.7
2009-03-05T02:00,-0.1,93,69,0.0,0.0,0.0,11.6
2009-03-05T03:00,-0.4,94,5,0.0,0.0,0.0,11.0
2009-03-05T04:00,-0.8,95,47,0.0,0.0,0.0,10.2
2009-03-05T05:00,-1.2,95,16,0.0,0.0,0.0,9.3
2009-03-05T06:00,-1.7,96,6,0.0,0.0,0.0,8.7
2009-03-05T07:00,-2.3,96,0,0.0,0.0,0.0,8.4
2009-03-05T08:00,-2.8,96,8,0.0,0.0,0.0,7.2
2009-03-05T09:00,-2.7,97,39,10.0,50.3,7.0,6.9
2009-03-05T10:00,-0.0,94,85,104.0,324.8,50.0,7.2
2009-03-05T11:00,1.6,89,92,198.0,231.6,125.0,7.1
2009-03-05T12:00,2.8,85,100,237.0,98.3,194.0,7.4
2009-03-05T13:00,4.0,79,99,326.0,223.1,209.0,3.9
2009-03-05T14:00,5.0,69,96,339.0,224.4,211.0,5.0
2009-03-05T15:00,6.0,60,100,385.0,272.5,229.0,8.7
2009-03-05T16:00,6.9,53,97,407.0,339.6,227.0,12.2
2009-03-05T17:00,7.4,48,98,341.0,432.4,148.0,13.1
2009-03-05T18:00,7.3,46,100,225.0,342.5,113.0,12.8
2009-03-05T19:00,6.6,51,90,101.0,155.4,73.0,11.8
2009-03-05T20:00,5.7,53,79,11.0,14.9,10.0,12.8
2009-03-05T21:00,4.8,67,83,0.0,0.0,0.0,16.6
2009-03-05T22:00,4.6,71,59,0.0,0.0,0.0,18.5
2009-03-05T23:00,3.8,78,88,0.0,0.0,0.0,17.6
2009-03-06T00:00,3.0,84,59,0.0,0.0,0.0,16.3
2009-03-06T01:00,2.1,89,92,0.0,0.0,0.0,14.5
2009-03-06T02:00,1.5,91,62,0.0,0.0,0.0,14.2
2009-03-06T03:00,1.2,92,61,0.0,0.0,0.0,15.3
2009-03-06T04:00,1.3,92,65,0.0,0.0,0.0,16.4
2009-03-06T05:00,1.3,92,42,0.0,0.0,0.0,16.9
2009-03-06T06:00,1.3,90,14,0.0,0.0,0.0,17.3
2009-03-06T07:00,1.2,88,8,0.0,0.0,0.0,17.1
2009-03-06T08:00,0.9,89,2,0.0,0.0,0.0,16.6
2009-03-06T09:00,0.8,91,6,13.0,79.8,8.0,15.0
2009-03-06T10:00,2.0,89,6,127.0,464.8,47.0,14.0
2009-03-06T11:00,4.0,79,65,282.0,657.2,71.0,20.6
2009-03-06T12:00,5.3,69,94,354.0,478.4,142.0,22.1
2009-03-06T13:00,6.2,60,100,364.0,298.0,206.0,21.9
2009-03-06T14:00,6.9,55,100,378.0,260.4,228.0,22.4
2009-03-06T15:00,7.7,49,100,418.0,289.0,251.0,22.5
2009-03-06T16:00,8.3,47,88,461.0,526.8,179.0,20.7
2009-03-06T17:00,8.4,46,94,429.0,708.9,109.0,20.6
2009-03-06T18:00,8.0,46,92,295.0,641.9,82.0,18.2
2009-03-06T19:00,7.0,52,71,141.0,492.4,50.0,13.2
2009-03-06T20:00,5.1,59,36,18.0,129.5,9.0,9.7
2009-03-06T21:00,4.8,65,17,0.0,0.0,0.0,7.8
2009-03-06T22:00,3.4,72,3,0.0,0.0,0.0,7.9
2009-03-06T23:00,2.0,80,1,0.0,0.0,0.0,8.7
2009-03-07T00:00,0.6,86,13,0.0,0.0,0.0,8.1
2009-03-07T01:00,-0.4,87,5,0.0,0.0,0.0,7.8
2009-03-07T02:00,-0.9,87,2,0.0,0.0,0.0,7.6
2009-03-07T03:00,-0.9,87,10,0.0,0.0,0.0,7.2
2009-03-07T04:00,-1.0,87,32,0.0,0.0,0.0,7.9
2009-03-07T05:00,-0.4,86,84,0.0,0.0,0.0,7.7
2009-03-07T06:00,0.4,84,97,0.0,0.0,0.0,7.0
2009-03-07T07:00,1.4,81,99,0.0,0.0,0.0,6.6
2009-03-07T08:00,2.1,81,98,0.0,0.0,0.0,7.7
2009-03-07T09:00,1.5,85,98,5.0,0.0,5.0,7.9
2009-03-07T10:00,2.6,85,93,46.0,11.2,44.0,8.0
2009-03-07T11:00,4.1,83,99,116.0,70.3,93.0,7.4
2009-03-07T12:00,6.1,81,99,210.0,77.9,175.0,8.0
2009-03-07T13:00,7.8,77,98,310.0,156.7,226.0,9.0
2009-03-07T14:00,9.6,70,90,495.0,560.4,169.0,9.7
2009-03-07T15:00,10.2,69,87,411.0,380.6,189.0,10.3
2009-03-07T16:00,10.3,68,99,278.0,210.9,164.0,11.5
2009-03-07T17:00,9.9,72,96,148.0,32.9,133.0,12.5
2009-03-07T18:00,9.9,71,97,177.0,240.6,96.0,13.7
2009-03-07T19:00,9.1,77,100,63.0,58.1,52.0,10.7
2009-03-07T20:00,7.9,83,97,10.0,0.0,10.0,10.9
2009-03-07T21:00,7.5,88,99,0.0,0.0,0.0,11.8
2009-03-07T22:00,7.2,90,100,0.0,0.0,0.0,12.8
2009-03-07T23:00,6.5,93,100,0.0,0.0,0.0,13.9
2009-03-08T00:00,6.4,92,95,0.0,0.0,0.0,14.6
2009-03-08T01:00,6.4,90,73,0.0,0.0,0.0,15.9
2009-03-08T02:00,6.6,87,95,0.0,0.0,0.0,17.4
2009-03-08T03:00,7.2,84,100,0.0,0.0,0.0,18.3
2009-03-08T04:00,7.5,86,99,0.0,0.0,0.0,19.2
2009-03-08T05:00,7.8,89,100,0.0,0.0,0.0,19.4
2009-03-08T06:00,8.0,91,100,0.0,0.0,0.0,19.6
2009-03-08T07:00,8.1,90,100,0.0,0.0,0.0,20.1
2009-03-08T08:00,7.8,90,100,0.0,0.0,0.0,20.4
2009-03-08T09:00,8.3,88,100,3.0,0.0,3.0,21.2
2009-03-08T10:00,8.4,87,100,15.0,0.0,15.0,22.4
2009-03-08T11:00,8.5,87,100,19.0,0.0,19.0,22.7
2009-03-08T12:00,8.8,87,100,52.0,0.0,52.0,18.9
2009-03-08T13:00,8.6,92,100,68.0,0.0,68.0,17.6
2009-03-08T14:00,8.6,92,100,69.0,0.0,69.0,15.1
2009-03-08T15:00,8.7,88,92,85.0,3.4,83.0,14.9
2009-03-08T16:00,8.9,83,43,117.0,34.8,98.0,15.5
2009-03-08T17:00,9.5,74,53,256.0,362.0,89.0,18.4
2009-03-08T18:00,9.5,71,34,204.0,383.7,73.0,19.5
2009-03-08T19:00,8.8,66,57,130.0,417.4,49.0,19.8
2009-03-08T20:00,7.6,64,42,21.0,134.9,11.0,16.3
2009-03-08T21:00,6.7,68,92,0.0,0.0,0.0,21.0
2009-03-08T22:00,6.1,77,71,0.0,0.0,0.0,21.6
2009-03-08T23:00,5.6,78,5,0.0,0.0,0.0,20.7
2009-03-09T00:00,4.8,77,8,0.0,0.0,0.0,23.5
2009-03-09T01:00,4.4,75,26,0.0,0.0,0.0,25.2
2009-03-09T02:00,4.3,74,38,0.0,0.0,0.0,27.6
2009-03-09T03:00,4.4,74,20,0.0,0.0,0.0,25.9
2009-03-09T04:00,4.1,75,23,0.0,0.0,0.0,22.4
2009-03-09T05:00,3.8,77,31,0.0,0.0,0.0,20.7
2009-03-09T06:00,3.6,79,35,0.0,0.0,0.0,20.2
2009-03-09T07:00,3.3,82,46,0.0,0.0,0.0,20.2
2009-03-09T08:00,3.1,85,56,0.0,0.0,0.0,19.8
2009-03-09T09:00,3.6,84,43,16.0,83.9,10.0,18.9
2009-03-09T10:00,4.6,82,25,114.0,337.3,50.0,16.6
2009-03-09T11:00,6.0,72,44,259.0,531.5,79.0,25.2
2009-03-09T12:00,7.1,62,61,344.0,514.5,107.0,22.3
2009-03-09T13:00,8.2,54,46,475.0,639.5,125.0,24.4
2009-03-09T14:00,9.2,55,39,537.0,691.6,127.0,22.0
2009-03-09T15:00,9.7,60,63,564.0,737.4,126.0,22.7
2009-03-09T16:00,9.8,64,75,401.0,417.5,171.0,23.2
2009-03-09T17:00,9.3,66,67,290.0,225.2,185.0,23.1
2009-03-09T18:00,8.2,68,63,233.0,401.5,94.0,23.1
2009-03-09T19:00,7.8,68,80,116.0,352.4,46.0,19.8
2009-03-09T20:00,7.1,67,34,18.0,104.7,10.0,15.3
2009-03-09T21:00,5.9,73,100,0.0,0.0,0.0,13.7
2009-03-09T22:00,5.5,74,100,0.0,0.0,0.0,12.5
2009-03-09T23:00,5.3,75,100,0.0,0.0,0.0,13.0
2009-03-10T00:00,4.9,76,100,0.0,0.0,0.0,15.4
2009-03-10T01:00,4.5,78,100,0.0,0.0,0.0,13.7
2009-03-10T02:00,4.3,79,100,0.0,0.0,0.0,13.1
2009-03-10T03:00,4.4,79,99,0.0,0.0,0.0,14.4
2009-03-10T04:00,4.6,80,100,0.0,0.0,0.0,15.0
2009-03-10T05:00,4.7,82,100,0.0,0.0,0.0,16.1
2009-03-10T06:00,4.8,85,100,0.0,0.0,0.0,18.1
2009-03-10T07:00,4.8,88,100,0.0,0.0,0.0,19.4
2009-03-10T08:00,4.8,91,100,0.0,0.0,0.0,20.9
2009-03-10T09:00,5.3,92,100,6.0,0.0,6.0,24.0
2009-03-10T10:00,5.7,92,100,14.0,0.0,14.0,26.9
2009-03-10T11:00,6.1,91,100,22.0,0.0,22.0,30.0
2009-03-10T12:00,6.7,91,100,27.0,0.0,27.0,28.6
2009-03-10T13:00,7.4,91,79,42.0,0.0,42.0,28.0
2009-03-10T14:00,8.5,89,74,133.0,35.1,112.0,24.3
2009-03-10T15:00,10.7,82,79,396.0,388.8,163.0,24.3
2009-03-10T16:00,11.4,73,49,369.0,496.4,93.0,25.2
2009-03-10T17:00,11.0,67,43,282.0,386.2,100.0,25.8
2009-03-10T18:00,10.4,69,47,219.0,404.7,77.0,22.9
2009-03-10T19:00,9.7,70,51,114.0,369.1,39.0,21.1
2009-03-10T20:00,8.6,75,67,19.0,88.9,12.0,19.3
2009-03-10T21:00,8.0,78,86,0.0,0.0,0.0,18.1
2009-03-10T22:00,7.7,81,83,0.0,0.0,0.0,17.6
2009-03-10T23:00,7.4,84,77,0.0,0.0,0.0,17.1
2009-03-11T00:00,7.0,88,99,0.0,0.0,0.0,17.3
2009-03-11T01:00,7.1,89,100,0.0,0.0,0.0,15.6
2009-03-11T02:00,7.2,89,100,0.0,0.0,0.0,13.7
2009-03-11T03:00,7.0,90,99,0.0,0.0,0.0,12.1
2009-03-11T04:00,6.4,91,98,0.0,0.0,0.0,10.4
2009-03-11T05:00,5.5,94,97,0.0,0.0,0.0,7.9
2009-03-11T06:00,4.8,95,90,0.0,0.0,0.0,5.1
2009-03-11T07:00,3.7,97,87,0.0,0.0,0.0,6.4
2009-03-11T08:00,2.8,98,79,0.0,0.0,0.0,7.3
2009-03-11T09:00,2.0,98,89,21.0,90.3,14.0,5.5
2009-03-11T10:00,4.2,94,89,132.0,372.3,57.0,4.9
2009-03-11T11:00,6.4,80,89,298.0,579.4,95.0,4.7
2009-03-11T12:00,7.6,69,92,430.0,675.6,111.0,5.2
2009-03-11T13:00,8.7,63,94,534.0,710.7,137.0,3.9
2009-03-11T14:00,9.5,57,80,565.0,707.2,138.0,3.1
2009-03-11T15:00,10.1,53,86,545.0,630.2,164.0,1.6
2009-03-11T16:00,10.3,52,92,465.0,472.3,200.0,0.4
2009-03-11T17:00,10.4,51,88,382.0,478.9,154.0,1.4
2009-03-11T18:00,10.3,51,94,263.0,424.6,112.0,2.3
2009-03-11T19:00,9.9,54,89,121.0,245.5,70.0,1.8
2009-03-11T20:00,8.5,61,44,22.0,98.8,14.0,5.9
2009-03-11T21:00,7.1,65,9,0.0,0.0,0.0,7.7
2009-03-11T22:00,6.0,69,31,0.0,0.0,0.0,7.9
2009-03-11T23:00,5.7,70,26,0.0,0.0,0.0,9.4
2009-03-12T00:00,5.2,72,43,0.0,0.0,0.0,9.7
2009-03-12T01:00,5.2,72,98,0.0,0.0,0.0,10.6
2009-03-12T02:00,5.0,74,98,0.0,0.0,0.0,11.0
2009-03-12T03:00,4.9,75,100,0.0,0.0,0.0,10.1
2009-03-12T04:00,5.2,74,100,0.0,0.0,0.0,10.2
2009-03-12T05:00,5.8,74,100,0.0,0.0,0.0,10.6
2009-03-12T06:00,6.1,75,100,0.0,0.0,0.0,10.5
2009-03-12T07:00,6.4,77,100,0.0,0.0,0.0,10.4
2009-03-12T08:00,6.8,79,100,0.0,0.0,0.0,10.7
2009-03-12T09:00,7.0,86,100,4.0,0.0,4.0,11.0
2009-03-12T10:00,7.5,87,100,21.0,0.0,21.0,11.7
2009-03-12T11:00,8.5,87,100,63.0,16.8,57.0,12.0
2009-03-12T12:00,10.0,83,97,174.0,131.8,111.0,13.2
2009-03-12T13:00,11.0,79,100,170.0,16.0,161.0,13.8
2009-03-12T14:00,11.5,75,100,150.0,4.9,147.0,14.3
2009-03-12T15:00,12.0,70,100,244.0,72.2,200.0,17.5
2009-03-12T16:00,11.7,71,100,139.0,5.3,136.0,17.7
2009-03-12T17:00,11.7,68,100,145.0,24.9,133.0,14.8
2009-03-12T18:00,11.4,69,100,85.0,8.3,82.0,14.4
2009-03-12T19:00,10.9,71,100,54.0,0.0,54.0,11.9
2009-03-12T20:00,10.3,73,100,9.0,0.0,9.0,9.8
2009-03-12T21:00,9.9,79,100,0.0,0.0,0.0,8.3
2009-03-12T22:00,9.6,80,100,0.0,0.0,0.0,8.3
2009-03-12T23:00,9.1,81,100,0.0,0.0,0.0,8.7
2009-03-13T00:00,8.5,83,100,0.0,0.0,0.0,9.1
2009-03-13T01:00,8.0,84,98,0.0,0.0,0.0,8.8
2009-03-13T02:00,7.5,85,100,0.0,0.0,0.0,8.3
2009-03-13T03:00,6.6,88,100,0.0,0.0,0.0,8.6
2009-03-13T04:00,6.3,89,99,0.0,0.0,0.0,7.9
2009-03-13T05:00,6.6,86,100,0.0,0.0,0.0,7.9
2009-03-13T06:00,6.7,85,100,0.0,0.0,0.0,7.2
2009-03-13T07:00,6.5,86,100,0.0,0.0,0.0,7.2
2009-03-13T08:00,6.6,85,100,0.0,0.0,0.0,6.9
2009-03-13T09:00,6.8,84,100,6.0,0.0,6.0,6.6
2009-03-13T10:00,7.3,83,100,41.0,4.7,40.0,6.2
2009-03-13T11:00,7.7,81,100,62.0,13.8,57.0,4.8
2009-03-13T12:00,8.6,78,100,138.0,20.7,128.0,3.4
2009-03-13T13:00,9.5,75,100,235.0,84.2,187.0,2.8
2009-03-13T14:00,10.3,71,100,270.0,61.8,232.0,3.1
2009-03-13T15:00,11.5,66,89,443.0,282.9,269.0,4.7
2009-03-13T16:00,11.8,63,61,399.0,292.4,232.0,6.9
2009-03-13T17:00,12.0,62,39,356.0,263.5,228.0,7.6
2009-03-13T18:00,11.8,61,36,226.0,186.3,158.0,6.8
2009-03-13T19:00,11.3,65,35,113.0,115.3,88.0,4.1
2009-03-13T20:00,10.3,70,60,22.0,70.2,16.0,8.2
2009-03-13T21:00,8.8,75,90,0.0,0.0,0.0,8.4
2009-03-13T22:00,7.4,82,97,0.0,0.0,0.0,8.2
2009-03-13T23:00,6.4,86,100,0.0,0.0,0.0,7.2
2009-03-14T00:00,5.7,89,99,0.0,0.0,0.0,7.3
2009-03-14T01:00,5.5,89,99,0.0,0.0,0.0,7.2
2009-03-14T02:00,5.0,90,100,0.0,0.0,0.0,7.6
2009-03-14T03:00,4.7,91,95,0.0,0.0,0.0,7.6
2009-03-14T04:00,4.4,92,66,0.0,0.0,0.0,7.7
2009-03-14T05:00,4.1,92,92,0.0,0.0,0.0,7.9
2009-03-14T06:00,3.9,91,96,0.0,0.0,0.0,8.4
2009-03-14T07:00,3.9,91,99,0.0,0.0,0.0,9.0
2009-03-14T08:00,4.3,91,100,0.0,0.0,0.0,8.9
2009-03-14T09:00,5.3,92,100,20.0,11.6,19.0,9.9
2009-03-14T10:00,7.2,89,93,100.0,32.0,93.0,10.7
2009-03-14T11:00,9.4,83,70,248.0,266.4,150.0,11.6
2009-03-14T12:00,11.1,77,65,374.0,478.2,140.0,15.5
2009-03-14T13:00,12.5,73,92,456.0,517.9,158.0,17.6
2009-03-14T14:00,12.3,76,100,236.0,167.7,132.0,17.6
2009-03-14T15:00,11.7,77,100,146.0,46.8,117.0,17.1
2009-03-14T16:00,11.4,74,99,126.0,31.2,108.0,15.8
2009-03-14T17:00,11.1,73,98,101.0,12.2,95.0,16.9
2009-03-14T18:00,10.6,72,98,63.0,35.2,50.0,15.0
2009-03-14T19:00,10.2,71,91,49.0,13.6,46.0,13.4
2009-03-14T20:00,9.6,71,73,16.0,45.6,12.0,11.6
2009-03-14T21:00,8.8,72,44,0.0,0.0,0.0,11.4
2009-03-14T22:00,7.6,78,24,0.0,0.0,0.0,10.7
2009-03-14T23:00,6.6,84,24,0.0,0.0,0.0,10.0
2009-03-15T00:00,5.9,88,24,0.0,0.0,0.0,7.7
2009-03-15T01:00,5.2,90,43,0.0,0.0,0.0,7.8
2009-03-15T02:00,5.0,91,47,0.0,0.0,0.0,8.1
2009-03-15T03:00,4.7,92,85,0.0,0.0,0.0,8.1
2009-03-15T04:00,4.6,92,81,0.0,0.0,0.0,7.8
2009-03-15T05:00,4.5,92,82,0.0,0.0,0.0,8.0
2009-03-15T06:00,4.4,93,75,0.0,0.0,0.0,8.3
2009-03-15T07:00,4.1,93,72,0.0,0.0,0.0,7.2
2009-03-15T08:00,3.4,94,79,0.0,0.0,0.0,6.5
2009-03-15T09:00,3.7,95,50,30.0,134.2,18.0,8.0
2009-03-15T10:00,6.1,87,24,162.0,466.7,57.0,7.7
2009-03-15T11:00,8.4,78,6,323.0,639.6,84.0,8.5
2009-03-15T12:00,10.2,70,2,463.0,747.3,93.0,8.7
2009-03-15T13:00,11.4,61,9,571.0,807.3,102.0,9.3
2009-03-15T14:00,12.5,54,39,631.0,842.6,104.0,11.4
2009-03-15T15:00,13.3,51,71,574.0,673.0,153.0,12.9
2009-03-15T16:00,13.9,48,2,501.0,523.1,197.0,11.6
2009-03-15T17:00,13.8,50,50,384.0,371.4,200.0,11.4
2009-03-15T18:00,13.5,52,53,316.0,603.9,90.0,12.3
2009-03-15T19:00,12.4,59,81,162.0,425.2,66.0,8.3
2009-03-15T20:00,10.4,66,96,34.0,155.6,20.0,8.3
2009-03-15T21:00,9.3,72,99,0.0,0.0,0.0,10.1
2009-03-15T22:00,8.1,77,60,0.0,0.0,0.0,9.7
2009-03-15T23:00,7.1,82,2,0.0,0.0,0.0,9.0
2009-03-16T00:00,6.2,86,0,0.0,0.0,0.0,7.7
2009-03-16T01:00,5.3,89,0,0.0,0.0,0.0,7.3
2009-03-16T02:00,4.5,92,0,0.0,0.0,0.0,7.0
2009-03-16T03:00,3.7,93,0,0.0,0.0,0.0,6.6
2009-03-16T04:00,2.9,95,0,0.0,0.0,0.0,6.6
2009-03-16T05:00,2.3,96,34,0.0,0.0,0.0,7.1
2009-03-16T06:00,1.8,96,72,0.0,0.0,0.0,6.9
2009-03-16T07:00,1.4,97,63,0.0,0.0,0.0,6.6
2009-03-16T08:00,1.0,98,57,0.0,0.0,0.0,6.1
2009-03-16T09:00,1.7,96,60,37.0,194.7,19.0,7.9
2009-03-16T10:00,5.2,88,65,165.0,402.7,72.0,6.4
2009-03-16T11:00,7.4,82,97,329.0,629.6,90.0,6.5
2009-03-16T12:00,9.2,77,93,458.0,662.8,126.0,7.2
2009-03-16T13:00,10.7,71,85,557.0,726.2,131.0,7.1
2009-03-16T14:00,11.8,67,78,627.0,806.8,118.0,7.4
2009-03-16T15:00,12.6,65,32,626.0,805.4,118.0,8.7
2009-03-16T16:00,13.1,64,5,576.0,795.0,110.0,9.7
2009-03-16T17:00,13.3,63,10,474.0,753.6,97.0,10.7
2009-03-16T18:00,13.0,64,4,339.0,694.2,76.0,11.5
2009-03-16T19:00,12.2,68,0,180.0,542.9,55.0,8.4
2009-03-16T20:00,10.3,76,1,38.0,227.7,17.0,7.7
2009-03-16T21:00,9.2,77,7,0.0,0.0,0.0,8.1
2009-03-16T22:00,8.0,82,2,0.0,0.0,0.0,7.7
2009-03-16T23:00,6.8,88,0,0.0,0.0,0.0,8.0
2009-03-17T00:00,5.5,92,0,0.0,0.0,0.0,8.7
2009-03-17T01:00,4.4,94,0,0.0,0.0,0.0,9.2
2009-03-17T02:00,3.5,96,0,0.0,0.0,0.0,9.4
2009-03-17T03:00,2.8,97,0,0.0,0.0,0.0,9.0
2009-03-17T04:00,2.2,97,1,0.0,0.0,0.0,8.5
2009-03-17T05:00,1.7,98,19,0.0,0.0,0.0,8.2
2009-03-17T06:00,1.3,98,47,0.0,0.0,0.0,8.5
2009-03-17T07:00,1.2,98,59,0.0,0.0,0.0,8.1
2009-03-17T08:00,1.1,98,41,0.0,0.0,0.0,6.4
2009-03-17T09:00,2.0,99,27,37.0,136.1,24.0,8.4
2009-03-17T10:00,5.9,91,42,178.0,476.9,65.0,6.6
2009-03-17T11:00,8.7,82,79,340.0,664.1,84.0,7.7
2009-03-17T12:00,10.8,75,85,468.0,688.8,119.0,10.4
2009-03-17T13:00,12.1,70,95,555.0,680.5,152.0,11.6
2009-03-17T14:00,13.1,67,96,606.0,700.9,160.0,11.3
2009-03-17T15:00,13.8,64,96,577.0,581.8,207.0,10.9
2009-03-17T16:00,14.2,63,82,526.0,575.2,186.0,11.5
2009-03-17T17:00,14.4,62,18,456.0,627.7,139.0,13.0
2009-03-17T18:00,14.1,62,3,338.0,652.0,88.0,14.0
2009-03-17T19:00,13.2,67,8,185.0,545.3,57.0,11.5
2009-03-17T20:00,11.3,74,3,41.0,232.9,19.0,11.5
2009-03-17T21:00,10.1,76,3,0.0,0.0,0.0,11.7
2009-03-17T22:00,9.3,79,4,0.0,0.0,0.0,12.2
2009-03-17T23:00,8.4,83,3,0.0,0.0,0.0,12.0
2009-03-18T00:00,7.7,85,6,0.0,0.0,0.0,12.1
2009-03-18T01:00,7.2,87,3,0.0,0.0,0.0,12.0
2009-03-18T02:00,6.7,88,0,0.0,0.0,0.0,12.7
2009-03-18T03:00,6.3,89,0,0.0,0.0,0.0,13.4
2009-03-18T04:00,5.9,89,0,0.0,0.0,0.0,13.8
2009-03-18T05:00,5.4,90,0,0.0,0.0,0.0,13.8
2009-03-18T06:00,4.9,91,0,0.0,0.0,0.0,12.9
2009-03-18T07:00,4.4,91,0,0.0,0.0,0.0,12.3
2009-03-18T08:00,3.9,92,0,0.0,0.0,0.0,12.1
2009-03-18T09:00,4.5,91,0,47.0,274.0,20.0,13.0
2009-03-18T10:00,6.2,83,0,196.0,563.9,59.0,13.4
2009-03-18T11:00,8.2,74,0,361.0,723.0,78.0,13.8
2009-03-18T12:00,10.0,65,0,507.0,811.8,91.0,13.4
2009-03-18T13:00,11.6,58,10,613.0,859.8,99.0,13.4
2009-03-18T14:00,13.0,53,48,668.0,880.5,103.0,13.9
2009-03-18T15:00,13.9,49,40,666.0,879.7,102.0,14.3
2009-03-18T16:00,14.4,46,7,610.0,858.9,98.0,14.5
2009-03-18T17:00,14.4,45,0,505.0,812.1,91.0,15.0
2009-03-18T18:00,14.0,46,0,361.0,729.3,78.0,14.4
2009-03-18T19:00,12.7,53,0,195.0,577.0,57.0,12.0
2009-03-18T20:00,10.5,59,0,46.0,279.2,19.0,10.3
2009-03-18T21:00,9.4,58,0,0.0,0.0,0.0,10.5
2009-03-18T22:00,8.1,61,0,0.0,0.0,0.0,10.3
2009-03-18T23:00,6.9,64,0,0.0,0.0,0.0,9.4
2009-03-19T00:00,5.8,66,0,0.0,0.0,0.0,8.6
2009-03-19T01:00,4.7,69,0,0.0,0.0,0.0,8.1
2009-03-19T02:00,3.6,73,0,0.0,0.0,0.0,8.2
2009-03-19T03:00,2.5,78,2,0.0,0.0,0.0,8.6
2009-03-19T04:00,1.6,81,25,0.0,0.0,0.0,8.7
2009-03-19T05:00,0.9,83,25,0.0,0.0,0.0,8.1
2009-03-19T06:00,0.4,84,32,0.0,0.0,0.0,6.9
2009-03-19T07:00,-0.1,85,21,0.0,0.0,0.0,6.9
2009-03-19T08:00,-0.4,85,2,0.0,0.0,0.0,7.0
2009-03-19T09:00,0.6,83,0,54.0,314.9,22.0,8.4
2009-03-19T10:00,4.9,68,0,209.0,610.5,57.0,7.9
2009-03-19T11:00,7.9,59,24,372.0,737.4,79.0,8.6
2009-03-19T12:00,10.2,52,0,505.0,771.8,105.0,9.3
2009-03-19T13:00,11.9,46,0,615.0,856.8,98.0,10.4
2009-03-19T14:00,13.1,40,0,669.0,877.8,101.0,12.0
2009-03-19T15:00,13.7,37,0,670.0,878.9,102.0,13.0
2009-03-19T16:00,13.9,36,0,615.0,861.9,97.0,15.3
2009-03-19T17:00,13.7,38,0,510.0,816.3,90.0,16.9
2009-03-19T18:00,13.3,43,0,365.0,733.6,77.0,15.3
2009-03-19T19:00,12.2,51,0,199.0,578.8,58.0,13.7
2009-03-19T20:00,10.3,59,0,49.0,283.1,21.0,14.7
2009-03-19T21:00,9.4,62,0,0.0,0.0,0.0,16.3
2009-03-19T22:00,8.3,68,0,0.0,0.0,0.0,16.8
2009-03-19T23:00,7.4,71,0,0.0,0.0,0.0,16.3
2009-03-20T00:00,6.5,72,0,0.0,0.0,0.0,16.4
2009-03-20T01:00,5.7,73,0,0.0,0.0,0.0,14.5
2009-03-20T02:00,4.9,73,0,0.0,0.0,0.0,13.5
2009-03-20T03:00,4.2,74,0,0.0,0.0,0.0,13.3
2009-03-20T04:00,3.6,74,0,0.0,0.0,0.0,12.9
2009-03-20T05:00,3.0,74,0,0.0,0.0,0.0,12.4
2009-03-20T06:00,2.6,74,0,0.0,0.0,0.0,11.9
2009-03-20T07:00,2.1,75,2,0.0,0.0,0.0,11.3
2009-03-20T08:00,1.6,78,0,0.0,0.0,0.0,10.6
2009-03-20T09:00,2.2,78,5,57.0,324.8,23.0,12.1
2009-03-20T10:00,4.4,70,56,213.0,599.9,60.0,12.1
2009-03-20T11:00,6.4,63,78,379.0,736.4,82.0,13.7
2009-03-20T12:00,7.9,53,87,518.0,793.9,102.0,14.1
2009-03-20T13:00,8.8,49,89,622.0,849.0,105.0,15.3
2009-03-20T14:00,9.5,47,77,673.0,856.8,114.0,14.8
2009-03-20T15:00,10.0,46,48,674.0,873.6,105.0,14.5
2009-03-20T16:00,10.2,45,0,616.0,848.3,102.0,14.7
2009-03-20T17:00,10.2,45,0,512.0,810.9,91.0,15.0
2009-03-20T18:00,9.8,45,0,368.0,730.3,78.0,15.2
2009-03-20T19:00,9.0,49,0,203.0,580.6,59.0,12.1
2009-03-20T20:00,7.4,54,0,51.0,296.7,21.0,8.4
2009-03-20T21:00,6.6,55,0,0.0,0.0,0.0,8.1
2009-03-20T22:00,5.3,59,0,0.0,0.0,0.0,7.9
2009-03-20T23:00,4.1,63,0,0.0,0.0,0.0,7.3
2009-03-21T00:00,3.0,66,0,0.0,0.0,0.0,9.0
2009-03-21T01:00,1.7,72,0,0.0,0.0,0.0,10.0
2009-03-21T02:00,0.9,73,0,0.0,0.0,0.0,9.4
2009-03-21T03:00,0.3,73,0,0.0,0.0,0.0,9.6
2009-03-21T04:00,-0.1,73,0,0.0,0.0,0.0,9.5
2009-03-21T05:00,-0.1,71,0,0.0,0.0,0.0,8.4
2009-03-21T06:00,-0.6,74,0,0.0,0.0,0.0,7.2
2009-03-21T07:00,-1.3,77,0,0.0,0.0,0.0,7.1
2009-03-21T08:00,-1.6,78,0,0.0,0.0,0.0,7.0
2009-03-21T09:00,-0.3,77,0,61.0,334.1,25.0,6.1
2009-03-21T10:00,3.1,67,0,218.0,605.2,60.0,4.1
2009-03-21T11:00,5.7,50,0,384.0,745.3,79.0,5.8
2009-03-21T12:00,7.2,45,0,527.0,821.1,92.0,6.3
2009-03-21T13:00,8.4,44,0,629.0,862.5,99.0,6.4
2009-03-21T14:00,9.3,44,0,682.0,880.3,103.0,6.6
2009-03-21T15:00,10.0,44,0,680.0,879.0,103.0,7.6
2009-03-21T16:00,10.5,44,0,623.0,857.9,99.0,8.1
2009-03-21T17:00,10.7,44,0,518.0,815.1,91.0,8.7
2009-03-21T18:00,10.5,44,0,373.0,734.5,78.0,9.5
2009-03-21T19:00,9.9,50,0,207.0,586.3,59.0,5.8
2009-03-21T20:00,8.6,55,0,55.0,309.7,23.0,9.8
2009-03-21T21:00,6.9,60,0,0.0,0.0,0.0,10.1
2009-03-21T22:00,4.9,69,0,0.0,0.0,0.0,9.4
2009-03-21T23:00,3.4,75,0,0.0,0.0,0.0,8.6
2009-03-22T00:00,2.5,80,0,0.0,0.0,0.0,8.0
2009-03-22T01:00,1.8,83,0,0.0,0.0,0.0,8.9
2009-03-22T02:00,1.2,86,0,0.0,0.0,0.0,8.7
2009-03-22T03:00,0.6,87,0,0.0,0.0,0.0,8.2
2009-03-22T04:00,0.0,87,1,0.0,0.0,0.0,7.1
2009-03-22T05:00,-0.4,88,7,0.0,0.0,0.0,7.4
2009-03-22T06:00,-0.5,88,22,0.0,0.0,0.0,8.0
2009-03-22T07:00,-0.1,88,29,0.0,0.0,0.0,7.9
2009-03-22T08:00,0.8,88,14,0.0,0.0,0.0,8.4
2009-03-22T09:00,2.2,92,10,62.0,315.9,27.0,12.1
2009-03-22T10:00,5.1,87,30,206.0,527.9,65.0,13.0
2009-03-22T11:00,6.4,83,98,317.0,505.9,107.0,15.6
2009-03-22T12:00,6.9,80,100,332.0,188.6,231.0,14.8
2009-03-22T13:00,7.4,78,100,377.0,174.2,269.0,15.3
2009-03-22T14:00,8.1,76,100,395.0,161.4,288.0,15.6
2009-03-22T15:00,8.5,74,100,362.0,136.1,272.0,15.3
2009-03-22T16:00,8.7,73,100,287.0,71.5,243.0,14.4
2009-03-22T17:00,9.1,71,100,269.0,107.9,212.0,13.7
2009-03-22T18:00,9.0,70,100,165.0,39.4,149.0,13.1
2009-03-22T19:00,8.9,68,99,96.0,42.8,85.0,12.6
2009-03-22T20:00,8.4,71,94,21.0,9.5,20.0,8.0
2009-03-22T21:00,7.5,74,83,0.0,0.0,0.0,6.3
2009-03-22T22:00,6.8,78,60,0.0,0.0,0.0,5.7
2009-03-22T23:00,6.0,81,29,0.0,0.0,0.0,6.6
2009-03-23T00:00,5.1,86,15,0.0,0.0,0.0,7.3
2009-03-23T01:00,4.3,89,18,0.0,0.0,0.0,8.7
2009-03-23T02:00,3.8,90,14,0.0,0.0,0.0,9.9
2009-03-23T03:00,3.6,91,10,0.0,0.0,0.0,10.5
2009-03-23T04:00,3.5,90,14,0.0,0.0,0.0,11.5
2009-03-23T05:00,3.8,88,9,0.0,0.0,0.0,12.3
2009-03-23T06:00,3.8,90,7,0.0,0.0,0.0,12.4
2009-03-23T07:00,3.6,93,1,0.0,0.0,0.0,12.6
2009-03-23T08:00,3.4,95,15,0.0,0.0,0.0,13.6
2009-03-23T09:00,4.3,94,61,57.0,263.5,27.0,15.2
2009-03-23T10:00,5.6,89,98,145.0,186.7,94.0,18.0
2009-03-23T11:00,6.8,84,98,211.0,85.5,175.0,17.6
2009-03-23T12:00,8.5,76,68,362.0,203.3,252.0,19.5
2009-03-23T13:00,10.1,69,83,424.0,329.3,218.0,21.6
2009-03-23T14:00,11.4,61,78,440.0,275.3,256.0,22.3
2009-03-23T15:00,12.6,57,61,561.0,489.1,235.0,22.0
2009-03-23T16:00,13.4,56,50,582.0,672.1,165.0,24.5
2009-03-23T17:00,13.6,55,38,502.0,718.4,119.0,26.3
2009-03-23T18:00,13.2,57,57,358.0,621.1,103.0,26.9
2009-03-23T19:00,11.8,62,88,185.0,432.7,72.0,25.4
2009-03-23T20:00,10.0,67,97,53.0,250.8,26.0,26.9
2009-03-23T21:00,9.1,71,99,0.0,0.0,0.0,27.2
2009-03-23T22:00,8.7,73,100,0.0,0.0,0.0,26.6
2009-03-23T23:00,8.5,76,100,0.0,0.0,0.0,25.8
2009-03-24T00:00,8.0,81,100,0.0,0.0,0.0,25.3
2009-03-24T01:00,7.0,82,96,0.0,0.0,0.0,23.6
2009-03-24T02:00,6.0,79,27,0.0,0.0,0.0,20.4
2009-03-24T03:00,5.1,78,16,0.0,0.0,0.0,20.6
2009-03-24T04:00,4.3,77,20,0.0,0.0,0.0,20.7
2009-03-24T05:00,3.9,77,23,0.0,0.0,0.0,20.7
2009-03-24T06:00,3.6,77,39,0.0,0.0,0.0,20.6
2009-03-24T07:00,3.2,78,25,0.0,0.0,0.0,19.6
2009-03-24T08:00,2.9,79,16,1.0,0.0,1.0,19.1
2009-03-24T09:00,3.5,78,20,69.0,307.9,33.0,19.1
2009-03-24T10:00,4.9,72,4,219.0,508.8,77.0,21.6
2009-03-24T11:00,6.4,63,80,387.0,693.5,91.0,30.6
2009-03-24T12:00,6.9,61,47,290.0,181.0,191.0,25.6
2009-03-24T13:00,7.4,59,42,351.0,261.5,186.0,25.1
2009-03-24T14:00,7.9,58,70,399.0,245.0,234.0,24.7
2009-03-24T15:00,8.3,55,64,354.0,137.0,262.0,23.7
2009-03-24T16:00,8.9,50,62,406.0,343.9,191.0,24.1
2009-03-24T17:00,9.0,48,70,369.0,399.9,154.0,24.1
2009-03-24T18:00,8.7,48,64,276.0,296.4,153.0,22.9
2009-03-24T19:00,8.1,50,11,203.0,504.7,69.0,18.7
2009-03-24T20:00,6.8,54,2,64.0,327.8,28.0,13.5
2009-03-24T21:00,5.2,60,0,0.0,0.0,0.0,9.2
2009-03-24T22:00,4.1,65,35,0.0,0.0,0.0,9.3
2009-03-24T23:00,3.4,70,92,0.0,0.0,0.0,10.5
2009-03-25T00:00,2.9,73,90,0.0,0.0,0.0,9.4
2009-03-25T01:00,2.5,77,100,0.0,0.0,0.0,9.3
2009-03-25T02:00,2.6,79,100,0.0,0.0,0.0,11.1
2009-03-25T03:00,3.3,76,100,0.0,0.0,0.0,13.3
2009-03-25T04:00,3.6,76,100,0.0,0.0,0.0,15.3
2009-03-25T05:00,3.7,76,100,0.0,0.0,0.0,17.3
2009-03-25T06:00,3.8,78,100,0.0,0.0,0.0,18.9
2009-03-25T07:00,4.0,81,100,0.0,0.0,0.0,21.5
2009-03-25T08:00,3.9,88,100,0.0,0.0,0.0,22.7
2009-03-25T09:00,4.8,87,100,9.0,0.0,9.0,24.5
2009-03-25T10:00,5.4,88,100,21.0,0.0,21.0,25.6
2009-03-25T11:00,6.2,88,100,53.0,0.0,53.0,26.0
2009-03-25T12:00,7.3,88,100,131.0,14.5,123.0,20.1
2009-03-25T13:00,8.7,84,85,218.0,80.1,167.0,20.5
2009-03-25T14:00,9.9,76,44,366.0,280.0,176.0,22.0
2009-03-25T15:00,10.7,66,48,507.0,560.3,128.0,25.8
2009-03-25T16:00,10.9,59,44,483.0,525.5,152.0,29.2
2009-03-25T17:00,10.6,59,41,354.0,420.5,126.0,31.6
2009-03-25T18:00,10.3,58,41,290.0,441.1,105.0,30.1
2009-03-25T19:00,9.6,61,53,144.0,270.6,71.0,26.9
2009-03-25T20:00,8.9,64,42,50.0,241.1,23.0,24.5
2009-03-25T21:00,8.1,68,40,0.0,0.0,0.0,22.9
2009-03-25T22:00,7.6,71,42,0.0,0.0,0.0,21.4
2009-03-25T23:00,7.3,74,38,0.0,0.0,0.0,20.3
2009-03-26T00:00,7.1,76,30,0.0,0.0,0.0,17.7
2009-03-26T01:00,6.4,80,31,0.0,0.0,0.0,17.1
2009-03-26T02:00,6.2,82,40,0.0,0.0,0.0,17.4
2009-03-26T03:00,5.8,84,41,0.0,0.0,0.0,17.0
2009-03-26T04:00,5.5,86,59,0.0,0.0,0.0,15.5
2009-03-26T05:00,4.9,89,96,0.0,0.0,0.0,15.1
2009-03-26T06:00,4.5,90,99,0.0,0.0,0.0,14.2
2009-03-26T07:00,4.5,90,100,0.0,0.0,0.0,13.5
2009-03-26T08:00,4.6,90,100,1.0,0.0,1.0,13.9
2009-03-26T09:00,5.6,86,99,24.0,0.0,24.0,15.7
2009-03-26T10:00,6.6,84,95,105.0,37.8,94.0,16.9
2009-03-26T11:00,8.5,72,97,277.0,250.9,167.0,24.0
2009-03-26T12:00,8.4,74,98,173.0,53.8,143.0,24.4
2009-03-26T13:00,9.1,70,100,263.0,120.0,186.0,27.1
2009-03-26T14:00,9.3,70,100,193.0,14.6,183.0,29.8
2009-03-26T15:00,9.9,68,100,188.0,19.1,175.0,28.2
2009-03-26T16:00,10.5,65,100,156.0,3.2,154.0,26.6
2009-03-26T17:00,10.8,63,100,139.0,5.5,136.0,26.7
2009-03-26T18:00,10.5,65,100,87.0,2.4,86.0,25.2
2009-03-26T19:00,9.7,71,100,43.0,0.0,43.0,24.8
2009-03-26T20:00,9.2,75,99,22.0,8.8,21.0,25.0
2009-03-26T21:00,9.2,76,100,0.0,0.0,0.0,25.5
2009-03-26T22:00,9.1,78,100,0.0,0.0,0.0,25.7
2009-03-26T23:00,9.0,80,100,0.0,0.0,0.0,25.8
2009-03-27T00:00,8.8,83,99,0.0,0.0,0.0,26.4
2009-03-27T01:00,8.3,87,88,0.0,0.0,0.0,22.9
2009-03-27T02:00,8.2,88,77,0.0,0.0,0.0,20.8
2009-03-27T03:00,7.8,89,52,0.0,0.0,0.0,17.3
2009-03-27T04:00,7.3,85,54,0.0,0.0,0.0,17.0
2009-03-27T05:00,6.6,84,23,0.0,0.0,0.0,16.3
2009-03-27T06:00,5.7,86,31,0.0,0.0,0.0,16.0
2009-03-27T07:00,5.4,86,79,0.0,0.0,0.0,15.9
2009-03-27T08:00,5.1,88,97,2.0,0.0,2.0,16.3
2009-03-27T09:00,5.3,87,93,48.0,106.3,34.0,16.1
2009-03-27T10:00,6.3,81,100,185.0,316.7,91.0,22.0
2009-03-27T11:00,7.2,74,99,271.0,319.7,129.0,23.6
2009-03-27T12:00,8.3,70,99,446.0,484.5,173.0,19.6
2009-03-27T13:00,8.8,69,64,443.0,372.5,202.0,22.0
2009-03-27T14:00,9.8,64,70,580.0,604.0,164.0,24.3
2009-03-27T15:00,10.3,61,70,588.0,603.4,174.0,24.8
2009-03-27T16:00,10.2,60,61,455.0,450.6,167.0,23.6
2009-03-27T17:00,10.6,59,44,491.0,665.9,124.0,23.5
2009-03-27T18:00,10.0,59,50,344.0,553.7,107.0,22.9
2009-03-27T19:00,9.2,63,49,174.0,309.0,88.0,18.7
2009-03-27T20:00,8.6,66,68,54.0,206.5,30.0,16.8
2009-03-27T21:00,8.2,67,87,1.0,0.0,1.0,18.1
2009-03-27T22:00,7.6,73,81,0.0,0.0,0.0,18.4
2009-03-27T23:00,7.2,78,75,0.0,0.0,0.0,18.7
2009-03-28T00:00,6.9,80,59,0.0,0.0,0.0,17.9
2009-03-28T01:00,6.7,82,84,0.0,0.0,0.0,19.7
2009-03-28T02:00,6.7,83,83,0.0,0.0,0.0,21.2
2009-03-28T03:00,6.7,84,97,0.0,0.0,0.0,23.3
2009-03-28T04:00,6.7,86,100,0.0,0.0,0.0,24.7
2009-03-28T05:00,6.2,92,100,0.0,0.0,0.0,24.2
2009-03-28T06:00,6.0,93,100,0.0,0.0,0.0,21.3
2009-03-28T07:00,5.5,93,100,0.0,0.0,0.0,18.6
2009-03-28T08:00,4.8,92,92,1.0,0.0,1.0,18.8
2009-03-28T09:00,4.8,91,92,44.0,43.6,38.0,17.8
2009-03-28T10:00,5.2,87,58,158.0,191.6,100.0,18.5
2009-03-28T11:00,6.3,75,56,305.0,458.0,99.0,22.3
2009-03-28T12:00,7.9,61,85,443.0,525.5,144.0,20.8
2009-03-28T13:00,8.9,52,43,498.0,519.8,159.0,22.9
2009-03-28T14:00,9.6,54,56,586.0,605.4,166.0,23.7
2009-03-28T15:00,10.0,62,72,581.0,612.3,158.0,21.7
2009-03-28T16:00,10.5,65,86,557.0,553.1,201.0,20.1
2009-03-28T17:00,8.2,72,70,353.0,297.0,188.0,21.7
2009-03-28T18:00,7.9,71,64,288.0,377.0,125.0,18.4
2009-03-28T19:00,7.7,69,52,178.0,307.9,91.0,15.9
2009-03-28T20:00,7.0,74,48,61.0,202.8,37.0,12.0
2009-03-28T21:00,6.0,77,20,1.0,0.0,1.0,9.9
2009-03-28T22:00,5.1,81,17,0.0,0.0,0.0,9.9
2009-03-28T23:00,4.4,84,6,0.0,0.0,0.0,10.0
2009-03-29T00:00,3.6,87,26,0.0,0.0,0.0,9.7
2009-03-29T01:00,3.0,89,8,0.0,0.0,0.0,9.2
2009-03-29T02:00,2.4,90,3,0.0,0.0,0.0,9.3
2009-03-29T03:00,1.9,92,1,0.0,0.0,0.0,9.4
2009-03-29T04:00,1.4,93,0,0.0,0.0,0.0,9.3
2009-03-29T05:00,0.9,94,1,0.0,0.0,0.0,8.2
2009-03-29T06:00,0.6,94,0,0.0,0.0,0.0,8.1
2009-03-29T07:00,0.2,95,12,0.0,0.0,0.0,9.1
2009-03-29T08:00,0.1,95,34,4.0,19.1,3.0,9.9
2009-03-29T09:00,1.9,94,55,91.0,341.2,42.0,11.7
2009-03-29T10:00,4.1,83,60,215.0,343.7,109.0,16.6
2009-03-29T11:00,5.2,76,90,283.0,300.9,146.0,16.6
2009-03-29T12:00,6.4,68,99,356.0,242.0,217.0,14.0
2009-03-29T13:00,7.3,62,100,367.0,167.3,257.0,13.8
2009-03-29T14:00,7.9,58,96,343.0,146.0,241.0,12.5
2009-03-29T15:00,8.3,56,81,303.0,54.6,265.0,11.7
2009-03-29T16:00,8.7,53,54,372.0,307.0,173.0,10.5
2009-03-29T17:00,9.0,51,40,399.0,376.9,188.0,10.2
2009-03-29T18:00,8.9,51,53,315.0,414.6,134.0,10.6
2009-03-29T19:00,8.5,54,27,197.0,446.4,69.0,9.5
2009-03-29T20:00,7.6,58,29,69.0,281.8,35.0,6.8
2009-03-29T21:00,6.2,64,18,1.0,0.0,1.0,7.2
2009-03-29T22:00,5.2,68,17,0.0,0.0,0.0,7.6
2009-03-29T23:00,4.1,73,0,0.0,0.0,0.0,7.3
2009-03-30T00:00,3.0,78,0,0.0,0.0,0.0,8.3
2009-03-30T01:00,2.0,82,0,0.0,0.0,0.0,7.9
2009-03-30T02:00,1.1,85,0,0.0,0.0,0.0,7.4
2009-03-30T03:00,0.2,88,0,0.0,0.0,0.0,7.1
2009-03-30T04:00,-0.6,89,0,0.0,0.0,0.0,7.4
2009-03-30T05:00,-1.2,89,0,0.0,0.0,0.0,7.4
2009-03-30T06:00,-1.8,90,1,0.0,0.0,0.0,7.6
2009-03-30T07:00,-2.2,90,2,0.0,0.0,0.0,8.3
2009-03-30T08:00,-2.3,90,4,5.0,38.2,3.0,6.9
2009-03-30T09:00,0.5,88,20,105.0,441.6,39.0,7.1
2009-03-30T10:00,4.2,71,26,258.0,576.2,77.0,6.5
2009-03-30T11:00,6.3,63,17,412.0,646.6,114.0,7.1
2009-03-30T12:00,7.9,55,10,574.0,795.3,113.0,8.3
2009-03-30T13:00,9.1,49,55,694.0,895.2,101.0,9.3
2009-03-30T14:00,9.6,46,80,598.0,544.4,215.0,10.7
2009-03-30T15:00,9.6,47,90,497.0,342.8,257.0,11.6
2009-03-30T16:00,9.8,46,92,458.0,295.7,265.0,12.9
2009-03-30T17:00,9.3,48,82,266.0,189.7,159.0,13.3
2009-03-30T18:00,9.0,50,94,204.0,192.8,119.0,12.4
2009-03-30T19:00,8.5,54,64,127.0,134.1,88.0,10.3
2009-03-30T20:00,7.5,58,45,72.0,240.3,42.0,8.5
2009-03-30T21:00,6.7,59,9,2.0,0.0,2.0,8.6
2009-03-30T22:00,5.5,64,0,0.0,0.0,0.0,9.1
2009-03-30T23:00,4.5,67,0,0.0,0.0,0.0,9.1
2009-03-31T00:00,3.7,70,2,0.0,0.0,0.0,9.1
2009-03-31T01:00,3.1,72,9,0.0,0.0,0.0,9.4
2009-03-31T02:00,2.7,74,16,0.0,0.0,0.0,10.7
2009-03-31T03:00,2.5,75,21,0.0,0.0,0.0,11.5
2009-03-31T04:00,2.3,77,28,0.0,0.0,0.0,11.6
2009-03-31T05:00,2.0,78,29,0.0,0.0,0.0,12.1
2009-03-31T06:00,1.8,80,32,0.0,0.0,0.0,11.9
2009-03-31T07:00,1.4,82,43,0.0,0.0,0.0,11.8
2009-03-31T08:00,1.3,83,35,7.0,38.2,5.0,12.2
2009-03-31T09:00,3.2,80,13,95.0,315.7,46.0,12.8
2009-03-31T10:00,5.7,71,1,266.0,575.4,82.0,12.5
2009-03-31T11:00,8.2,65,0,446.0,774.1,85.0,13.0
2009-03-31T12:00,10.5,59,0,587.0,841.1,95.0,13.0
2009-03-31T13:00,12.0,51,0,687.0,878.0,101.0,15.3
2009-03-31T14:00,12.7,47,0,737.0,892.3,105.0,17.4
2009-03-31T15:00,13.2,47,0,735.0,898.2,102.0,17.1
2009-03-31T16:00,13.3,47,0,657.0,820.4,118.0,17.1
2009-03-31T17:00,13.3,47,0,557.0,789.9,108.0,17.6
2009-03-31T18:00,13.0,48,0,398.0,660.8,104.0,17.9
2009-03-31T19:00,12.3,52,0,244.0,572.8,75.0,14.6
2009-03-31T20:00,10.7,57,0,88.0,418.6,34.0,13.0
2009-03-31T21:00,9.2,60,0,2.0,19.1,1.0,13.8
2009-03-31T22:00,8.2,64,0,0.0,0.0,0.0,15.4
2009-03-31T23:00,7.5,67,1,0.0,0.0,0.0,16.8
